7.73,3.80,2.79,-0.01,-0.01,-0.00
8.28,4.90,3.02,0.03,0.66,-0.71
8.04,5.22,1.69,0.37,-0.64,-0.79
7.18,7.45,5.33,-0.14,0.13,-0.23
8.43,5.14,3.77,0.12,-0.04,-0.06
8.47,5.30,3.73,0.22,-0.06,-0.16
7.57,5.84,3.06,-0.38,0.37,0.01
8.04,5.26,1.45,-0.29,0.21,0.22
8.08,4.90,3.77,-0.35,0.42,0.28
8.24,3.37,3.92,-0.09,0.08,-0.11
7.37,4.82,1.77,0.25,-0.23,-0.45
8.32,6.16,3.02,0.72,-0.14,-0.45
7.85,4.94,0.39,-0.28,0.29,0.21
7.81,4.71,3.61,-0.49,0.55,0.24
7.85,3.26,2.63,-0.25,0.34,0.08
7.69,2.82,5.33,-0.24,0.41,-0.05
7.53,5.45,4.82,-0.27,-0.07,-0.26
8.51,4.98,2.59,-0.19,0.00,0.16
8.43,5.69,1.88,-0.23,0.24,0.13
8.39,5.69,1.53,0.06,0.54,0.42
8.36,5.81,3.06,0.85,0.69,0.61
8.16,5.14,3.57,1.11,0.40,0.76
8.32,3.69,2.94,1.20,0.27,0.75
8.24,3.26,3.69,1.62,0.08,0.61
8.32,4.12,4.63,2.13,-0.14,0.39
8.16,2.47,2.16,1.65,-1.16,0.61
7.61,1.96,1.45,1.44,-1.17,0.22
8.28,3.84,0.51,1.42,-1.17,-0.19
8.08,5.33,2.35,1.56,-1.09,-0.67
6.86,3.96,1.06,1.27,-2.08,-0.26
8.67,4.20,-2.86,0.69,-1.89,-0.13
8.51,3.73,-1.26,0.62,-0.23,-0.36
7.61,4.12,0.90,0.88,-0.56,-0.66
8.63,6.79,-1.33,0.28,-0.82,-0.86
7.22,6.86,0.04,-0.72,0.05,-0.40
8.36,6.43,1.06,-0.57,0.11,-0.11
8.00,5.77,1.18,-0.26,-0.19,-0.31
7.92,6.47,1.06,-0.59,-0.36,-0.40
7.49,5.81,0.24,-1.01,-0.32,-0.46
6.98,8.16,0.12,-1.01,0.02,-0.55
8.28,7.34,1.18,-0.73,0.36,-0.45
7.81,7.69,1.06,-0.47,0.08,-0.38
7.14,6.28,0.16,-0.55,0.15,-0.45
7.45,6.83,1.26,-0.51,0.75,-0.73
6.47,7.53,4.71,-0.51,0.53,-0.45
6.35,5.30,2.20,-0.92,-0.20,0.43
9.81,0.00,-2.31,-0.80,-0.27,0.23
5.57,8.36,3.80,0.66,-0.20,-0.79
6.47,11.77,3.96,-0.23,-1.12,-0.14
5.02,5.18,1.45,-1.32,-1.13,1.13
4.71,2.94,1.49,-0.87,-1.37,0.53
5.22,5.88,1.80,-0.60,-1.37,-0.15
5.53,4.31,-1.18,-1.51,-1.53,0.46
5.73,3.02,-0.39,-2.37,-0.63,0.10
6.79,3.14,0.16,-2.05,-1.05,-0.50
7.69,7.49,1.06,-1.59,-1.33,-1.30
5.96,10.55,-0.71,-0.30,-2.52,-1.49
4.82,6.63,-5.69,1.12,-4.17,-1.13
5.65,9.57,-7.02,0.71,-3.87,-1.23
5.84,9.10,-7.69,-1.07,-2.12,-0.48
4.63,8.20,-3.61,-0.76,-1.40,-0.64
4.59,6.20,-2.51,-0.05,-1.75,-1.01
3.92,9.81,-3.73,-0.42,-1.99,-0.85
2.86,9.38,-2.31,-0.23,-1.87,-0.55
2.39,8.04,-4.98,0.42,-2.61,-0.34
1.96,9.22,-5.10,0.01,-1.98,-0.59
0.51,8.47,-4.82,-0.05,-1.78,-0.70
0.63,8.67,-5.96,-0.79,-1.29,-0.61
0.51,9.38,-3.49,-2.18,0.02,-0.45
0.12,8.16,-2.39,-2.36,0.01,-0.56
0.04,10.16,-0.71,-1.57,-0.27,-1.54
0.24,10.08,-2.51,-1.94,-0.68,-1.29
-0.86,11.92,-2.55,-2.38,-0.33,-1.41
-0.75,10.67,-4.00,-2.81,0.09,-0.89
-0.12,8.47,-2.12,-2.68,0.96,-1.52
-0.82,12.08,0.78,-2.25,1.36,-2.33
0.00,14.47,1.18,-1.72,1.21,-2.52
-0.94,11.73,0.43,-0.75,0.66,-2.31
-1.65,9.45,-1.18,1.00,-0.27,-2.44
-0.47,15.69,-1.02,-0.03,-0.07,-2.64
0.86,17.65,-0.27,-1.55,0.68,-1.32
-0.67,10.40,0.59,-2.08,0.93,0.17
-0.35,10.24,1.22,-0.99,0.68,-0.34
0.86,14.51,2.35,-0.62,0.53,-0.51
-0.82,11.61,3.26,0.32,-0.02,0.02
-1.22,9.53,1.37,2.34,-1.23,-0.51
-1.02,11.65,-1.73,2.23,-1.65,-0.34
-1.14,11.77,-2.31,0.20,-0.53,0.69
-1.77,10.71,1.06,-1.68,0.50,1.43
-3.14,6.24,-0.51,-2.07,0.49,1.23
-2.51,10.59,2.39,-0.85,0.91,0.24
-2.55,9.45,1.10,-0.24,0.14,0.56
-3.45,8.90,-0.24,0.34,0.16,0.39
-3.61,8.94,-0.16,0.37,0.51,0.19
-3.41,8.83,1.53,-0.01,0.86,0.13
-3.06,9.14,2.16,-0.43,0.88,0.22
-3.30,7.61,2.71,-0.29,0.72,0.39
-3.53,7.18,2.67,0.10,0.54,0.17
-2.98,6.63,1.37,0.17,0.40,0.13
-2.98,5.77,2.16,0.11,0.65,-0.01
-2.98,5.02,2.35,-0.31,0.65,0.11
-3.96,5.02,4.08,-0.79,0.97,-0.13
-4.28,6.04,4.59,-0.94,1.11,-0.73
-4.71,5.88,5.30,-0.91,1.25,-1.06
-5.10,7.34,6.67,-0.52,0.91,-1.30
-6.08,7.34,8.59,-0.50,0.38,-1.45
-8.55,5.92,6.67,-0.55,-0.47,-1.59
-7.65,9.53,3.61,-0.83,-0.02,-2.59
-6.59,12.67,5.77,-1.24,0.50,-2.42
-7.14,11.61,5.69,-1.04,0.36,-2.17
-6.47,10.40,4.20,-0.89,-0.06,-1.57
-5.73,10.04,1.84,-0.72,-0.06,-1.47
-5.37,8.90,1.61,-0.31,0.37,-1.20
-5.22,7.37,3.92,0.22,0.58,-1.27
-5.45,7.41,3.14,-0.03,0.29,-1.12
-6.32,6.83,0.98,-0.51,-0.08,-0.73
-6.39,6.90,1.29,-0.30,0.12,-0.87
-6.08,7.92,1.88,-0.50,0.35,-0.90
-6.12,7.81,2.16,-1.33,0.63,-0.51
-5.92,8.67,2.35,-1.69,0.96,-0.51
-5.69,9.06,3.45,-1.60,1.08,-0.47
-5.45,8.94,3.69,-1.35,0.85,-0.26
-5.65,8.36,3.84,-1.07,0.50,-0.10
-6.20,8.20,2.55,-0.75,0.27,0.02
-6.59,9.18,2.20,-0.65,0.35,0.20
-7.10,9.18,2.28,-0.34,0.37,0.50
-8.90,7.73,2.31,-0.32,0.35,0.69
-9.57,8.20,1.57,-0.56,0.49,0.56
-9.49,10.47,2.20,-0.87,0.84,0.63
-8.63,11.14,2.90,-1.08,0.97,1.02
-8.08,11.69,2.75,-1.35,0.96,1.60
-10.00,9.53,2.31,-1.30,0.84,2.05
-11.53,7.61,1.10,-0.63,0.50,2.12
-11.10,9.34,-0.35,-0.80,0.69,2.14
-10.83,9.92,0.86,-1.34,1.18,2.46
-9.85,5.92,2.00,-1.37,1.21,2.84
-8.59,6.94,1.57,-0.85,0.81,2.41
-8.32,7.06,0.12,-0.41,0.46,2.40
-8.59,4.75,-0.78,0.01,0.54,2.47
-8.04,0.67,-0.16,-0.04,0.79,1.83
-7.53,2.31,0.20,-0.25,0.80,1.30
-7.30,2.59,-0.20,-0.66,0.81,0.98
-6.98,1.96,0.59,-0.60,0.88,0.38
-7.69,2.51,1.45,-0.29,0.72,-0.10
-8.43,3.84,1.22,-0.03,0.53,-0.75
-9.92,4.08,3.18,-0.22,0.64,-1.02
-11.41,4.20,4.39,-0.77,0.67,-1.27
-11.57,4.28,2.90,-0.29,0.24,-2.02
-9.26,6.79,2.08,0.16,0.28,-2.40
-7.96,8.47,5.02,-0.84,1.14,-2.11
-7.49,8.55,7.34,-1.84,1.43,-1.42
-7.69,5.57,7.57,-1.66,1.19,-1.02
-8.63,3.33,4.59,0.30,-0.11,-1.34
-7.96,7.49,2.94,0.49,-0.28,-1.75
-7.49,5.88,3.57,-0.30,0.09,-1.29
-7.10,5.02,4.08,-0.62,0.17,-1.10
-6.63,6.39,3.41,-0.56,-0.03,-1.03
-6.67,6.39,3.14,-0.63,-0.02,-0.92
-6.55,6.71,2.90,-0.67,0.00,-0.80
-6.59,7.02,2.63,-0.76,0.08,-0.64
-6.43,7.69,2.08,-0.81,0.09,-0.47
-5.69,9.45,1.73,-0.82,0.28,-0.16
-5.61,8.71,2.04,-0.78,0.46,0.31
-5.77,8.87,2.79,-0.80,0.53,0.52
-7.14,8.67,3.06,-1.09,0.49,0.91
-8.87,9.22,2.35,-1.06,0.39,1.09
-10.24,9.18,3.37,-0.98,0.38,1.33
-12.16,9.10,2.98,-0.89,0.15,1.42
-11.77,11.73,2.20,-0.66,0.16,1.46
-10.98,11.41,3.02,-0.49,0.39,1.93
-11.22,11.10,2.63,0.14,0.06,2.35
-12.51,9.30,0.71,0.09,-0.03,2.68
-13.42,7.37,-0.31,-0.47,0.31,3.01
-12.91,6.79,-0.35,-1.21,0.92,3.14
-12.00,4.31,0.98,-1.27,1.15,3.17
-9.53,4.20,2.35,-0.91,1.13,2.67
-8.51,2.90,0.82,-0.47,0.58,2.41
-8.39,2.47,0.63,-0.18,0.55,2.13
-7.65,0.55,-0.08,0.12,0.62,1.52
-6.83,0.16,0.51,0.13,0.73,0.91
-6.75,0.86,0.98,-0.05,0.70,0.58
-7.02,0.59,0.90,-0.26,0.67,0.10
-7.57,2.28,1.14,-0.19,0.69,-0.53
-8.79,2.94,1.84,0.04,0.69,-0.85
-9.34,4.67,2.98,0.29,0.67,-1.43
-11.41,5.02,5.33,0.03,0.65,-1.55
-12.32,4.82,4.94,0.03,0.03,-1.82
-11.53,6.32,2.98,0.73,-0.61,-2.44
-9.02,8.67,2.59,0.71,-0.37,-2.52
-9.45,7.14,3.49,0.13,-0.15,-1.97
-9.69,8.00,4.35,-0.41,0.17,-1.74
-8.83,6.79,4.51,-0.29,0.18,-1.58
-8.39,4.71,3.61,0.63,-0.23,-1.60
-7.26,6.67,3.10,0.68,-0.30,-1.75
-6.35,6.90,3.26,-0.13,-0.22,-1.43
-6.63,6.94,2.75,-0.13,-0.38,-1.23
-6.71,8.83,1.53,0.55,-0.55,-1.23
-6.35,9.85,1.45,0.51,-0.39,-1.08
-5.73,9.41,1.33,-0.08,-0.07,-0.63
-5.61,9.53,1.14,-0.56,0.15,-0.31
-4.79,11.38,1.77,-0.77,0.43,-0.10
-4.98,9.85,2.82,-0.61,0.38,0.48
-6.55,8.87,2.00,-0.12,0.09,0.67
-7.92,9.77,1.02,0.02,0.08,0.80
-8.67,11.10,2.04,-0.40,0.50,1.15
-11.41,8.83,2.67,-0.52,0.52,1.52
-11.89,10.12,0.86,0.02,0.20,1.47
-10.87,11.49,0.75,-0.62,0.87,1.70
-10.12,11.45,3.10,-0.80,1.11,2.16
-12.16,8.04,2.59,-0.09,0.41,2.59
-12.63,7.61,0.43,-0.11,0.56,2.49
-11.65,6.86,0.86,-0.43,0.96,2.52
-10.67,5.69,2.24,-0.32,1.07,2.53
-9.45,3.92,2.00,0.14,0.75,2.27
-8.24,3.22,0.39,0.36,0.56,2.05
-8.24,1.77,-0.20,0.29,0.70,1.80
-7.96,0.04,0.35,0.00,0.99,1.42
-7.49,-0.20,1.02,-0.05,1.01,1.01
-6.94,-0.39,1.41,-0.38,0.87,0.49
-7.18,-0.78,2.35,-0.50,0.61,-0.13
-8.04,-0.67,1.80,-0.15,0.27,-0.66
-9.65,0.94,1.73,0.11,0.06,-1.50
-10.71,3.26,2.67,-0.00,0.09,-1.97
-12.83,4.59,3.80,-0.28,0.01,-2.41
-13.89,6.28,3.33,0.32,-0.43,-3.00
-12.32,9.96,1.45,0.59,-0.62,-3.27
-10.04,11.41,2.08,0.09,-0.20,-2.95
-9.85,9.81,3.61,-0.44,0.09,-2.16
-9.45,9.22,3.41,-0.47,-0.03,-1.90
-8.47,9.14,3.57,-0.29,-0.03,-1.51
-7.34,7.65,3.33,0.59,-0.36,-1.34
-6.24,6.90,2.08,0.86,-0.62,-1.23
-5.37,7.61,0.59,0.54,-0.61,-0.96
-5.45,7.10,-0.12,0.27,-0.35,-0.58
-6.08,7.41,0.00,0.05,-0.12,-0.53
-5.92,8.98,0.43,-0.70,0.25,-0.27
-5.92,8.63,1.77,-0.95,0.53,0.15
-6.24,8.94,1.96,-0.44,0.42,0.26
-7.30,8.87,1.26,0.33,0.28,0.36
-8.71,9.92,2.12,0.38,0.42,0.63
-9.73,10.28,2.04,-0.24,0.59,0.96
-10.32,10.55,3.18,-0.45,0.68,1.40
-12.16,9.34,2.59,-0.13,0.40,1.61
-10.87,10.71,1.06,0.14,0.38,1.64
-10.28,10.67,1.45,-0.43,0.85,2.18
-11.69,8.51,2.28,-0.60,0.79,2.47
-12.28,8.32,1.26,-0.47,0.49,2.48
-12.08,7.81,0.98,-0.59,0.56,2.56
-10.94,6.83,0.90,-0.30,0.52,2.58
-9.73,4.55,0.71,0.08,0.51,2.47
-8.20,3.33,0.67,-0.02,0.54,2.24
-7.49,1.33,0.31,-0.25,0.56,2.08
-7.06,0.31,0.35,-0.47,0.66,1.69
-6.63,-0.51,1.49,-0.55,0.75,1.12
-6.32,-0.71,1.77,-0.35,0.50,0.63
-6.43,0.08,0.86,0.03,0.07,-0.11
-7.49,0.35,0.35,0.29,-0.05,-0.78
-8.59,1.53,1.69,0.21,-0.04,-1.19
-10.63,2.16,2.31,-0.18,-0.14,-1.74
-11.73,5.30,1.49,-0.02,-0.32,-2.35
-13.45,4.94,1.96,0.38,-0.42,-2.59
-13.22,7.30,2.20,0.40,-0.46,-3.10
-11.69,9.85,1.33,0.34,-0.37,-3.18
-10.71,9.65,3.53,-0.10,0.11,-2.76
-11.22,8.94,3.92,-0.15,-0.09,-2.43
-10.28,9.89,3.41,-0.13,-0.18,-2.28
-8.87,8.90,2.79,0.32,-0.36,-1.94
-6.79,8.87,1.65,0.78,-0.59,-1.69
-5.73,8.67,1.41,0.59,-0.55,-1.37
-5.49,6.83,0.94,0.52,-0.62,-0.97
-5.53,7.88,0.00,0.14,-0.43,-0.79
-6.04,8.43,0.90,-0.29,-0.12,-0.53
-6.35,8.87,1.02,-0.36,-0.02,-0.25
-5.69,9.77,0.75,-0.11,0.14,-0.03
-5.81,8.59,1.02,-0.07,0.16,0.23
-7.26,9.10,0.12,0.15,0.14,0.40
-8.79,9.49,0.78,-0.56,0.57,0.76
-9.38,10.90,1.49,-0.71,0.66,0.91
-9.53,11.30,1.14,-0.36,0.61,1.34
-11.96,8.87,1.96,-0.04,0.49,1.66
-12.08,9.10,0.08,0.14,0.45,1.43
-10.67,11.30,-0.04,-0.79,1.20,1.75
-12.24,10.20,2.67,-1.16,1.40,2.27
-13.34,8.24,2.04,-0.81,0.88,2.65
-12.71,8.47,1.69,-0.86,0.81,2.57
-11.65,7.26,1.06,-0.51,0.58,2.70
-10.20,4.98,0.59,0.14,0.37,2.65
-8.71,3.88,-0.04,0.27,0.36,2.41
-7.96,3.84,-0.20,-0.02,0.52,2.36
-7.57,1.22,0.63,-0.33,0.66,2.28
-6.79,-0.16,1.65,-0.24,0.52,1.67
-6.55,-0.43,1.88,-0.25,0.28,1.22
-6.35,0.24,1.06,-0.13,-0.04,0.55
-6.79,-0.31,0.24,0.31,-0.22,-0.10
-8.24,0.31,0.35,0.50,-0.29,-0.62
-10.24,1.22,0.78,0.10,-0.35,-1.24
-11.57,2.67,0.47,-0.02,-0.44,-2.02
-13.65,4.04,0.43,0.15,-0.48,-2.48
-14.12,5.81,1.73,0.22,-0.34,-3.15
-12.00,9.53,1.41,0.10,-0.37,-3.31
-10.59,11.22,1.88,-0.07,-0.12,-2.99
-11.18,8.32,2.59,0.10,-0.10,-2.51
-10.75,8.75,2.75,0.13,-0.04,-2.51
-9.53,8.51,2.43,0.68,-0.17,-2.38
-7.92,8.24,1.10,1.14,-0.50,-2.22
-6.55,8.83,0.43,0.56,-0.41,-1.96
-5.84,8.32,0.71,-0.25,-0.14,-1.53
-5.81,9.02,0.31,-0.32,-0.13,-1.23
-6.39,8.79,0.55,-0.48,-0.04,-0.98
-6.28,10.16,1.18,-0.37,0.07,-0.78
-6.55,10.04,1.10,0.19,-0.07,-0.36
-7.14,9.10,0.00,0.61,-0.22,-0.12
-7.45,10.36,-0.08,0.72,0.05,0.07
-8.59,9.53,1.41,0.06,0.42,0.69
-9.10,10.12,1.29,0.12,0.35,0.84
-11.65,8.79,1.88,0.21,0.35,1.18
-12.87,9.49,0.75,0.15,0.31,1.06
-10.71,13.38,1.61,-0.42,0.72,1.22
-11.22,10.71,3.61,-0.67,0.76,2.16
-12.32,9.61,2.51,-0.13,0.01,2.55
-13.30,8.94,0.43,-0.31,0.12,2.70
-12.16,8.00,1.10,-0.19,0.35,2.86
-10.90,5.69,0.94,0.29,0.20,2.89
-10.04,4.98,0.59,0.39,0.16,2.72
-8.79,4.39,0.55,-0.11,0.39,2.73
-8.36,1.61,0.82,0.03,0.36,2.66
-8.04,0.39,0.78,0.37,0.25,2.07
-7.34,0.55,0.59,-0.07,0.32,1.54
-7.06,0.12,0.90,-0.18,0.31,1.21
-7.18,0.00,0.82,0.07,0.02,0.58
-8.12,0.04,0.67,0.35,-0.25,-0.16
-9.06,1.61,-0.04,0.30,-0.36,-0.61
-10.04,2.31,0.16,0.04,-0.39,-1.14
-12.12,1.73,0.31,0.05,-0.57,-1.89
-11.30,5.33,-0.16,0.10,-0.56,-2.47
-9.38,8.51,-0.39,0.05,-0.33,-2.66
-10.16,6.28,1.61,-0.06,-0.05,-2.41
-11.06,6.90,2.20,-0.17,-0.04,-2.53
-9.96,8.63,3.10,-0.75,0.25,-2.48
-9.22,7.22,3.30,-0.29,0.14,-2.37
-8.12,7.81,1.77,0.90,-0.57,-2.53
-7.41,8.98,0.24,0.27,-0.39,-2.14
-7.14,8.16,1.33,-0.27,-0.06,-1.86
-7.41,8.59,1.45,-0.17,-0.14,-1.65
-7.57,9.69,0.78,0.04,-0.23,-1.39
-7.26,9.89,1.22,0.05,-0.15,-1.13
-7.34,10.08,0.59,0.21,-0.21,-0.80
-7.81,10.47,1.02,-0.02,-0.11,-0.35
-8.55,9.65,1.29,-0.46,0.06,-0.02
-8.55,10.75,1.61,-0.52,0.27,0.12
-9.41,10.20,2.98,-0.28,0.33,0.48
-10.90,9.85,2.71,0.14,0.03,0.44
-8.98,12.79,2.20,-0.26,0.18,0.70
-8.83,12.04,3.37,-0.33,0.27,1.54
-10.94,9.65,2.94,0.01,-0.08,1.89
-11.96,9.34,1.14,-0.57,-0.09,2.27
-11.69,7.92,0.94,-0.45,0.13,2.52
-11.02,6.55,0.75,0.21,0.05,2.49
-10.00,6.63,0.71,0.12,0.17,2.49
-9.57,6.12,0.27,-0.23,0.22,2.67
-9.73,4.55,-0.20,0.05,0.17,2.71
-9.61,2.16,-0.08,0.09,0.33,2.44
-8.55,2.16,0.78,-0.15,0.46,2.15
-7.85,1.61,1.10,-0.22,0.30,1.83
-7.53,0.71,0.63,0.30,0.00,1.35
-7.73,0.35,0.71,0.52,-0.08,0.86
-8.71,1.29,0.55,0.38,-0.18,0.26
-8.75,2.24,0.43,0.29,-0.13,-0.38
-10.20,2.00,1.29,0.35,-0.20,-0.74
-10.67,2.39,1.61,0.30,-0.36,-1.46
-8.67,6.04,0.35,0.23,-0.47,-2.00
-8.36,6.90,-0.20,0.12,-0.30,-1.88
-9.41,5.10,1.53,-0.13,0.18,-1.92
-9.18,6.75,2.55,-0.87,0.47,-2.00
-8.43,7.06,3.41,-0.71,0.45,-1.97
-7.61,6.43,3.02,0.75,-0.21,-2.16
-7.06,7.61,1.41,0.87,-0.51,-2.15
-7.22,7.49,0.20,0.08,-0.37,-1.88
-7.37,8.24,1.18,-0.03,-0.06,-1.74
-7.57,8.63,1.61,0.15,-0.11,-1.65
-8.00,9.26,0.86,0.23,-0.25,-1.44
-7.69,10.20,1.06,0.11,-0.00,-1.16
-7.65,9.57,1.41,0.08,0.07,-0.90
-8.08,9.53,0.94,0.22,-0.09,-0.71
-8.75,10.87,0.51,0.02,0.17,-0.47
-8.24,11.89,3.10,0.03,0.53,-0.28
-10.71,9.57,3.57,0.62,-0.00,0.15
-9.18,13.49,1.14,0.42,-0.14,0.19
-7.81,14.20,3.14,-0.57,0.45,0.87
-9.69,10.04,3.22,0.44,-0.16,1.82
-11.45,8.08,1.06,0.98,-0.61,1.85
-11.41,9.18,0.20,0.29,-0.09,1.93
-10.28,7.96,1.02,0.03,0.33,2.18
-8.98,6.98,1.33,0.25,0.31,2.24
-8.67,7.37,1.29,0.07,0.32,2.35
-8.71,5.49,1.73,-0.09,0.32,2.55
-8.94,3.33,1.77,0.04,0.19,2.51
-8.94,3.18,1.18,0.25,-0.08,2.14
-8.08,3.84,0.98,0.08,-0.10,1.84
-7.69,2.67,1.41,0.12,-0.21,1.75
-7.69,1.73,1.26,0.35,-0.48,1.25
-7.53,2.28,0.86,0.26,-0.54,0.82
-7.81,1.53,1.37,0.41,-0.63,0.54
-7.69,2.35,0.27,0.93,-0.96,-0.09
-9.61,1.41,0.71,0.83,-0.97,-0.65
-9.34,3.30,1.73,0.68,-0.98,-1.24
-8.04,6.08,-0.12,0.78,-1.39,-1.82
-9.06,5.30,-1.18,1.03,-1.40,-1.91
-10.28,6.12,-0.71,0.91,-1.13,-2.11
-9.92,7.37,-0.43,0.29,-0.66,-2.20
-8.36,7.49,0.20,0.47,-0.39,-2.15
-7.49,6.16,0.82,0.92,-0.57,-2.10
-7.53,5.88,0.27,1.33,-0.93,-2.31
-7.53,7.65,-0.78,1.16,-0.97,-2.23
-8.16,6.98,-0.27,0.75,-0.86,-2.08
-9.22,7.57,-0.75,0.78,-0.97,-2.14
-10.36,9.22,-1.02,0.70,-0.87,-2.15
-10.24,10.71,-0.51,0.66,-0.63,-2.02
-9.10,11.69,0.04,0.75,-0.49,-1.74
-9.22,10.83,-0.08,0.99,-0.57,-1.46
-8.79,10.90,-0.98,1.37,-0.60,-1.22
-7.49,12.32,-0.75,0.59,0.05,-0.76
-9.61,10.67,1.45,0.48,0.15,-0.26
-9.53,12.43,0.43,0.86,-0.01,-0.40
-7.06,16.87,1.45,-0.66,0.84,0.45
-9.41,11.26,3.69,-0.36,0.58,1.36
-9.92,10.47,1.88,0.83,-0.13,1.53
-10.20,9.61,0.71,-0.12,0.32,1.89
-9.10,9.45,1.96,-0.32,0.56,2.08
-8.43,8.36,2.24,-0.24,0.38,2.46
-8.24,6.71,2.16,-0.15,0.17,2.62
-8.83,6.86,1.06,-0.06,0.04,2.57
-8.59,7.61,0.59,-0.34,0.24,2.68
-9.10,5.53,1.41,-0.33,0.27,2.74
-8.71,4.63,1.49,0.06,-0.01,2.48
-8.43,4.20,0.51,-0.10,-0.17,2.28
-8.67,3.18,0.24,-0.04,-0.16,2.11
-9.81,1.37,1.22,0.01,-0.11,1.66
-9.49,2.08,1.41,-0.06,-0.22,0.84
-9.92,2.08,0.39,0.11,-0.44,0.48
-10.04,0.78,0.67,0.22,-0.40,-0.12
-9.10,3.06,1.53,0.03,-0.50,-0.79
-8.47,5.61,0.47,0.20,-0.54,-0.99
-9.26,3.69,1.45,0.40,-0.30,-1.01
-8.47,3.06,2.71,0.53,-0.31,-1.38
-8.00,2.71,2.16,0.70,-0.55,-1.63
-7.26,3.96,0.71,1.09,-0.88,-2.08
-7.14,5.02,-0.08,0.81,-0.74,-2.26
-7.30,5.49,1.22,0.53,-0.53,-2.30
-8.32,5.57,2.08,0.46,-0.69,-2.37
-9.22,6.32,1.10,0.65,-1.10,-2.61
-10.63,8.83,0.12,0.62,-1.07,-2.62
-11.18,9.45,0.94,0.50,-0.91,-2.47
-11.81,10.08,0.31,0.70,-1.06,-2.44
-11.22,12.87,-1.22,0.97,-1.04,-2.42
-10.32,13.77,-1.53,0.76,-0.59,-1.94
-8.83,14.59,-0.47,0.32,-0.15,-1.58
-9.96,13.34,1.14,0.04,0.06,-0.90
-8.12,15.10,0.27,0.21,0.00,-0.72
-4.82,17.34,0.78,-0.17,0.36,-0.32
-5.57,11.69,0.67,0.08,0.23,1.15
-7.96,10.00,-0.27,0.67,0.09,1.60
-8.43,11.06,0.75,-0.37,0.60,1.81
-8.55,9.61,3.14,-0.98,0.68,2.31
-8.83,9.96,1.69,0.66,-0.20,2.29
-9.53,9.73,-0.39,0.79,-0.14,2.50
-10.12,8.32,0.20,-0.11,0.47,2.93
-10.79,7.41,0.71,-0.22,0.61,3.08
-10.83,6.20,1.37,-0.09,0.60,3.08
-9.92,4.67,1.80,0.00,0.47,2.89
-9.34,4.63,0.82,0.12,0.15,2.65
-8.79,4.43,0.71,0.05,0.13,2.63
-9.34,-0.12,0.82,0.07,0.00,2.24
-9.41,0.51,0.86,0.08,-0.05,1.40
-8.94,2.12,0.20,-0.10,-0.14,0.66
-9.96,2.43,0.90,0.17,-0.18,0.17
-10.32,0.67,2.47,0.05,-0.16,-0.26
-8.36,3.14,0.78,-0.09,-0.58,-1.28
-8.47,5.69,-0.86,0.12,-0.65,-1.54
-9.69,3.65,1.45,-0.03,-0.16,-1.58
-9.49,5.22,2.59,-0.40,0.13,-2.02
-8.12,6.12,2.63,-0.41,0.02,-2.24
-7.41,6.00,1.96,0.30,-0.26,-2.39
-7.22,6.55,0.67,0.63,-0.47,-2.55
-7.18,8.20,1.29,-0.39,-0.21,-2.29
-7.61,7.69,1.49,-0.39,-0.17,-2.18
-8.32,8.51,1.18,0.31,-0.42,-2.29
-8.55,9.89,0.78,0.20,-0.39,-2.12
-8.12,10.55,0.67,0.23,-0.33,-1.95
-8.04,10.32,0.12,0.58,-0.31,-1.66
-8.55,10.00,-0.16,0.69,-0.11,-1.36
-8.71,10.87,0.39,0.44,0.15,-1.22
-9.41,11.26,2.16,-0.07,0.43,-0.78
-12.04,9.92,2.47,-0.05,0.01,-0.68
-9.06,14.32,0.59,-0.03,-0.15,-0.86
-6.67,16.79,1.88,0.13,0.18,-0.06
-8.16,12.08,1.53,0.84,-0.38,0.97
-8.67,7.69,-0.59,1.22,-0.64,1.60
-8.47,7.34,-2.12,0.16,-0.06,1.66
-7.92,8.94,-0.67,-0.51,0.61,1.66
-7.14,9.02,1.69,-1.00,1.00,1.92
-7.57,7.49,1.41,-0.86,0.47,2.26
-8.83,8.87,0.35,-0.33,0.22,2.18
-9.30,9.73,-0.47,-0.17,0.38,2.38
-9.96,7.26,0.67,-0.08,0.49,2.66
-9.89,6.86,0.43,0.29,0.33,2.49
-9.53,7.06,0.12,0.34,0.33,2.48
-9.61,5.22,-0.12,0.18,0.40,2.55
-9.57,2.24,0.94,0.09,0.45,2.36
-8.51,2.47,1.37,-0.23,0.46,1.71
-7.06,2.59,0.94,-0.27,0.35,1.36
-8.28,1.88,1.22,0.14,0.09,0.93
-8.47,2.16,3.10,-0.03,0.19,0.26
-8.67,1.22,3.57,-0.15,-0.21,-0.04
-9.61,1.61,0.67,0.92,-1.24,-0.88
-9.77,1.61,-1.02,1.05,-1.09,-1.61
-8.55,3.41,-1.14,0.36,-0.63,-1.98
-7.10,4.86,0.78,-0.58,0.35,-2.27
-6.79,5.10,3.02,-0.84,0.58,-2.35
-6.98,6.00,2.86,-0.62,0.33,-2.44
-7.41,6.71,1.26,0.18,-0.23,-2.51
-7.61,7.18,1.10,0.30,-0.40,-2.45
-7.96,6.94,0.71,-0.05,-0.50,-2.24
-7.92,8.71,-0.43,-0.15,-0.50,-2.13
-8.24,8.39,0.08,0.33,-0.46,-1.87
-8.75,8.12,0.16,0.45,-0.44,-1.81
-9.02,9.53,0.08,0.34,-0.28,-1.71
-8.36,11.41,-0.35,0.74,-0.32,-1.59
-11.14,8.36,0.31,0.64,-0.34,-1.00
-11.65,12.43,0.31,0.42,-0.26,-1.07
-10.32,17.73,2.16,-0.16,0.13,-0.69
-10.90,12.71,3.80,0.14,-0.09,0.84
-12.75,7.73,-0.08,1.78,-0.99,0.91
-12.28,11.81,-1.02,0.59,-0.15,1.02
-10.36,11.14,2.86,-1.03,1.00,1.86
-10.08,7.92,3.65,0.51,0.02,2.16
-11.61,7.18,0.47,0.94,-0.43,2.11
-10.71,9.30,0.43,-0.12,0.32,2.28
-11.61,6.16,2.39,0.26,0.25,2.80
-11.81,4.24,0.63,0.97,-0.19,2.73
-10.16,4.98,1.14,0.10,0.24,2.64
-11.10,2.67,2.71,-0.37,0.16,2.91
-11.96,1.65,1.92,0.14,-0.32,2.60
-12.55,1.53,2.28,-0.08,-0.14,2.15
-12.40,-0.51,4.08,-0.04,-0.47,1.80
-11.49,-0.78,4.04,0.47,-1.10,1.29
-11.02,-1.92,3.10,1.14,-1.95,0.48
-10.87,-2.55,1.84,1.63,-2.65,-0.40
-10.04,-0.43,-0.82,1.73,-2.87,-1.07
-9.14,2.79,-0.86,0.96,-2.37,-1.66
-9.14,4.35,0.82,0.59,-2.03,-1.87
-10.20,4.31,2.08,0.70,-2.25,-1.89
-10.79,4.75,2.43,1.62,-3.04,-2.23
-11.30,6.12,0.16,2.33,-3.76,-2.32
-11.38,8.20,-0.78,2.81,-4.12,-2.30
-11.49,11.22,-2.00,2.74,-4.41,-1.93
-10.08,12.40,-2.47,2.79,-4.35,-1.61
-9.18,9.89,-2.98,3.18,-4.33,-0.99
-8.28,9.45,-3.69,3.09,-4.05,-0.87
-7.49,10.75,-3.37,2.65,-3.45,-0.78
-7.18,10.98,-2.63,2.07,-2.77,-0.46
-7.69,11.22,-1.06,1.90,-2.37,-0.34
-8.43,11.10,-0.43,1.95,-2.37,-0.39
-8.83,12.94,-1.26,2.01,-2.46,-0.60
-7.45,15.42,-2.59,1.73,-1.97,-0.21
-5.57,14.47,-0.24,1.49,-1.40,0.37
-5.65,9.14,1.41,1.53,-1.47,0.93
-5.69,8.00,-0.27,1.42,-1.70,0.82
-5.22,8.00,-1.10,1.09,-1.43,0.83
-4.59,6.12,-0.94,1.01,-1.07,0.83
-4.31,4.43,-1.29,1.05,-0.99,0.72
-4.12,2.86,-1.88,0.76,-0.86,0.69
-4.43,2.39,-2.12,0.45,-0.51,0.42
-5.06,2.20,-1.45,0.42,-0.26,-0.03
-5.57,3.88,-0.39,0.51,-0.10,-0.38
-6.83,3.22,0.35,0.73,-0.42,-0.69
-8.39,3.65,-0.78,0.84,-0.67,-1.13
-10.04,5.61,-1.02,0.44,-0.52,-1.61
-11.26,6.16,1.02,0.16,-0.23,-2.04
-11.89,7.10,1.49,-0.19,-0.28,-2.22
-12.75,7.61,2.43,-0.49,-0.25,-2.42
-11.69,8.00,1.88,0.24,-0.74,-2.69
-11.41,10.47,0.67,0.73,-1.08,-2.73
-11.61,10.08,2.04,0.26,-0.75,-2.18
-11.10,8.87,1.10,0.39,-0.85,-2.03
-8.59,9.02,-0.27,0.88,-0.85,-1.92
-6.86,7.41,-0.78,1.09,-0.52,-1.71
-4.71,8.83,1.02,0.23,0.08,-1.40
-3.88,8.16,2.79,-0.13,0.06,-1.02
-4.28,7.96,1.10,0.68,-0.64,-0.85
-5.14,8.71,-0.90,0.99,-0.66,-0.69
-5.92,9.92,-0.78,0.77,-0.37,-0.51
-5.57,10.94,1.92,0.34,0.12,-0.09
-5.81,10.04,0.55,0.91,-0.42,0.30
-8.04,10.36,-1.49,1.60,-0.64,0.42
-9.65,13.06,-2.16,0.82,0.30,0.89
-9.49,11.26,2.24,-0.19,1.05,1.61
-10.00,8.87,2.08,0.49,0.48,1.63
-11.65,9.38,-0.63,1.08,0.23,1.47
-11.02,12.87,1.96,0.42,0.96,1.48
-12.24,12.40,3.45,-0.14,0.91,2.23
-13.65,10.20,0.82,1.07,0.00,2.66
-13.34,6.12,-0.78,1.24,0.00,2.74
-11.34,6.28,-2.20,0.91,0.39,2.46
-10.51,5.14,-2.24,0.16,1.08,2.57
-8.98,2.86,-0.55,0.04,1.33,2.30
-7.45,3.10,0.63,-0.20,1.27,2.05
-7.22,1.22,0.86,-0.19,1.00,1.97
-6.35,-0.47,1.02,0.13,0.72,1.62
-5.73,-0.43,0.86,0.29,0.35,0.93
-5.57,-0.31,0.00,0.25,0.09,0.42
-6.51,-0.39,-0.08,0.26,-0.02,0.05
-7.85,0.63,0.04,0.13,-0.22,-0.68
-9.22,3.30,-0.31,-0.02,-0.44,-1.40
-9.18,5.73,-0.94,-0.29,-0.48,-1.79
-10.32,7.26,-0.94,-0.38,-0.36,-1.95
-10.79,7.34,1.33,-0.56,-0.15,-2.15
-9.92,7.69,0.82,-0.73,-0.53,-2.41
-9.57,9.89,-1.96,-0.14,-0.93,-2.44
-10.20,9.30,-1.80,-0.12,-0.56,-2.32
-8.90,11.02,0.63,-1.15,0.39,-2.09
-7.45,9.81,1.80,-1.18,0.48,-1.63
-6.67,8.63,2.12,-0.26,0.10,-1.56
-5.84,10.32,-0.59,0.75,-0.37,-1.57
-5.96,10.04,-0.43,0.01,0.01,-1.02
-5.61,9.10,1.57,-0.20,0.10,-0.77
-6.47,8.08,0.39,0.18,-0.43,-0.68
-6.63,10.32,-0.75,0.32,-0.38,-0.58
-5.84,10.32,0.59,0.21,-0.08,-0.38
-6.59,9.34,-0.43,0.18,-0.27,0.05
-7.65,8.75,0.04,-0.37,0.15,0.14
-8.47,10.59,0.71,-0.66,0.20,0.18
-11.06,9.41,1.84,-0.38,0.08,0.31
-11.49,10.98,-0.27,0.11,-0.42,0.14
-9.49,13.61,-1.69,-0.48,-0.09,0.30
-8.47,13.77,-0.51,-1.11,0.37,1.19
-10.32,10.32,-1.02,-0.88,0.12,1.91
-11.41,9.06,-1.29,-1.09,0.31,2.11
-10.36,7.65,-0.43,-0.87,0.54,2.11
-9.10,6.67,-0.90,-0.38,0.34,2.02
-8.75,6.24,-1.80,-0.43,0.34,2.08
-8.63,5.33,-1.53,-0.68,0.60,2.20
-8.43,3.45,-0.94,-0.54,0.64,2.15
-8.55,3.22,-0.94,-0.35,0.53,1.90
-8.55,2.24,-1.10,-0.50,0.54,1.73
-8.47,1.26,-0.51,-0.39,0.56,1.46
-8.39,0.86,-0.12,-0.11,0.36,0.88
-9.02,1.18,-0.12,-0.09,0.18,0.33
-9.30,2.31,-0.20,-0.15,0.19,-0.08
-9.45,3.37,1.22,-0.35,0.34,-0.58
-10.08,2.67,2.20,-0.20,0.14,-1.05
-8.75,4.00,1.73,-0.18,-0.09,-1.43
-7.85,5.69,0.71,-0.24,-0.03,-1.77
-8.59,5.81,1.80,-0.03,0.23,-1.88
-8.79,6.35,2.08,-0.28,0.38,-1.95
-8.71,7.57,3.14,-1.09,0.89,-1.93
-7.14,9.10,4.51,-1.26,1.00,-1.80
-5.88,8.04,5.77,-0.98,0.74,-1.55
-5.96,7.34,3.57,0.04,-0.19,-1.51
-6.59,7.81,0.98,0.19,-0.36,-1.52
-7.06,8.98,0.98,-0.32,-0.04,-1.32
-7.14,9.77,1.77,-0.88,0.22,-1.02
-6.47,10.94,1.73,-0.92,0.25,-0.84
-6.16,10.36,1.29,-0.66,0.20,-0.43
-6.67,9.38,0.71,-0.41,0.13,-0.14
-7.30,10.00,0.71,-0.60,0.22,-0.03
-7.57,11.14,-0.20,-1.60,0.48,0.38
-8.51,11.41,2.24,-1.38,0.65,0.73
-10.63,9.92,1.14,-0.58,0.10,0.71
-9.81,15.10,-0.08,-0.47,0.34,0.70
-10.98,13.93,1.53,-1.01,0.67,1.78
-12.24,11.38,0.90,-0.68,0.41,2.11
-12.20,9.65,-1.61,-0.40,0.25,2.38
-10.47,9.34,-1.41,-0.40,0.88,2.48
-9.22,7.61,-0.27,-0.37,1.09,2.72
-9.41,6.63,-0.39,-0.17,1.04,2.97
-9.92,4.94,-0.08,-0.23,1.12,2.95
-9.85,3.57,1.06,-0.68,1.29,2.92
-9.34,1.96,1.57,-0.44,0.95,2.61
-8.28,0.27,1.26,-0.13,0.64,2.22
-8.32,0.04,0.71,0.03,0.32,1.57
-8.67,-0.12,0.24,-0.10,0.28,0.76
-9.26,0.20,0.51,-0.16,0.18,0.31
-8.87,1.80,0.47,-0.03,0.02,-0.49
-10.32,2.04,-0.16,0.22,-0.15,-1.07
-10.47,3.53,1.53,0.12,0.13,-1.58
-9.22,4.16,1.06,-0.00,0.07,-2.04
-9.02,5.73,0.78,0.12,0.05,-2.21
-10.20,5.96,1.33,0.01,0.32,-2.34
-9.69,8.20,3.06,-0.84,0.90,-2.36
-8.32,8.39,3.73,-0.69,0.90,-2.23
-7.18,8.67,3.61,-0.15,0.66,-2.18
-6.28,8.63,3.53,0.06,0.45,-1.95
-6.67,7.49,3.14,-0.06,0.07,-1.61
-7.45,7.81,1.80,0.06,-0.15,-1.60
-7.92,8.94,1.10,0.08,-0.14,-1.60
-7.49,10.55,1.29,-0.17,0.08,-1.44
-6.63,11.26,2.20,-0.37,0.27,-1.07
-6.67,10.59,1.65,-0.19,0.02,-0.62
-7.41,10.40,0.47,-0.14,-0.01,-0.43
-7.81,11.14,0.75,-0.37,0.30,-0.17
-7.18,11.81,2.04,-0.68,0.44,0.25
-9.69,9.89,1.26,-0.28,0.04,0.56
-10.36,11.34,-1.84,0.40,-0.34,0.49
-9.81,13.65,-0.59,-0.74,0.67,0.98
-10.71,12.32,1.06,-0.84,0.82,1.56
-11.92,10.47,0.16,-0.38,0.32,1.95
-11.61,9.57,-1.33,-0.68,0.61,2.21
-10.16,8.28,-0.31,-0.61,0.75,2.35
-8.94,7.41,-0.39,-0.12,0.68,2.47
-8.63,6.20,-0.67,-0.16,0.72,2.62
-8.90,4.98,-0.35,-0.42,0.82,2.71
-9.14,3.57,0.24,-0.57,0.87,2.63
-8.75,2.24,0.94,-0.40,0.76,2.32
-8.16,0.94,1.29,-0.12,0.54,1.97
-8.00,0.71,0.59,0.26,0.14,1.38
-8.51,0.16,0.35,0.19,0.06,0.95
-9.45,-0.08,0.24,0.07,-0.02,0.29
-9.77,1.18,0.31,0.41,-0.18,-0.59
-10.90,1.92,0.08,0.42,-0.26,-1.02
-11.02,3.14,0.47,0.17,-0.25,-1.68
-8.63,6.83,-0.43,0.09,-0.20,-2.15
-8.90,5.73,0.20,-0.05,0.04,-1.99
-9.89,6.39,2.16,-0.32,0.46,-2.06
-8.90,8.12,3.22,-0.95,0.71,-2.07
-8.16,7.69,3.18,-0.70,0.52,-1.91
-7.65,7.41,2.63,0.58,-0.03,-1.99
-6.79,7.88,1.92,0.35,-0.08,-1.81
-6.71,7.45,1.49,0.17,-0.08,-1.60
-7.10,7.61,1.02,0.22,-0.12,-1.50
-7.41,8.20,1.69,0.02,-0.02,-1.34
-6.98,9.18,1.57,0.07,-0.06,-1.30
-6.98,9.81,0.78,0.22,-0.19,-1.10
-7.49,9.85,0.31,0.35,-0.12,-0.90
-8.16,9.92,0.86,-0.02,0.09,-0.63
-8.47,10.40,1.53,-0.41,0.31,-0.40
-8.43,11.77,1.84,-0.34,0.31,-0.22
-11.30,10.90,2.43,0.07,-0.08,0.18
-11.02,12.67,0.47,0.04,-0.13,0.19
-8.08,15.10,0.24,-0.44,0.18,0.67
-9.18,11.38,0.71,-0.03,0.05,1.64
-10.71,9.92,0.08,-0.16,0.06,2.03
-10.87,8.94,0.04,-0.64,0.32,2.22
-10.04,7.65,0.43,-0.35,0.42,2.38
-9.30,6.55,-0.24,0.32,0.23,2.35
-9.06,5.84,-0.63,0.13,0.31,2.40
-9.14,5.06,-0.55,-0.31,0.52,2.42
-8.98,3.84,-0.31,-0.28,0.62,2.29
-8.43,2.31,0.43,-0.14,0.56,2.09
-7.92,1.69,0.51,-0.06,0.36,1.68
-7.73,1.18,0.24,-0.05,0.22,1.23
-7.69,0.82,0.47,0.08,0.14,0.83
-8.36,0.39,0.78,0.09,-0.01,0.23
-8.94,2.55,0.27,0.12,-0.15,-0.30
-10.36,3.88,0.67,0.09,-0.24,-0.76
-11.02,3.41,1.18,0.15,-0.29,-1.23
-9.77,5.61,0.82,0.16,-0.50,-1.56
-8.04,8.08,-0.63,0.39,-0.60,-1.65
-8.83,6.32,-0.47,0.43,-0.29,-1.53
-8.90,6.71,0.55,-0.09,0.10,-1.60
-7.77,7.37,2.16,-0.70,0.57,-1.56
-6.71,6.83,2.35,0.03,0.26,-1.65
-5.88,7.26,1.53,0.34,0.02,-1.69
-5.88,7.57,1.14,0.07,-0.05,-1.49
-6.16,7.65,1.57,0.00,-0.01,-1.37
-6.35,8.16,1.88,0.07,-0.08,-1.31
-6.94,8.39,1.65,0.31,-0.31,-1.25
-6.71,10.04,0.51,0.41,-0.26,-1.11
-6.79,10.43,1.14,0.39,-0.17,-0.87
-7.45,10.32,0.43,0.48,-0.24,-0.64
-8.20,10.94,-0.04,0.22,-0.14,-0.37
-7.85,12.16,0.82,-0.48,0.36,-0.18
-8.32,12.04,2.35,-0.47,0.41,0.31
-10.24,9.89,1.61,-0.01,-0.02,0.53
-8.32,13.61,-0.04,-0.00,-0.06,0.28
-8.28,12.83,0.35,-0.57,0.27,1.01
-10.08,10.51,0.55,-0.32,0.18,1.38
-10.40,9.89,0.43,-0.46,0.25,1.60
-9.30,8.71,0.20,-0.31,0.22,1.83
-8.63,7.41,-0.47,0.15,0.11,1.87
-7.88,7.22,-0.94,0.12,0.30,1.92
-7.65,5.77,-0.51,-0.50,0.59,2.18
-8.04,4.16,0.16,-0.55,0.61,2.21
-8.16,2.98,0.43,-0.48,0.52,2.00
-7.69,2.71,0.98,-0.47,0.45,1.64
-7.37,2.59,0.90,-0.29,0.27,1.38
-7.53,1.73,0.51,0.09,-0.06,1.00
-8.24,1.69,0.16,0.08,-0.11,0.50
-9.45,2.20,0.75,-0.12,-0.08,0.13
-9.57,2.98,0.55,0.02,-0.28,-0.43
-11.22,2.63,0.39,0.15,-0.40,-0.73
-10.83,3.49,0.71,0.11,-0.38,-1.38
-7.73,8.04,-0.20,0.02,-0.19,-1.86
-7.49,6.86,1.10,0.01,0.02,-1.62
-7.96,6.98,2.28,-0.04,0.20,-1.59
-7.61,7.85,2.98,-0.55,0.33,-1.53
-7.06,7.45,2.79,-0.22,0.15,-1.42
-6.47,6.98,1.69,0.91,-0.36,-1.55
-5.96,7.49,0.16,0.52,-0.21,-1.47
-5.33,8.04,1.45,0.05,0.08,-1.32
-5.84,7.41,1.77,-0.02,-0.04,-1.13
-6.35,8.83,0.86,0.30,-0.19,-1.17
-6.35,10.04,1.06,0.15,-0.01,-1.05
-6.20,10.67,1.80,-0.04,0.11,-0.78
-6.75,10.55,0.75,0.28,-0.12,-0.53
-7.26,11.45,0.35,0.28,-0.03,-0.40
-7.53,11.85,1.37,-0.12,0.27,-0.06
-7.14,12.40,1.26,-0.19,0.24,0.30
-9.77,9.85,1.65,0.26,-0.00,0.57
-10.32,10.98,-0.24,0.12,-0.03,0.43
-8.32,14.24,0.12,-0.52,0.47,0.57
-9.57,10.98,1.61,-0.48,0.51,1.28
-10.36,10.28,-0.35,-0.39,0.19,1.55
-9.77,8.90,-0.39,-0.73,0.47,1.74
-8.71,7.88,0.67,-0.42,0.61,1.87
-7.88,7.22,0.12,0.02,0.38,1.94
-7.45,6.59,-0.04,-0.05,0.44,2.01
-7.73,5.06,0.35,0.01,0.49,2.08
-7.96,3.57,0.31,-0.08,0.55,2.03
-7.65,2.24,1.02,-0.10,0.53,1.80
-7.18,2.16,0.71,-0.07,0.31,1.42
-7.02,1.14,0.04,0.21,0.12,0.94
-7.18,0.67,0.35,0.26,0.12,0.58
-8.43,0.98,0.75,0.01,0.04,0.01
-9.41,2.43,0.39,-0.00,-0.13,-0.66
-9.53,3.77,1.06,0.03,-0.17,-1.01
-10.94,3.45,1.49,-0.05,-0.25,-1.47
-11.14,4.71,1.18,0.04,-0.45,-1.87
-8.43,9.30,0.24,0.12,-0.41,-2.31
-8.00,8.94,1.06,0.04,-0.18,-1.87
-8.67,8.43,2.16,0.11,-0.14,-1.79
-8.63,8.59,2.04,-0.18,-0.08,-1.65
-7.88,8.24,1.92,0.10,-0.15,-1.52
-6.47,8.83,2.00,0.59,-0.27,-1.55
-5.77,8.08,1.96,0.28,-0.37,-1.25
-5.77,7.49,0.55,0.36,-0.53,-1.13
-5.92,7.53,0.08,0.39,-0.45,-1.07
-6.24,8.12,0.94,0.11,-0.18,-0.93
-6.24,8.94,0.82,0.03,-0.20,-0.78
-6.12,9.30,0.51,0.04,-0.17,-0.63
-6.51,9.14,0.51,0.36,-0.22,-0.46
-7.37,9.69,0.24,0.13,-0.09,-0.27
-7.81,10.36,0.35,-0.03,0.02,-0.13
-8.20,10.55,0.82,-0.13,0.10,0.12
-10.94,9.77,0.98,-0.06,0.05,0.33
-11.30,10.59,-0.04,0.02,-0.07,0.20
-8.32,14.47,-0.24,-0.46,0.43,0.46
-8.20,12.63,0.12,-0.34,0.43,1.06
-9.92,10.43,-0.47,-0.13,0.37,1.55
-10.12,9.96,-1.18,-0.85,0.88,1.81
-9.61,9.26,-0.08,-0.84,1.07,1.98
-9.26,8.59,0.24,-0.37,0.95,2.16
-8.51,7.77,0.39,-0.48,0.94,2.35
-8.36,6.39,0.00,-0.44,0.85,2.48
-8.39,5.02,-0.16,-0.19,0.76,2.51
-8.55,3.22,0.16,-0.18,0.77,2.34
-7.37,3.26,0.51,-0.29,0.77,1.94
-6.83,3.41,-0.04,-0.60,0.61,1.65
-6.47,3.37,-0.04,-0.50,0.56,1.27
-6.04,2.90,0.39,-0.14,0.46,0.95
-6.12,3.18,1.33,-0.05,0.25,0.59
-7.41,2.31,0.78,-0.21,-0.04,0.14
-7.34,4.00,0.35,-0.15,-0.04,-0.27
-8.71,3.10,1.96,0.00,-0.04,-0.67
-10.04,3.57,2.24,0.15,-0.25,-1.13
-9.26,5.41,1.41,0.24,-0.46,-1.87
-7.06,8.94,1.06,0.37,-0.37,-2.04
-7.34,7.30,0.94,0.54,-0.41,-1.91
-8.04,7.45,0.75,0.00,-0.20,-1.86
-8.16,8.12,1.73,-0.43,0.19,-1.82
-7.81,8.47,2.47,-0.04,0.09,-1.85
-7.61,8.67,1.92,0.28,-0.25,-1.84
-7.18,9.38,0.00,-0.08,-0.27,-1.71
-6.83,9.49,-0.20,-0.20,-0.02,-1.54
-6.39,9.26,0.94,-0.05,0.22,-1.33
-6.28,9.45,1.02,-0.30,0.24,-1.08
-6.35,9.53,0.47,-0.30,0.27,-0.94
-6.59,9.49,0.20,-0.25,0.39,-0.76
-6.28,10.00,0.71,-0.45,0.52,-0.49
-6.28,10.00,-0.20,-0.37,0.40,-0.31
-6.28,9.85,-1.10,-0.34,0.55,-0.01
-5.73,10.24,0.04,-0.62,0.87,0.21
-7.06,9.73,0.67,-0.94,0.92,0.54
-9.92,7.37,0.00,-0.78,0.68,0.74
-13.45,8.51,0.63,-1.07,0.70,0.57
-13.18,11.14,0.31,-2.10,0.85,0.43
-11.06,10.90,-0.98,-1.69,0.64,0.72
-10.20,6.16,-3.14,-1.29,0.46,1.04
-10.04,4.16,-4.24,-3.38,1.44,1.57
-10.04,1.65,-1.53,-3.19,1.91,1.41
-9.34,3.02,-1.65,-2.28,1.60,1.02
-9.45,1.02,-0.94,-2.99,1.85,0.99
-9.85,0.59,-1.02,-4.28,1.90,0.85
-9.06,2.75,-1.45,-4.60,1.90,0.62
-9.14,2.86,-0.67,-3.99,1.71,0.45
-9.10,3.77,-1.10,-2.89,1.46,0.12
-9.26,4.67,-1.53,-2.60,1.43,0.07
-9.22,5.06,-0.35,-3.03,1.75,0.14
-9.38,4.71,0.67,-3.06,1.54,0.02
-9.38,6.63,-0.16,-3.05,1.30,-0.02
-9.34,6.71,-0.59,-3.32,1.32,0.17
-8.90,6.86,0.27,-3.28,1.31,0.30
-8.83,6.83,0.08,-3.02,1.02,0.34
-9.14,6.75,-0.27,-2.57,0.88,0.51
-8.98,5.53,0.43,-2.67,0.94,0.62
-8.98,6.47,-0.20,-3.13,0.90,0.76
-9.45,6.98,-0.67,-3.15,1.08,0.99
-9.49,6.32,1.10,-3.03,1.26,1.05
-9.57,5.77,2.12,-2.75,1.02,1.04
-10.08,8.16,0.00,-3.77,0.76,1.42
-9.96,10.59,1.96,-3.90,1.26,1.60
-11.41,7.73,2.16,-2.21,0.25,2.15
-10.87,9.96,-0.55,-1.55,-0.05,2.22
-11.77,8.79,0.35,-1.96,0.33,2.65
-12.28,6.39,1.69,-1.55,0.38,2.88
-12.20,4.59,2.55,-0.81,0.16,2.76
-11.06,4.28,2.43,-0.88,0.18,2.66
-10.63,3.30,3.49,-1.09,0.24,2.65
-10.67,-0.75,3.73,-0.31,-0.08,2.26
-10.71,-2.59,2.51,0.28,-0.46,1.74
-9.61,-2.16,-0.12,-0.04,-0.37,1.20
-9.02,-3.69,1.26,-0.69,0.26,0.78
-10.12,-4.12,1.41,-0.69,0.41,0.30
-9.92,-0.94,2.31,-0.97,0.95,-0.40
-9.18,-1.96,4.94,-1.02,1.27,-0.62
-8.51,-0.78,4.90,-0.22,0.77,-1.17
-8.47,0.78,2.82,-1.08,0.69,-1.32
-9.06,1.29,3.80,-1.59,1.21,-1.36
-9.57,2.63,5.61,-0.73,1.24,-1.75
-9.57,4.75,5.81,-0.50,1.14,-1.97
-9.41,6.39,5.96,-0.39,1.09,-1.98
-9.26,7.37,5.18,0.43,0.76,-1.94
-9.45,8.28,5.26,0.76,0.67,-1.86
-9.10,10.40,4.90,0.29,0.68,-1.53
-10.55,9.65,5.22,-0.18,0.64,-0.90
-10.51,10.71,4.90,-0.05,0.58,-0.75
-8.79,11.34,5.88,-0.30,0.86,-0.47
-7.49,9.73,7.22,1.05,0.22,-0.15
-7.57,9.14,5.30,1.41,-0.37,0.25
-8.08,10.08,3.69,-0.08,-0.12,0.86
-8.43,9.49,5.37,-2.13,0.59,1.70
-8.51,7.57,6.71,-1.78,0.27,1.85
-8.79,7.26,5.65,-0.80,-0.47,1.89
-9.18,7.53,3.02,-0.30,-0.73,2.08
-9.49,7.30,4.08,-0.25,-0.53,2.24
-10.67,6.98,4.39,-0.66,-0.60,2.53
-11.18,6.55,4.20,-1.02,-0.71,2.71
-11.53,5.14,3.18,-0.67,-0.93,2.64
-11.22,3.96,1.65,0.08,-1.13,2.39
-10.71,2.16,0.86,0.75,-0.98,1.95
-10.94,-0.75,0.00,0.41,-0.73,1.82
-10.75,-2.20,-0.12,-0.27,-0.24,1.24
-10.79,-2.00,1.80,-0.48,0.30,0.58
-11.65,-5.02,2.98,-0.16,0.17,0.05
-9.69,0.43,0.16,0.73,-0.29,-1.27
-9.69,1.73,1.22,0.28,0.37,-1.33
-10.59,-0.35,3.45,0.05,0.64,-1.36
-10.36,1.49,3.61,-0.05,0.65,-1.78
-9.41,2.00,2.90,0.16,0.73,-1.93
-8.71,2.51,3.73,0.71,0.66,-2.22
-8.12,3.18,3.41,0.59,0.63,-2.31
-8.12,4.47,3.65,0.27,0.68,-2.29
-8.67,5.30,3.41,0.45,0.51,-2.29
-8.98,6.86,3.73,0.46,0.56,-2.26
-9.45,7.34,4.59,0.10,0.61,-2.05
-8.98,8.04,4.12,0.07,0.45,-1.83
-8.47,8.36,4.63,-0.05,0.54,-1.56
-8.67,8.20,4.12,0.01,0.34,-1.34
-8.90,8.59,4.12,-0.00,0.54,-1.03
-8.51,9.22,5.77,-0.15,0.68,-0.75
-8.20,9.89,6.16,-0.57,0.56,-0.41
-10.67,6.55,5.84,-0.23,0.16,0.10
-10.16,8.94,5.57,0.35,0.27,-0.16
-8.51,10.71,9.34,-0.35,0.64,0.22
-10.36,8.75,8.12,-0.48,-0.39,1.01
-11.61,9.34,4.82,-0.81,-0.97,1.52
-11.57,8.98,3.18,-0.93,-0.96,1.80
-10.90,8.59,2.75,-0.66,-0.90,2.18
-10.71,7.18,3.33,-0.61,-0.75,2.62
-11.18,5.30,3.65,-0.53,-0.90,2.79
-11.69,3.30,2.79,-0.57,-1.04,2.86
-11.57,2.31,1.84,-0.64,-1.01,2.67
-10.90,1.84,0.86,-0.81,-0.91,2.52
-10.47,0.71,0.55,-1.03,-0.58,2.42
-10.00,-0.86,0.98,-0.90,-0.40,2.10
-9.92,-1.61,0.51,-0.52,-0.48,1.39
-10.63,-2.28,-0.24,-0.86,-0.39,0.84
-10.08,-0.51,-0.90,-1.11,-0.06,0.39
-10.79,-1.29,0.78,-0.87,0.53,0.03
-11.18,-1.33,0.90,0.40,0.38,-0.87
-9.22,1.22,-0.04,0.70,0.61,-1.28
-9.18,1.69,3.41,0.55,1.48,-1.36
-10.83,-0.39,5.02,1.31,0.98,-1.66
-10.55,0.94,3.14,1.24,0.76,-1.94
-9.30,2.82,3.57,0.58,1.15,-2.17
-7.88,3.84,4.35,1.13,1.08,-2.21
-7.81,4.31,5.02,1.22,0.94,-2.16
-8.36,4.51,5.18,0.76,0.72,-1.99
-9.10,4.98,4.71,0.62,0.54,-1.99
-9.30,6.67,4.16,0.82,0.46,-1.96
-8.98,7.41,4.20,0.90,0.55,-1.78
-8.75,8.20,5.45,0.83,0.54,-1.48
-8.98,9.69,5.26,0.77,0.37,-1.27
-9.22,9.96,5.18,0.50,0.37,-0.82
-8.67,9.53,6.12,0.67,0.38,-0.40
-8.63,9.73,6.20,0.60,0.18,-0.12
-11.26,7.10,5.22,0.27,-0.16,0.36
-10.36,11.02,5.45,0.15,-0.04,0.16
-8.47,10.67,7.69,-0.87,0.40,0.81
-10.12,7.92,7.41,-0.39,-0.80,1.39
-11.22,8.12,3.73,-0.45,-1.13,1.56
-10.83,7.69,2.47,-0.91,-0.75,1.94
-10.04,7.49,2.43,-0.14,-0.75,2.08
-10.12,5.84,3.18,-0.35,-0.63,2.38
-10.04,5.22,4.43,-0.98,-0.66,2.60
-10.90,4.28,2.59,-0.46,-1.29,2.59
-11.06,2.75,1.45,-0.14,-1.30,2.54
-10.20,1.80,1.33,-0.01,-1.02,2.30
-9.53,1.06,2.04,-0.14,-0.76,2.02
-9.57,0.67,1.73,-0.11,-0.80,1.78
-10.20,0.39,0.67,-0.12,-0.77,1.50
-10.36,-0.75,0.47,-0.49,-0.21,1.03
-9.57,0.20,1.84,-0.42,0.12,0.46
-10.43,-1.69,2.00,0.07,0.03,-0.20
-9.65,-0.43,0.20,0.65,0.05,-1.19
-8.20,3.37,1.29,0.46,0.66,-1.45
-9.49,0.55,4.51,0.13,1.16,-1.33
-9.89,1.57,4.67,0.30,0.86,-1.84
-8.83,3.26,2.98,0.25,0.85,-2.04
-8.12,4.16,3.14,0.39,0.98,-2.10
-7.69,4.04,3.88,0.35,1.16,-2.07
-7.69,4.51,4.39,0.24,1.04,-2.04
-8.39,4.98,4.75,0.30,0.87,-1.99
-9.06,5.84,4.04,0.39,0.73,-1.98
-9.38,7.65,4.51,0.54,0.72,-2.01
-8.51,9.38,5.22,0.18,0.92,-1.75
-8.28,9.26,5.92,-0.10,0.88,-1.39
-8.90,9.02,5.41,0.27,0.51,-0.96
-9.30,8.16,5.88,0.44,0.52,-0.74
-8.24,9.34,5.53,0.56,0.41,-0.65
-9.30,9.77,6.63,0.52,0.22,-0.23
-11.49,6.79,5.14,0.57,-0.17,-0.11
-8.94,11.69,5.88,-0.17,0.29,-0.09
-8.39,10.71,8.55,-0.90,0.32,0.86
-10.36,7.41,6.20,0.29,-1.03,1.21
-10.87,7.34,2.71,0.16,-1.15,1.41
-9.69,6.75,3.02,-0.44,-0.62,1.67
-8.90,6.71,3.53,0.06,-0.79,1.89
-9.18,6.32,2.51,0.04,-0.87,2.12
-9.73,4.59,3.53,-0.77,-0.64,2.39
-10.08,4.31,2.55,-0.63,-0.97,2.35
-10.28,3.10,1.53,-0.39,-1.05,2.24
-9.85,2.24,1.10,-0.34,-0.84,2.02
-9.02,1.77,1.57,-0.43,-0.62,1.72
-8.90,1.02,1.14,-0.21,-0.67,1.45
-10.16,-0.39,0.43,-0.02,-0.58,1.03
-10.04,-0.71,0.55,-0.24,-0.07,0.37
-9.26,-0.27,1.53,-0.21,0.19,-0.00
-10.75,-1.45,1.80,0.29,0.08,-0.65
-10.40,0.47,1.45,0.40,0.23,-1.40
-8.63,3.65,2.75,0.41,0.70,-1.76
-9.53,2.75,3.57,0.72,0.68,-1.68
-10.63,2.86,3.45,0.80,0.62,-1.85
-9.85,4.43,3.65,-0.01,0.99,-1.88
-8.51,4.75,4.39,0.09,1.06,-1.80
-7.41,4.71,4.12,0.59,0.77,-1.79
-7.22,4.98,3.96,0.49,0.70,-1.73
-7.26,5.45,4.75,0.23,0.65,-1.57
-8.08,5.69,3.80,0.47,0.39,-1.52
-8.36,6.43,3.10,0.70,0.34,-1.51
-7.73,7.49,4.31,0.52,0.59,-1.36
-7.77,8.28,4.28,0.65,0.45,-1.19
-8.16,8.00,4.16,0.78,0.32,-0.88
-8.79,8.51,4.79,0.51,0.35,-0.63
-8.90,8.71,4.98,0.28,0.38,-0.32
-10.08,7.57,6.75,0.35,0.32,0.01
-13.49,6.43,5.88,0.83,-0.34,-0.14
-10.12,10.47,4.71,0.41,-0.02,-0.12
-9.02,8.20,7.22,0.27,0.15,0.70
-10.79,5.81,4.79,1.00,-0.96,1.01
-10.63,5.77,2.12,0.25,-0.83,1.23
-8.55,6.55,3.69,-0.89,-0.10,1.48
-7.41,5.61,4.82,-0.32,-0.41,1.67
-7.26,4.43,3.77,0.11,-0.93,1.68
-7.65,4.55,1.84,-0.28,-0.90,1.76
-8.00,4.55,2.00,-0.65,-0.55,1.91
-8.87,2.94,3.49,-0.46,-0.45,1.86
-9.14,2.35,3.26,-0.14,-0.70,1.54
-8.83,2.28,2.39,-0.20,-0.74,1.35
-9.41,1.41,1.80,-0.13,-0.73,1.10
-10.67,0.63,2.12,0.03,-0.63,0.75
-10.55,0.63,1.65,0.14,-0.55,0.44
-9.85,0.94,1.65,0.30,-0.34,-0.03
-11.92,-1.02,2.67,0.22,-0.20,-0.32
-11.92,-1.26,1.92,0.47,-0.25,-1.00
-8.71,4.12,1.02,0.52,0.28,-1.61
-9.18,2.35,3.61,0.69,0.49,-1.45
-10.08,1.77,4.00,0.78,0.26,-1.58
-9.61,2.90,2.82,0.51,0.24,-1.80
-8.55,3.45,2.82,0.94,0.30,-1.94
-7.41,4.63,3.06,1.25,0.23,-2.05
-7.14,5.22,3.37,1.01,0.12,-1.95
-7.73,5.49,2.12,1.07,-0.12,-1.85
-8.20,6.04,1.33,1.08,-0.04,-1.83
-8.47,7.06,2.04,0.68,0.35,-1.67
-8.08,8.16,4.04,0.51,0.48,-1.40
-8.59,8.32,4.31,0.88,0.20,-1.19
-9.53,8.87,3.06,1.04,0.21,-0.96
-9.49,8.87,4.75,0.77,0.58,-0.63
-8.51,9.34,6.28,0.74,0.55,-0.47
-11.02,6.94,6.32,1.06,-0.04,-0.08
-11.45,8.43,4.00,1.35,-0.44,-0.21
-7.92,11.53,8.16,-0.02,0.57,0.02
-9.10,6.71,8.16,0.09,-0.34,1.03
-10.28,6.63,4.08,0.96,-1.33,1.06
-9.81,6.71,2.20,-0.20,-0.64,1.29
-8.12,6.43,4.16,-0.52,-0.21,1.47
-7.73,6.00,4.51,-0.03,-0.50,1.56
-7.45,6.08,5.18,-0.31,-0.53,1.76
-7.85,4.63,5.45,-0.18,-0.93,1.92
-8.63,3.92,3.65,0.34,-1.30,1.88
-8.83,4.00,2.39,0.33,-1.26,1.81
-8.67,3.30,2.12,0.06,-0.99,1.72
-8.43,2.16,1.61,0.11,-0.91,1.56
-8.71,1.18,1.10,0.31,-0.83,1.20
-9.92,0.51,1.14,-0.03,-0.46,0.81
-10.16,0.59,1.65,-0.13,-0.26,0.42
-8.90,1.22,1.37,0.21,-0.17,-0.16
-10.87,-0.55,2.35,0.36,-0.11,-0.57
-11.02,0.51,3.41,0.37,-0.05,-1.15
-9.26,4.98,1.80,0.54,-0.10,-1.64
-9.73,3.37,3.69,0.83,0.06,-1.51
-10.16,2.67,3.65,1.06,-0.10,-1.66
-8.79,3.80,2.67,0.74,0.06,-1.88
-6.94,4.67,3.06,0.82,0.27,-1.94
-6.20,4.82,2.98,1.24,0.13,-1.95
-6.51,4.63,2.71,1.27,-0.08,-2.02
-7.30,5.77,1.29,0.91,-0.10,-1.97
-7.81,7.45,2.12,0.48,0.27,-1.87
-8.71,6.90,3.02,0.51,0.26,-1.72
-8.55,8.98,2.90,0.74,0.21,-1.72
-8.16,9.77,3.80,0.79,0.32,-1.43
-8.39,9.77,4.00,0.94,0.20,-1.10
-9.18,9.53,3.77,0.96,0.13,-0.86
-9.06,10.08,4.35,0.85,0.23,-0.56
-9.30,9.92,6.16,0.67,0.31,-0.18
-11.34,8.16,5.53,1.03,-0.15,-0.01
-9.06,11.34,4.12,0.57,0.09,0.02
-7.81,10.43,7.41,-0.38,0.28,0.83
-9.81,7.81,5.41,-0.07,-0.49,1.16
-10.04,7.77,3.10,-0.35,-0.59,1.32
-8.71,7.41,3.65,-0.74,-0.19,1.53
-7.96,7.06,4.28,-0.32,-0.36,1.61
-7.61,7.30,4.12,-0.10,-0.63,1.76
-8.28,6.16,3.65,-0.40,-0.83,2.09
-8.90,5.45,2.08,-0.24,-1.00,2.14
-9.18,4.63,2.00,-0.02,-0.98,2.14
-9.30,3.26,1.73,-0.11,-0.83,2.02
-8.71,2.75,1.29,-0.08,-0.75,1.84
-8.43,2.04,0.63,0.01,-0.65,1.54
-9.06,0.35,0.71,-0.00,-0.45,1.09
-10.04,0.00,0.59,-0.07,-0.34,0.67
-9.26,1.65,0.47,-0.22,0.12,-0.04
-8.51,2.31,2.94,-0.11,0.39,-0.32
-9.49,1.06,3.41,0.15,0.16,-0.64
-9.22,2.39,2.98,0.37,-0.03,-1.21
-8.87,4.12,2.75,0.57,-0.05,-1.47
-9.45,3.18,1.77,1.03,-0.24,-1.58
-9.61,3.02,1.06,0.75,0.15,-1.85
-8.47,4.79,2.43,0.14,0.70,-1.98
-7.37,4.94,4.08,0.08,0.90,-1.98
-6.75,5.26,4.24,0.46,0.62,-2.04
-6.55,6.35,4.08,0.53,0.47,-2.04
-7.41,6.55,3.30,0.59,0.18,-1.88
-8.04,7.53,2.43,0.74,0.12,-1.91
-7.77,9.14,2.86,0.54,0.30,-1.81
-7.30,10.51,3.80,0.30,0.46,-1.50
-7.22,10.40,4.28,0.51,0.30,-1.04
-8.04,10.08,3.84,0.49,0.20,-0.80
-8.83,10.16,4.12,0.06,0.36,-0.44
-9.02,11.10,5.88,0.04,0.39,-0.12
-10.90,9.30,7.61,0.32,0.20,0.15
-11.49,9.57,3.69,1.13,-0.65,0.14
-8.79,13.65,3.65,0.69,-0.08,0.49
-9.06,10.55,5.53,0.34,0.01,1.20
-10.55,8.12,3.22,0.41,-0.66,1.72
-10.36,8.08,1.61,-0.12,-0.32,1.86
-9.30,8.28,2.63,-0.89,0.04,2.04
-8.67,8.43,3.45,-0.62,-0.04,2.33
-8.75,6.51,2.98,-0.36,-0.30,2.53
-8.75,5.65,2.86,-0.59,-0.42,2.54
-8.98,3.65,1.57,-0.57,-0.59,2.51
-8.39,2.75,1.29,-0.21,-0.58,2.26
-7.73,1.49,0.82,-0.04,-0.51,1.84
-7.22,1.45,0.43,-0.35,-0.30,1.43
-6.90,1.18,0.90,-0.42,-0.14,1.11
-7.49,0.82,1.14,-0.10,-0.20,0.59
-8.59,0.82,1.26,-0.00,-0.17,0.06
-8.55,2.20,0.75,-0.12,-0.04,-0.34
-8.63,2.90,2.12,-0.29,0.22,-0.67
-10.51,1.77,3.06,0.05,0.12,-1.24
-10.04,3.22,2.31,0.10,-0.07,-1.67
-8.08,6.35,2.00,-0.15,0.29,-1.91
-9.45,4.00,3.41,0.06,0.45,-1.79
-10.47,4.55,3.18,0.35,0.33,-2.07
-9.41,6.43,4.31,-0.33,0.85,-2.23
-7.96,6.47,5.10,-0.14,0.77,-2.15
-6.83,7.37,4.51,0.35,0.48,-2.17
-6.47,7.18,3.45,0.21,0.26,-1.87
-6.55,6.90,2.67,-0.30,0.42,-1.49
-6.86,6.67,3.18,-0.34,0.62,-1.39
-7.02,6.59,4.28,-0.25,0.70,-1.36
-6.55,7.65,4.71,-0.22,0.59,-1.26
-6.71,7.57,4.35,0.24,0.36,-1.11
-7.10,8.67,3.53,0.55,0.26,-0.99
-7.69,9.02,4.12,0.12,0.36,-0.66
-7.06,9.30,4.79,-0.19,0.42,-0.20
-10.00,7.06,5.49,-0.12,0.10,0.29
-12.36,7.61,2.67,0.47,-0.40,0.23
-12.40,11.22,6.20,-0.78,0.54,0.31
-11.10,10.04,8.51,-1.72,0.47,1.04
-11.89,7.92,5.33,-0.12,-0.81,1.05
-11.61,7.69,0.51,0.73,-1.18,1.03
-9.96,8.24,1.29,-1.70,0.24,1.58
-8.67,6.79,5.30,-2.38,0.49,1.85
-8.32,6.83,4.71,-1.04,-0.67,1.85
-9.10,6.43,2.31,-0.37,-1.18,2.07
-9.38,5.45,2.35,-0.54,-1.01,2.24
-9.22,4.71,2.67,-0.78,-0.90,2.38
-9.38,3.96,2.31,-0.49,-1.07,2.37
-9.18,3.22,2.00,-0.36,-1.06,2.29
-9.30,2.20,2.04,-0.47,-0.92,2.10
-9.49,1.65,2.24,-0.52,-0.83,1.69
-10.16,1.61,3.26,-0.33,-0.68,1.40
-11.18,-0.86,2.08,0.16,-0.80,0.73
-9.14,2.20,0.04,0.17,-0.39,-0.11
-8.94,2.51,2.12,-0.20,0.26,-0.14
-9.92,1.45,4.20,0.25,0.54,-0.57
-9.49,0.98,3.14,0.32,0.73,-1.04
-7.61,1.80,2.71,0.17,1.02,-1.29
-7.14,1.88,2.47,0.77,1.14,-1.52
-6.08,3.53,3.69,1.02,1.15,-1.63
-7.22,1.57,4.63,0.58,0.76,-1.54
-7.65,3.84,3.26,0.74,0.37,-1.88
-8.24,5.26,2.28,0.91,0.36,-1.88
-7.92,6.79,2.98,1.29,0.31,-1.96
-9.30,7.57,3.26,1.50,0.07,-1.77
-10.43,8.04,3.26,1.75,-0.07,-1.68
-12.83,8.28,3.92,1.84,-0.25,-1.49
-13.14,8.75,3.84,1.42,-0.37,-1.36
-12.32,8.39,5.26,1.21,-0.44,-1.19
-12.59,7.53,2.51,2.33,-1.50,-1.05
-13.49,6.63,0.94,3.19,-1.93,-0.99
-11.26,7.37,0.27,2.98,-1.57,-1.03
-8.98,5.81,1.18,2.44,-1.33,-0.58
-8.00,3.80,1.80,2.85,-1.70,-0.39
-7.61,3.10,1.73,3.02,-1.85,-0.38
-7.18,2.24,2.79,2.42,-1.79,-0.30
-7.61,0.55,2.59,2.40,-2.21,-0.31
-9.34,-1.53,1.45,2.58,-2.63,-0.48
-10.47,0.71,-1.02,2.29,-2.97,-0.84
-13.42,0.75,2.79,1.22,-2.47,-0.96
-17.81,-2.82,-0.08,1.57,-3.18,-1.39
-17.73,1.18,-6.51,3.36,-3.68,-3.10
-10.59,8.55,-7.26,2.40,-0.56,-3.50
-7.85,8.00,4.12,1.26,0.96,-2.72
-6.94,4.24,7.57,1.32,0.05,-2.21
-7.77,4.63,3.41,3.32,-1.62,-2.87
-8.90,5.18,-2.55,4.37,-2.24,-3.02
-8.24,8.90,-3.10,4.23,-1.69,-3.22
-8.12,8.90,-1.26,2.76,-0.98,-2.65
-7.18,14.04,-1.92,2.75,-0.96,-2.66
-5.53,16.20,1.33,2.08,-0.24,-1.90
-4.90,13.14,3.80,1.68,-0.22,-1.11
-3.84,14.59,1.77,2.12,-0.56,-0.89
-4.00,13.45,3.14,1.60,-0.10,-0.22
-5.49,11.61,5.06,1.46,-0.18,0.13
-7.10,13.10,3.96,1.03,-0.34,0.34
-8.32,11.89,5.53,0.70,-0.00,0.81
-10.63,10.43,6.28,0.83,-0.13,1.10
-12.94,8.43,7.45,0.43,-0.09,1.42
-13.53,9.26,8.04,-0.16,0.02,1.53
-12.79,10.00,7.22,0.22,-0.14,1.60
-10.24,8.90,7.10,0.99,-0.21,1.75
-8.47,6.08,8.36,0.18,-0.07,2.08
-8.32,4.98,6.51,-0.33,-0.58,2.22
-8.24,4.35,4.00,-0.40,-0.78,2.06
-7.10,3.69,3.30,0.12,-0.88,1.64
-5.81,3.65,2.63,0.35,-0.96,1.49
-5.57,2.16,0.98,0.08,-1.15,1.45
-5.33,1.65,-0.27,-0.19,-0.89,1.13
-4.94,2.04,0.35,0.31,-0.69,0.77
-5.02,0.67,0.27,0.57,-0.53,0.51
-5.77,1.41,0.67,-0.05,-0.18,0.07
-6.24,2.63,2.16,-0.32,0.11,-0.22
-6.90,2.00,2.35,-0.04,0.02,-0.65
-8.47,2.47,0.82,0.42,-0.08,-1.29
-9.92,4.63,1.77,0.02,0.44,-1.63
-11.18,4.24,4.47,-0.38,0.78,-1.95
-12.79,4.86,4.31,0.05,0.36,-2.38
-12.00,4.71,3.06,0.27,0.30,-2.69
-10.63,8.24,4.98,0.21,0.54,-2.99
-10.87,7.37,5.53,0.19,0.35,-2.75
-10.90,8.08,4.20,0.80,-0.01,-2.74
-9.69,8.94,2.28,0.69,0.01,-2.48
-7.96,8.83,2.94,0.38,0.35,-2.18
-6.71,7.88,3.57,0.20,0.66,-1.80
-4.75,8.67,4.71,0.19,0.54,-1.38
-4.71,6.79,4.71,0.26,0.17,-1.01
-5.02,7.53,2.67,0.55,-0.23,-0.88
-6.00,7.02,2.67,0.26,0.00,-0.66
-6.83,8.04,3.41,0.03,0.09,-0.53
-7.41,9.45,4.55,-0.05,0.26,-0.31
-9.02,9.92,5.57,0.22,0.12,0.05
-10.24,10.20,5.69,0.34,-0.07,0.31
-12.67,9.22,4.39,0.42,-0.41,0.73
-13.06,9.41,3.06,0.65,-0.36,0.87
-10.16,11.22,3.65,0.13,0.17,1.12
-9.26,9.53,5.61,-0.44,0.29,1.84
-10.71,8.12,4.08,-0.27,-0.25,2.27
-11.49,7.65,3.22,-0.65,-0.07,2.44
-11.02,6.71,4.39,-0.99,0.12,2.65
-9.81,5.77,4.08,-0.28,-0.38,2.65
-8.63,5.30,2.59,-0.09,-0.58,2.53
-8.12,4.00,1.69,-0.49,-0.51,2.59
-7.41,3.30,1.77,-0.44,-0.42,2.46
-7.37,1.22,2.20,-0.22,-0.48,2.37
-7.06,0.16,1.84,0.08,-0.65,1.92
-7.10,0.35,0.20,0.14,-0.55,1.42
-7.49,0.67,0.35,-0.16,-0.19,1.01
-8.90,0.55,2.12,-0.32,-0.04,0.46
-9.81,1.10,2.00,-0.51,-0.08,0.05
-9.77,1.69,1.14,-0.44,0.02,-0.58
-8.36,4.86,3.73,-0.37,0.65,-1.15
-10.16,1.69,7.06,-0.78,0.80,-1.04
-9.61,4.31,5.37,0.25,-0.14,-1.86
-9.34,4.82,0.00,1.75,-1.05,-2.17
-9.53,4.08,-0.51,1.66,-0.67,-2.28
-10.00,4.63,0.12,-0.10,0.62,-2.29
-8.79,6.08,4.94,-1.15,1.72,-2.29
-7.41,5.06,7.30,-0.73,1.56,-2.27
-6.71,5.57,6.35,0.57,0.51,-2.49
-7.10,6.08,2.82,0.58,0.06,-2.45
-7.37,7.22,3.14,0.22,0.42,-2.36
-8.08,7.18,4.79,-0.10,0.54,-2.10
-8.20,9.30,4.71,-0.08,0.41,-2.02
-7.45,10.47,4.82,-0.26,0.46,-1.76
-7.69,10.32,5.69,-0.28,0.46,-1.26
-8.20,10.79,5.26,0.10,0.19,-0.80
-8.43,10.98,5.69,0.15,0.31,-0.56
-8.24,12.00,7.37,0.17,0.24,-0.05
-12.43,8.75,4.24,0.73,-0.72,0.31
-9.61,14.40,3.77,0.02,0.05,0.40
-8.79,12.51,8.47,-1.24,0.66,1.60
-11.65,10.36,5.69,-0.54,-0.86,2.22
-12.94,9.38,2.75,-0.99,-0.70,2.73
-12.28,7.41,3.65,-1.61,-0.04,3.07
-11.30,6.16,4.67,-1.07,-0.23,3.08
-11.30,5.73,3.22,-0.34,-0.89,3.10
-11.45,4.28,2.47,-0.28,-0.96,3.18
-11.02,2.98,1.65,-0.28,-0.93,3.08
-10.20,1.26,1.26,-0.29,-0.85,2.80
-9.18,0.47,0.27,-0.26,-0.77,2.32
-7.85,-1.14,0.08,-0.30,-0.54,1.95
-7.34,-1.41,0.27,-0.22,-0.31,1.23
-8.08,-1.73,0.59,-0.18,-0.16,0.52
-9.18,-0.86,0.27,-0.26,-0.05,-0.00
-8.20,1.37,1.14,-0.29,0.41,-0.76
-9.26,0.75,3.65,-0.00,0.56,-1.15
-10.28,1.22,3.45,0.52,0.30,-1.63
-10.12,2.75,1.69,0.73,0.17,-2.23
-10.20,4.04,3.33,0.36,0.53,-2.33
-11.81,3.84,3.10,0.36,0.52,-2.48
-11.22,6.39,3.49,-0.19,1.24,-2.68
-9.02,7.57,6.28,-0.77,1.92,-2.48
-7.26,7.45,7.88,-0.52,1.82,-2.29
-6.24,7.18,7.26,0.14,1.02,-2.02
-6.63,6.94,4.79,0.39,0.38,-1.80
-7.45,7.10,4.16,0.22,0.43,-1.64
-8.00,7.34,4.31,-0.04,0.54,-1.48
-7.30,8.67,5.77,-0.36,0.82,-1.32
-6.28,9.22,6.55,-0.30,0.70,-1.13
-6.28,10.04,5.45,-0.18,0.28,-0.68
-7.57,9.89,5.14,-0.52,0.19,-0.16
-8.08,10.40,5.49,-0.82,0.21,0.18
-10.20,9.89,7.26,-0.71,-0.02,0.68
-13.06,9.38,3.57,-0.22,-0.74,0.65
-10.36,14.51,4.43,-1.03,0.03,0.91
-11.30,10.79,7.45,-1.32,-0.09,1.99
-13.18,9.34,2.47,0.02,-1.27,2.24
-13.53,8.00,-0.27,-0.29,-1.10,2.53
-12.51,7.22,2.12,-1.59,0.15,2.78
-10.20,6.12,3.69,-1.44,0.22,2.82
-9.49,4.82,3.37,-0.84,-0.44,2.83
-9.73,5.18,1.69,-0.58,-0.72,2.82
-10.00,3.10,1.02,-0.44,-0.60,2.81
-10.00,1.96,1.22,-0.16,-0.48,2.55
-9.89,1.29,1.53,-0.26,-0.37,2.19
-9.65,0.51,2.63,-0.39,-0.32,1.89
-9.53,0.35,1.61,-0.02,-0.66,1.28
-9.26,0.31,1.14,-0.05,-0.59,0.75
-8.90,0.94,0.82,-0.10,-0.44,0.35
-10.08,-0.31,1.41,0.07,-0.20,-0.17
-9.81,-0.24,0.63,0.46,-0.10,-1.21
-8.28,3.80,-1.57,0.42,0.43,-1.60
-8.59,3.14,2.86,-0.11,1.60,-1.58
-9.14,3.88,4.51,-0.44,1.80,-1.71
-8.63,3.69,5.84,-0.88,2.02,-1.70
-7.77,4.43,5.96,-0.41,1.98,-1.87
-6.51,6.04,7.30,-0.17,1.64,-1.77
-6.90,5.33,5.37,-0.53,1.23,-1.45
-7.49,3.96,4.82,-1.31,1.31,-1.33
-7.45,6.79,5.84,-0.96,1.28,-1.65
-8.24,6.79,5.92,-0.52,1.02,-1.52
-8.90,7.18,4.98,-0.33,0.92,-1.47
-7.96,8.59,6.28,-0.67,1.20,-1.19
-7.18,8.71,7.14,-0.78,1.03,-0.98
-7.85,9.02,6.16,-0.54,0.49,-0.53
-8.59,9.61,5.41,-0.44,0.40,-0.30
-10.63,8.87,8.08,-0.57,0.45,0.11
-12.32,10.32,4.16,0.03,-0.42,0.20
-10.12,12.55,4.55,-0.60,0.01,0.48
-10.16,10.83,7.06,-1.60,0.37,1.36
-11.41,9.77,3.65,-0.83,-0.74,1.76
-11.77,9.92,1.65,-1.06,-0.73,2.06
-10.51,9.02,2.63,-1.64,-0.11,2.53
-9.73,7.26,3.80,-1.43,-0.44,2.88
-10.08,6.12,2.71,-1.33,-0.71,3.01
-10.47,4.98,2.04,-1.31,-0.82,3.12
-10.40,3.80,1.96,-0.92,-0.83,2.98
-10.28,2.31,1.69,-0.72,-0.90,2.88
-9.73,0.31,1.96,-0.55,-0.80,2.33
-9.14,0.94,1.53,-0.57,-0.90,1.65
-9.41,1.57,0.20,-0.74,-0.86,1.35
-9.81,0.35,0.24,-0.71,-0.69,0.87
-9.61,1.29,-0.20,-0.30,-0.40,0.07
-9.89,1.69,1.33,0.07,-0.16,-0.19
-10.55,0.04,0.94,0.95,-0.18,-0.88
-8.36,2.71,0.27,0.93,0.43,-1.37
-7.37,3.57,2.79,0.96,0.90,-1.45
-9.02,0.31,4.12,1.11,0.79,-1.43
-9.77,2.04,2.67,0.89,0.84,-1.94
-8.79,3.49,3.73,-0.09,1.52,-2.09
-8.04,4.86,4.86,-0.16,1.76,-2.24
-7.14,5.96,6.28,0.08,1.61,-2.15
-7.49,4.71,6.28,-0.06,1.30,-1.98
-8.20,5.77,5.22,0.12,0.87,-2.01
-8.79,6.71,4.47,0.13,0.88,-1.95
-8.59,7.88,4.90,0.18,0.97,-1.83
-7.85,8.87,6.24,-0.08,1.01,-1.46
-7.65,9.14,6.47,-0.05,0.78,-1.17
-8.59,8.71,5.10,0.24,0.28,-0.73
-9.26,9.30,4.24,0.16,0.27,-0.42
-8.20,9.85,5.96,-0.09,0.52,-0.16
-8.90,9.30,7.22,0.12,0.31,0.28
-10.90,8.20,4.79,1.14,-0.76,0.48
-11.18,9.30,1.73,0.74,-0.42,0.51
-8.90,11.77,6.20,-1.55,0.97,1.14
-10.32,9.06,6.12,-1.24,-0.08,1.74
-11.65,10.08,3.30,-0.90,-0.49,1.93
-10.87,8.94,3.49,-1.20,-0.13,2.39
-9.89,7.73,4.43,-0.77,-0.45,2.73
-9.96,6.51,3.14,-0.44,-0.80,2.86
-10.28,4.98,2.20,-0.53,-0.87,3.03
-10.47,3.45,1.88,-0.71,-0.86,3.00
-10.36,1.77,1.22,-0.66,-0.86,2.86
-10.00,0.90,0.63,-0.48,-0.76,2.38
-8.90,0.63,0.43,-0.24,-0.55,1.75
-8.59,0.00,0.55,-0.09,-0.45,1.35
-9.30,-0.27,0.31,-0.04,-0.31,0.80
-9.41,-0.51,0.43,0.12,-0.08,0.02
-10.63,-0.78,1.53,0.14,0.12,-0.42
-10.94,-0.20,1.57,0.43,0.21,-1.32
-8.32,4.98,1.06,0.53,0.44,-2.02
-8.00,4.55,4.47,0.06,1.23,-1.78
-9.92,3.14,5.53,0.39,0.91,-1.80
-10.28,4.28,4.04,0.42,0.76,-2.00
-9.02,5.10,3.96,0.10,1.03,-2.13
-7.92,5.88,3.92,0.55,1.03,-2.15
-6.90,6.59,4.55,0.65,0.98,-2.07
-7.14,5.06,4.75,0.10,0.81,-1.84
-7.57,6.71,4.55,0.06,0.56,-1.83
-8.08,7.30,4.28,0.32,0.39,-1.76
-8.51,7.37,3.80,0.65,0.16,-1.63
-8.12,9.02,3.57,0.50,0.23,-1.49
-7.73,9.34,3.88,0.31,0.31,-1.23
-8.63,9.41,3.80,0.27,0.30,-0.86
-8.83,10.08,4.39,0.03,0.53,-0.55
-8.08,11.30,5.61,-0.19,0.63,-0.25
-10.08,10.12,6.79,0.20,0.13,0.42
-10.67,11.65,2.86,1.11,-0.39,0.52
-8.55,13.14,3.57,0.48,0.33,1.00
-9.49,9.49,6.00,0.12,0.25,1.88
-11.53,8.79,4.47,-0.01,-0.48,1.93
-11.61,10.04,2.16,-0.45,-0.57,2.03
-10.32,9.14,1.57,-0.59,-0.41,2.34
-9.34,7.61,1.69,-0.31,-0.37,2.62
-8.63,6.39,2.90,-0.58,-0.27,2.76
-8.75,5.73,3.02,-1.14,-0.45,2.93
-9.34,4.08,1.69,-1.01,-0.63,2.74
-8.98,1.92,0.55,-0.38,-0.71,2.51
-8.16,1.29,0.24,-0.17,-0.53,2.00
-7.41,0.12,0.35,-0.25,-0.41,1.67
-7.30,0.16,0.86,0.20,-0.30,0.95
-8.24,-0.71,0.08,0.22,-0.22,0.46
-8.90,0.51,0.71,-0.03,0.01,-0.10
-8.79,1.96,1.22,-0.15,0.17,-0.76
-10.04,1.45,2.16,0.12,0.20,-1.27
-10.40,2.51,2.98,0.11,0.25,-1.72
-9.10,5.57,3.10,-0.10,0.37,-2.11
-9.45,5.61,3.49,0.15,0.19,-2.04
-10.67,5.37,2.51,0.59,0.10,-2.17
-10.00,6.86,2.35,0.02,0.65,-2.22
-8.32,6.75,4.94,-0.20,1.04,-2.04
-6.75,6.75,4.94,0.32,0.63,-1.99
-6.47,6.59,3.37,0.74,0.19,-1.83
-7.26,6.43,2.55,0.42,0.26,-1.65
-7.88,6.16,3.45,0.14,0.43,-1.62
-7.96,8.08,3.06,0.31,0.32,-1.71
-7.65,8.87,3.18,0.39,0.41,-1.56
-7.06,9.73,4.04,0.31,0.44,-1.35
-7.18,10.00,4.08,0.24,0.37,-0.94
-8.04,9.89,4.00,0.05,0.38,-0.58
-8.08,10.87,5.14,-0.26,0.50,-0.37
-9.22,10.63,6.28,-0.13,0.25,0.09
-11.22,9.69,3.26,0.50,-0.39,0.22
-9.22,12.67,2.75,-0.08,0.04,0.37
-8.59,10.75,6.55,-1.31,0.63,1.25
-10.63,10.12,4.67,-0.78,-0.17,1.55
-11.30,10.43,2.75,-0.55,-0.54,1.91
-10.94,9.38,3.18,-0.75,-0.25,2.33
-10.28,8.08,3.02,-0.36,-0.52,2.56
-10.04,6.63,2.00,-0.25,-0.61,2.80
-9.92,5.30,1.77,-0.58,-0.50,2.90
-9.81,3.96,1.49,-0.82,-0.38,2.92
-9.45,1.92,1.06,-0.61,-0.40,2.73
-8.47,0.27,0.94,-0.28,-0.38,2.16
-7.22,-0.24,0.00,-0.20,-0.33,1.72
-6.51,-0.16,0.43,-0.28,-0.16,1.04
-7.02,-0.90,0.63,-0.07,-0.15,0.46
-8.08,-0.67,0.31,0.10,-0.16,-0.04
-8.90,0.86,0.55,0.15,0.12,-0.81
-10.59,0.86,1.96,0.19,0.19,-1.38
-11.41,2.00,0.86,0.65,0.08,-1.97
-9.53,6.71,1.37,0.53,0.65,-2.54
-9.38,6.75,4.71,-0.01,1.05,-2.20
-10.40,6.63,5.26,0.08,0.79,-2.07
-9.96,7.45,4.00,0.22,0.61,-2.04
-8.12,7.85,3.49,0.74,0.63,-1.92
-6.71,7.73,4.16,1.17,0.46,-1.75
-6.90,5.81,3.65,0.82,0.15,-1.37
-6.98,6.24,2.90,0.43,0.07,-1.29
-7.41,6.32,2.67,0.19,0.17,-1.25
-7.57,6.67,2.86,0.48,0.14,-1.26
-7.65,7.18,3.22,0.41,0.16,-1.23
-7.53,8.43,3.22,0.17,0.20,-1.11
-7.26,8.67,3.53,0.24,0.20,-0.81
-7.57,8.63,3.53,0.36,0.14,-0.63
-8.67,8.39,3.02,0.17,0.13,-0.37
-8.00,10.32,3.92,-0.34,0.53,-0.23
-10.43,8.75,5.84,-0.45,0.55,0.13
-11.57,8.87,4.39,0.26,-0.16,0.14
-9.53,12.24,3.14,-0.69,0.38,0.40
-8.39,11.18,5.53,-1.31,0.55,0.97
-10.04,9.22,4.08,-0.62,-0.38,1.49
-10.90,9.02,2.35,-0.79,-0.36,1.81
-9.81,8.20,2.63,-0.82,-0.24,1.96
-8.94,7.45,2.04,-0.49,-0.46,2.22
-8.98,6.24,1.57,-0.49,-0.49,2.46
-9.30,4.98,1.65,-0.66,-0.43,2.54
-9.14,3.73,1.84,-0.70,-0.44,2.46
-8.90,2.71,1.02,-0.34,-0.66,2.17
-8.83,1.92,0.39,-0.18,-0.66,1.93
-7.81,1.73,0.20,-0.15,-0.41,1.44
-7.30,1.53,0.59,-0.12,-0.27,1.06
-7.92,1.29,1.06,-0.02,-0.27,0.71
-9.02,1.37,0.75,0.00,-0.22,0.14
-8.63,3.30,1.14,0.07,0.06,-0.36
-9.85,2.00,2.35,0.17,0.04,-0.57
-9.73,2.20,1.65,0.36,-0.07,-1.22
-7.61,5.81,1.65,0.33,0.20,-1.64
-7.34,5.26,4.20,0.14,0.76,-1.58
-8.00,4.79,4.75,0.52,0.52,-1.67
-8.55,5.53,4.35,0.29,0.47,-1.71
-7.81,6.08,4.55,0.19,0.53,-1.78
-7.14,6.51,3.65,0.66,0.22,-1.81
-6.47,6.98,3.14,0.68,0.16,-1.77
-6.43,7.81,2.86,0.18,0.24,-1.56
-6.55,9.02,2.98,0.14,0.32,-1.37
-6.90,9.81,2.75,0.33,0.24,-1.18
-6.75,11.18,3.18,0.28,0.40,-0.89
-5.53,11.77,3.73,0.31,0.48,-0.42
-5.65,11.22,3.53,0.49,0.31,-0.06
-6.20,11.41,2.12,0.60,0.07,0.37
-7.10,10.63,2.20,0.18,0.37,0.73
-7.53,11.45,3.14,-0.10,0.44,0.93
-8.55,10.59,4.31,-0.12,0.32,1.28
-10.12,9.02,1.88,0.65,-0.15,1.15
-9.30,11.69,1.41,0.07,0.32,1.12
-8.08,11.22,4.98,-0.94,0.89,1.64
-9.85,8.28,4.04,-0.17,-0.10,1.86
-10.32,8.32,1.53,-0.20,-0.25,1.76
-9.10,8.04,2.75,-1.05,0.28,1.83
-8.32,6.94,2.90,-0.86,-0.07,1.84
-7.69,6.00,1.77,-0.25,-0.32,1.83
-7.37,5.45,1.80,-0.85,-0.06,1.85
-7.02,3.61,2.31,-1.16,0.04,1.90
-6.94,2.35,2.28,-0.73,-0.15,1.63
-6.86,0.47,1.92,-0.22,-0.31,1.10
-6.35,1.18,1.14,-0.09,-0.34,0.69
-6.00,1.06,2.00,-0.63,-0.08,0.37
-6.51,0.43,1.53,-0.96,-0.09,0.02
-7.65,2.12,2.79,-0.90,-0.03,-0.43
-8.79,2.94,2.24,-1.07,0.09,-0.88
-9.22,3.69,2.67,-0.33,0.36,-1.45
-10.67,2.16,4.67,0.37,0.19,-1.74
-12.12,3.45,3.02,0.53,-0.01,-2.51
-10.79,7.06,2.20,0.12,0.63,-2.98
-8.71,8.94,5.57,0.15,0.92,-2.78
-9.77,6.94,6.28,0.77,0.25,-2.48
-11.06,7.14,4.00,0.96,-0.19,-2.45
-10.00,8.28,2.35,1.04,-0.08,-2.45
-8.16,8.59,2.51,1.32,0.13,-2.26
-6.71,7.96,3.22,1.17,0.08,-1.84
-6.43,7.96,2.67,0.85,0.01,-1.57
-6.75,7.18,1.73,0.64,0.05,-1.32
-6.51,7.57,2.43,0.67,0.29,-1.17
-6.59,7.77,3.84,0.56,0.36,-1.02
-6.28,8.24,4.35,0.68,0.23,-0.83
-6.43,8.55,3.77,0.84,0.05,-0.56
-6.75,9.85,4.04,0.76,0.20,-0.35
-8.04,8.71,6.16,0.80,0.30,0.10
-9.61,9.14,7.73,1.03,0.10,0.22
-13.26,7.37,6.94,0.07,-0.01,0.66
-10.12,11.57,7.37,-0.55,0.32,0.57
-7.85,11.38,9.49,-0.71,0.41,1.04
-8.75,8.51,8.59,0.89,-1.18,1.74
-11.10,5.14,3.41,1.16,-1.56,1.85
-10.75,7.02,2.59,-0.11,-0.86,1.95
-9.85,5.45,5.37,-0.96,-0.24,2.12
-9.14,5.30,5.65,0.05,-0.97,1.96
-9.49,4.71,3.80,0.14,-1.27,1.95
-9.14,4.90,2.16,-0.35,-1.20,1.97
-9.10,2.55,2.28,-0.15,-0.92,1.92
-8.59,1.45,2.51,0.22,-0.88,1.68
-7.96,0.86,2.39,-0.02,-0.81,1.34
-7.34,0.16,2.08,-0.46,-0.67,0.93
-6.39,0.12,1.73,-0.20,-0.60,0.62
-6.08,0.00,2.04,0.14,-0.50,0.21
-6.71,-0.75,2.47,-0.06,-0.37,-0.20
-8.00,-0.86,2.31,-0.09,-0.27,-0.59
-8.43,0.43,2.67,0.81,-0.25,-1.39
-10.87,0.43,4.98,0.58,-0.20,-1.93
-12.63,3.26,4.08,0.60,-0.41,-2.52
-10.28,8.43,1.45,0.87,-0.45,-3.04
-9.92,7.69,4.16,0.90,-0.12,-2.60
-10.75,6.63,3.84,1.47,-0.45,-2.48
-11.77,5.92,2.82,1.10,-0.51,-2.42
-10.24,7.37,1.80,1.04,-0.33,-2.48
-8.75,6.98,1.57,1.86,-0.34,-2.43
-7.88,7.18,1.33,2.63,-0.64,-2.46
-7.69,6.94,0.47,2.13,-0.63,-2.28
-7.85,7.37,-0.43,1.18,-0.35,-2.05
-7.96,7.77,-0.16,1.06,0.01,-1.89
-8.39,7.61,-0.20,1.26,0.14,-1.82
-7.77,9.89,0.67,1.18,0.50,-1.76
-7.69,8.98,3.92,0.57,0.86,-1.24
-8.16,8.43,5.06,0.87,0.55,-1.01
-9.26,7.18,3.69,2.00,-0.24,-0.89
-9.45,6.98,1.41,1.99,-0.12,-0.89
-9.69,8.20,5.26,1.56,0.16,-0.88
-10.87,7.14,5.73,0.93,-0.23,-0.35
-9.10,8.83,4.51,0.98,-0.10,-0.37
-7.14,9.26,7.45,0.70,0.15,0.03
-8.16,5.06,6.20,0.97,-0.54,0.67
-9.22,5.22,5.33,0.37,-0.58,0.81
-9.34,4.98,8.75,-0.24,-0.35,0.94
-9.57,6.00,8.20,-0.26,-1.05,1.05
-10.16,7.53,5.77,0.38,-1.74,1.32
-10.59,4.75,3.65,0.53,-1.62,1.59
-10.24,4.94,4.24,0.45,-1.38,1.60
-10.12,6.47,3.80,-0.78,-1.10,1.97
-10.79,3.57,4.59,-0.65,-1.15,2.23
-10.16,3.10,4.82,0.70,-1.52,1.71
-9.89,3.06,3.33,0.86,-1.58,1.65
-9.26,2.39,4.35,0.41,-1.27,1.62
-8.36,1.22,5.61,0.09,-1.20,1.39
-7.88,1.14,4.00,0.13,-1.48,1.13
-7.77,0.94,2.16,0.11,-1.57,0.81
-7.69,-0.12,1.65,-0.11,-0.95,0.38
-7.53,-0.16,3.65,-0.08,-0.66,-0.08
-9.18,-0.08,2.20,0.65,-1.03,-0.73
-8.59,0.20,-0.78,0.42,-0.54,-1.58
-6.55,6.79,4.59,-0.21,0.53,-1.97
-8.47,2.04,7.41,-0.34,0.24,-1.51
-10.20,2.12,4.86,0.90,-0.87,-2.24
-9.26,5.57,0.31,1.10,-1.02,-2.54
-7.81,6.47,2.39,1.05,-0.17,-2.58
-7.65,5.96,4.04,1.70,-0.39,-2.46
-7.57,7.53,3.18,1.82,-0.67,-2.47
-7.61,10.20,2.47,1.10,-0.42,-2.20
-7.10,11.92,2.86,1.16,-0.07,-1.93
-5.73,13.57,4.75,1.61,-0.19,-1.59
-5.30,13.53,3.49,1.95,-0.76,-0.81
-4.71,13.61,3.61,1.50,-0.44,-0.24
-4.16,13.57,6.04,1.45,-0.32,0.17
-5.02,12.00,6.83,1.69,-0.77,0.79
-5.61,11.22,5.33,1.64,-1.06,1.13
-6.55,8.36,5.53,1.28,-0.91,1.43
-7.34,8.36,7.10,0.64,-0.62,1.49
-7.53,8.20,7.73,-0.08,-0.58,1.45
-6.55,8.98,8.67,-0.29,-0.68,1.38
-5.88,9.85,7.49,0.49,-1.37,1.35
-5.92,9.89,5.30,0.65,-1.57,1.59
-5.88,6.83,4.12,-0.13,-1.42,1.83
-5.30,8.12,4.79,-0.90,-1.01,1.68
-4.67,8.24,5.77,-1.17,-0.88,1.73
-4.39,7.61,4.71,-0.96,-1.12,1.84
-4.16,7.34,3.65,-1.00,-0.99,1.86
-3.14,7.10,3.30,-1.05,-0.74,1.78
-2.79,8.04,3.65,-0.79,-0.46,1.66
-2.20,6.90,3.96,-0.88,-0.34,1.73
-2.39,5.73,4.00,-1.05,-0.11,1.74
-0.90,5.81,4.94,-1.38,0.30,1.57
-0.47,4.63,4.82,-1.53,0.12,1.45
-0.16,2.47,4.67,-1.49,0.22,1.00
0.20,2.71,4.98,-2.06,0.63,0.28
0.47,4.86,7.34,-2.66,1.18,-0.13
0.04,3.18,8.04,-2.70,1.19,-0.19
0.20,5.33,8.16,-1.66,0.86,-0.59
-0.59,3.10,8.94,-1.85,0.81,-0.56
-0.75,3.77,9.38,-1.83,0.81,-0.76
-0.24,4.59,9.22,-1.83,0.64,-0.62
-1.73,1.69,8.59,-1.87,0.69,-0.56
-2.20,1.45,7.45,-1.50,0.72,-0.78
-1.84,2.90,8.63,-1.62,1.28,-0.86
-1.73,1.33,10.47,-1.31,1.21,-0.73
-1.73,1.61,9.77,-0.43,0.67,-0.71
-1.77,1.73,10.36,0.24,0.18,-0.55
-1.88,0.43,12.63,0.22,-0.26,-0.19
-1.84,0.71,12.51,-0.07,-0.80,-0.12
-1.53,0.35,10.43,0.81,-1.72,-0.29
-1.49,1.14,8.94,0.89,-1.68,-0.25
0.55,3.45,9.02,0.90,-1.51,-0.04
0.78,2.90,11.85,0.87,-1.36,0.17
1.37,3.37,8.00,1.22,-2.01,0.36
1.45,2.08,6.39,1.44,-1.77,0.55
1.77,2.43,6.00,1.03,-1.12,0.47
2.59,3.53,7.34,0.27,-0.47,0.54
1.92,2.00,10.51,0.53,-0.10,0.50
2.04,3.18,6.12,1.16,-0.90,0.54
1.57,2.24,6.59,0.48,-0.31,0.77
2.12,-0.08,7.02,-0.09,0.31,0.80
2.55,1.61,8.83,0.17,0.19,0.16
2.98,2.71,8.63,-0.12,0.06,0.17
2.79,3.10,7.37,-0.10,-0.00,0.15
3.02,3.57,8.00,-0.02,0.25,0.18
3.14,3.02,8.67,0.04,0.16,0.22
2.75,2.94,8.08,0.12,0.03,0.22
2.75,3.61,7.88,0.11,0.24,0.20
3.02,3.41,9.57,0.04,0.38,0.27
2.90,2.20,9.85,0.09,0.13,0.33
2.63,2.43,8.55,0.06,-0.17,0.26
2.63,3.10,7.85,0.01,-0.06,0.18
2.86,1.65,9.41,-0.52,0.22,0.21
2.71,2.00,7.85,-0.94,0.12,0.06
2.63,0.82,8.20,-1.46,0.52,-0.02
2.75,1.10,7.96,-1.04,0.58,-0.20
2.47,1.61,8.94,-0.75,0.62,-0.31
1.92,0.59,8.87,-1.14,0.58,-0.12
1.92,-0.12,9.45,-0.91,0.41,-0.21
1.80,0.71,10.00,-0.55,0.26,-0.47
2.08,2.71,9.77,-0.10,-0.20,-0.55
2.00,1.18,9.26,-0.18,-0.21,-0.30
2.55,1.92,9.14,-0.14,-0.30,-0.16
2.71,2.04,7.92,0.16,-0.33,-0.07
2.75,0.90,8.59,-0.03,-0.04,0.13
2.94,1.37,9.45,-0.26,0.15,0.10
2.82,1.02,9.22,-0.76,0.30,0.22
2.63,0.16,9.73,-0.25,0.26,0.20
2.51,-0.12,10.04,0.08,0.14,0.09
2.20,0.00,8.55,-0.29,0.01,0.06
2.31,0.78,8.71,-0.32,0.17,0.02
2.12,0.04,9.26,-0.16,0.25,0.08
1.96,-0.55,9.34,-0.14,0.10,0.01
2.08,0.12,8.63,-0.13,0.11,-0.08
1.96,-0.24,8.87,-0.09,0.16,-0.06
2.04,-0.39,9.53,-0.08,0.13,-0.08
2.04,-0.12,8.63,-0.12,0.07,-0.13
2.24,0.39,9.26,-0.07,0.20,-0.15
2.24,0.12,9.53,-0.01,0.18,-0.07
1.96,-0.78,9.41,-0.09,0.15,-0.02
2.00,-0.16,8.98,0.00,0.08,-0.12
2.12,-0.16,8.24,-0.01,0.29,-0.12
2.75,-1.22,8.90,-0.05,0.00,0.11
2.12,-1.80,9.77,-0.13,0.18,0.06
2.59,1.80,9.41,0.21,-0.13,-0.08
2.08,-0.47,9.14,-0.05,0.22,-0.04
2.04,-0.43,8.98,-0.19,0.20,-0.17
2.28,0.35,9.45,-0.10,-0.21,0.03
2.28,0.00,8.12,-0.40,-0.18,0.32
1.73,-3.37,9.73,-0.68,0.40,0.17
1.77,-0.94,10.32,-0.34,0.31,-0.26
2.28,-0.08,8.67,-0.07,-0.17,-0.08
1.80,-0.55,8.20,0.47,0.17,-0.35
1.69,-0.78,9.14,0.47,0.21,-0.25
1.80,-0.31,9.85,-0.34,0.45,0.16
2.00,1.29,8.94,-0.20,-0.01,0.13
2.16,-0.39,9.26,-0.57,0.26,0.20
2.55,-1.65,9.96,-0.47,0.72,0.12
1.49,-0.39,10.12,0.01,0.46,0.36
2.20,-1.14,9.73,0.19,0.29,0.67
0.98,-0.16,9.45,0.22,0.38,0.58
1.45,-1.49,9.69,0.30,0.23,0.47
1.06,-0.86,9.41,0.33,-0.01,0.15
0.94,-1.53,9.85,0.46,-0.27,0.18
1.84,-1.53,8.75,0.52,-0.25,-0.09
1.53,-0.12,8.20,0.10,0.30,-0.07
1.88,-1.49,4.59,-0.88,0.62,0.21
1.02,-1.18,8.71,-0.56,0.69,-0.23
0.59,-1.29,9.10,0.26,0.29,0.11
1.22,0.16,9.41,0.44,0.34,0.10
0.31,0.08,10.75,0.50,0.98,-0.04
1.61,-0.78,9.92,-0.26,1.48,-0.28
0.24,-0.63,9.18,-0.02,1.43,0.52
-0.67,-0.55,9.06,0.26,0.63,0.60
0.20,-0.24,10.20,0.53,-0.07,0.18
0.86,-0.20,10.24,0.24,0.58,0.49
-0.43,-0.39,9.77,0.15,1.15,0.60
-1.88,-0.31,10.04,0.05,1.10,0.69
-1.77,0.51,10.12,0.04,0.25,0.67
-1.49,0.55,10.83,0.11,0.21,0.43
-1.22,0.24,11.18,-0.20,0.44,0.26
-0.94,0.51,10.04,-0.63,0.68,0.43
-2.16,-0.43,9.22,-0.65,0.76,0.47
-1.92,-0.27,8.47,-0.42,0.19,0.44
-2.63,0.24,9.06,-0.20,0.09,0.36
-1.73,-0.39,9.77,-0.29,-0.11,-0.11
-1.22,-0.31,9.81,-0.34,-0.14,0.18
-2.51,-0.59,8.83,-0.52,0.54,0.25
-2.47,-0.63,8.67,-0.36,0.24,0.07
-2.16,-1.06,9.65,-0.38,-0.61,0.10
-1.37,-0.71,9.77,-0.36,-0.53,0.16
-1.53,-0.86,9.38,-0.46,0.06,0.06
-1.96,-0.98,9.02,-0.60,0.01,0.12
-1.80,-1.49,9.06,-0.62,-0.80,0.00
-0.55,-1.88,9.41,-0.38,-0.98,-0.02
-0.71,-1.37,9.57,-0.51,-0.38,0.22
-1.41,-1.61,9.26,-0.77,-0.30,0.19
-1.02,-2.08,8.94,-0.47,-0.64,0.04
-0.08,-2.31,9.38,-0.12,0.11,-0.38
-1.14,-2.24,8.16,-0.54,0.52,-0.21
-1.33,-2.31,8.55,-0.60,-0.88,0.22
0.75,-2.71,9.85,-0.11,-1.38,-0.44
1.49,-2.67,10.55,0.16,-0.38,-0.60
1.06,-2.82,9.14,-0.34,0.63,-0.18
-0.86,-2.16,8.75,-0.50,-0.26,0.20
0.20,-2.63,8.90,-0.55,-1.24,-0.21
1.96,-3.26,9.02,-0.23,-0.99,-0.43
1.73,-2.94,8.90,-0.29,0.16,-0.28
0.47,-3.02,8.39,-0.64,-0.11,-0.05
1.77,-3.18,8.71,-0.32,-1.36,-0.19
2.82,-3.69,8.87,-0.18,-0.31,-0.43
2.51,-3.69,8.59,-0.11,0.40,-0.36
1.69,-5.69,2.12,-0.50,0.16,0.01
1.10,-3.53,8.59,-0.19,-0.86,0.06
2.94,-3.65,9.18,-0.13,-0.51,-0.39
2.24,-2.90,9.26,0.34,-0.37,0.08
2.43,-3.73,7.81,-0.28,-0.01,-0.14
2.35,-4.00,8.36,-0.25,-0.02,0.04
2.51,-3.65,8.90,-0.03,-0.12,-0.06
2.82,-3.61,8.75,-0.01,-0.15,0.05
1.77,-3.18,9.30,0.06,-0.05,0.24
1.96,-3.88,8.55,-0.06,-0.07,-0.03
2.51,-3.84,8.36,-0.13,-0.03,-0.14
1.96,-3.61,8.47,0.06,-0.06,0.04
2.67,-4.00,8.67,-0.16,-0.04,-0.05
2.16,-4.04,8.67,-0.22,0.05,-0.08
2.47,-4.86,8.28,0.00,0.01,-0.02
3.02,-4.39,8.63,-0.08,0.07,-0.00
2.20,-3.96,8.16,-0.07,0.13,0.03
2.12,-3.73,8.32,0.07,0.08,-0.13
2.82,-4.04,8.59,-0.10,-0.06,-0.07
2.43,-4.04,8.75,-0.11,0.06,0.11
2.12,-3.61,8.16,-0.12,-0.10,0.07
2.71,-4.20,8.63,-0.10,-0.16,-0.14
3.18,-4.39,8.87,-0.12,0.02,0.05
1.92,-4.00,8.47,-0.06,0.12,-0.02
2.71,-4.16,8.28,-0.15,-0.02,-0.19
2.94,-4.12,8.43,-0.20,-0.02,-0.05
2.31,-3.96,8.04,-0.15,0.03,0.02
2.90,-4.28,8.00,-0.10,-0.03,-0.19
3.18,-4.43,9.06,-0.17,0.04,-0.15
2.04,-3.73,8.04,-0.16,0.15,-0.03
2.59,-4.43,7.61,-0.04,-0.11,-0.11
3.18,-4.55,8.24,-0.03,-0.04,-0.04
2.63,-4.55,8.04,-0.08,0.22,0.08
2.51,-4.24,8.36,-0.02,0.18,0.04
2.71,-4.31,8.24,-0.12,-0.09,-0.08
2.86,-4.47,8.24,-0.25,-0.05,-0.01
2.67,-4.43,7.96,-0.19,0.00,-0.16
2.59,-4.59,7.96,-0.01,-0.05,0.01
2.94,-4.51,8.28,-0.05,-0.16,0.01
2.90,-5.18,8.83,-0.11,-0.22,-0.02
3.30,-4.20,7.69,-0.16,-0.11,-0.14
3.30,-4.82,8.28,-0.07,0.04,0.08
2.86,-4.51,8.16,-0.07,0.04,0.08
3.18,-4.55,8.00,-0.01,-0.01,0.07
3.30,-4.55,8.04,-0.06,0.03,0.22
3.10,-4.79,8.00,-0.05,0.06,0.20
3.10,-4.47,7.37,-0.07,0.05,0.12
2.98,-4.71,8.00,-0.05,0.21,0.14
0.55,-4.67,9.34,-0.03,0.27,0.10
3.65,-6.63,5.92,0.23,0.09,-0.35
3.26,-4.43,8.08,0.14,-0.32,0.06
3.30,-4.98,8.16,-0.08,-0.10,-0.01
3.22,-4.55,7.88,-0.05,0.20,-0.05
2.90,-4.43,8.43,-0.15,0.23,0.09
3.06,-4.47,7.65,-0.02,0.14,0.17
3.49,-4.71,7.65,0.11,0.25,0.12
2.51,-4.39,8.04,-0.01,0.47,0.33
2.00,-4.55,8.04,-0.11,0.32,0.07
2.24,-5.06,7.61,0.02,0.02,-0.26
2.94,-4.43,8.00,0.13,0.01,-0.25
1.88,-4.16,8.47,0.09,-0.10,0.18
2.75,-4.71,7.30,-0.31,0.07,0.09
3.14,-4.71,7.34,-0.43,0.39,-0.04
2.90,-5.02,8.43,-0.44,0.17,-0.00
2.67,-5.10,8.59,-0.27,0.21,-0.32
2.08,-5.06,7.10,-0.19,-0.19,-0.53
3.30,-5.57,8.32,1.13,-0.80,-0.21
4.08,-4.94,8.94,0.26,0.53,-0.37
1.37,-3.96,6.90,-0.26,0.95,-0.04
1.53,-5.18,9.34,-0.25,0.76,-0.88
2.51,-3.80,9.45,0.32,-0.19,-1.37
3.10,-4.04,7.85,0.26,-0.24,-1.09
3.61,-4.35,8.20,0.15,-0.19,-0.35
5.02,-5.45,7.61,0.03,-0.01,0.89
2.24,-3.77,8.36,-0.23,0.53,0.53
1.37,-5.14,6.24,-0.52,0.59,-0.63
3.37,-0.47,0.20,-0.27,-0.06,-1.15
2.94,-2.47,9.81,-0.12,0.44,0.18
0.82,-3.77,6.39,0.35,0.10,0.58
3.14,-4.86,8.28,0.05,-0.00,-0.34
3.96,-4.55,7.69,-0.09,0.57,-0.26
1.92,-3.84,8.24,0.19,0.90,0.10
0.55,-2.82,10.28,0.08,0.81,-0.25
3.69,-5.73,5.88,0.24,0.02,-0.98
2.47,-3.84,8.20,0.40,0.09,-0.14
3.53,-4.12,7.85,0.23,0.84,-0.38
1.06,-3.61,8.59,0.51,0.82,0.39
1.88,-4.75,8.16,0.12,0.12,-0.07
1.92,-3.45,9.30,0.30,0.19,-0.23
1.88,-3.41,8.24,0.20,0.35,0.09
2.31,-3.26,9.38,0.19,0.32,-0.37
1.69,-2.94,8.90,0.30,0.38,-0.41
1.18,-2.63,9.49,0.09,0.15,-0.11
0.55,-4.51,8.98,-0.20,0.09,-0.31
1.49,-3.69,7.85,-0.12,0.29,0.01
1.26,-3.30,9.06,-0.06,0.29,-0.34
2.31,-2.82,8.83,0.28,-0.74,-0.00
2.24,-2.90,9.85,0.02,-0.14,0.04
1.80,-3.77,7.96,0.11,-0.24,-0.01
2.24,-5.45,12.12,-0.08,-0.09,0.02
2.63,-3.84,8.67,-0.27,0.31,0.05
2.24,-3.88,8.43,-0.25,0.36,0.05
1.69,-4.35,8.43,-0.22,0.26,0.04
1.96,-3.77,9.26,-0.05,0.02,-0.19
1.41,-3.33,9.18,-0.20,-0.13,-0.27
2.24,-3.77,8.59,-0.43,-0.06,-0.26
1.88,-4.08,8.28,-0.42,0.28,-0.16
1.73,-3.45,8.59,-0.30,-0.11,0.04
3.10,-3.53,7.49,-0.48,-0.17,-0.01
2.12,-4.20,8.63,-0.35,0.21,-0.20
1.96,-3.96,7.02,-0.54,0.35,-0.08
1.88,-4.16,8.47,-0.47,0.31,-0.19
2.00,-4.16,9.81,-0.13,-0.23,-0.31
2.20,-4.12,8.39,0.09,-0.24,-0.36
2.59,-4.04,8.32,-0.22,-0.16,0.09
3.02,-5.10,8.12,-0.37,0.11,0.08
2.47,-4.90,7.96,0.07,0.55,-0.15
1.80,-4.39,9.41,-0.35,0.61,-0.19
2.24,-4.98,7.65,-0.27,0.62,-0.20
1.84,-4.75,8.55,-0.07,0.65,-0.13
1.29,-5.06,8.67,-0.20,0.50,-0.17
1.69,-4.86,7.14,0.08,0.19,-0.07
1.73,-4.31,8.20,0.28,0.18,0.35
1.29,-4.94,7.77,0.19,-0.09,0.38
1.49,-4.71,7.22,0.08,0.02,0.14
1.26,-4.51,8.24,0.08,0.37,0.01
1.41,-4.43,7.81,-0.13,0.37,-0.13
1.29,-4.94,9.38,0.05,0.55,0.05
1.77,-4.55,8.59,0.31,0.27,0.35
0.78,-4.55,9.18,0.59,-0.05,0.53
0.55,-4.08,8.83,0.35,-0.35,0.25
1.96,-3.96,7.57,0.03,-0.47,0.25
1.33,-4.51,8.32,-0.07,0.19,0.15
1.18,-4.47,8.51,0.15,0.18,0.25
1.06,-4.43,8.32,0.10,0.37,0.49
0.78,-4.82,9.14,0.10,0.41,0.40
0.98,-4.51,8.63,0.14,0.26,-0.11
0.90,-4.04,9.34,-0.01,0.32,-0.45
1.06,-4.55,8.87,0.01,0.05,-0.32
0.51,-3.88,8.94,0.07,0.12,-0.29
1.53,-4.75,8.83,0.09,-0.02,-0.14
1.33,-4.20,8.36,0.20,-0.20,0.20
0.55,-4.20,7.85,-0.03,0.18,0.38
0.82,-4.16,8.43,-0.01,0.21,0.25
0.75,-4.47,8.87,-0.23,0.55,-0.20
0.63,-4.43,8.75,-0.25,0.42,-0.11
0.90,-4.55,8.47,-0.01,0.25,-0.25
0.27,-4.79,9.30,-0.15,0.13,-0.50
0.35,-4.82,9.06,-0.03,-0.50,-0.34
0.78,-3.84,8.43,0.01,-1.15,-0.43
2.47,-4.00,5.49,0.00,-1.07,0.10
2.24,-2.86,6.83,-0.17,-0.18,0.43
1.14,-5.84,8.32,-0.14,0.80,0.84
0.75,-5.57,9.69,-0.10,0.70,0.06
0.94,-4.47,9.30,-0.08,0.19,-0.25
1.61,-4.67,9.34,0.06,-0.28,-0.15
1.88,-4.35,7.81,0.48,-0.01,-0.06
1.02,-3.69,8.67,0.48,0.56,-0.16
0.39,-2.00,8.04,0.34,1.30,0.05
-0.39,-2.79,8.36,0.48,1.55,0.32
0.86,-4.63,9.49,0.03,1.24,-0.03
-0.12,-4.75,10.16,0.41,0.42,0.09
-0.59,-3.69,9.57,0.43,-0.00,0.01
-1.41,-3.88,8.08,0.30,-0.05,-0.09
0.27,-4.35,9.61,0.57,-0.56,-0.06
0.27,-3.49,9.34,-0.07,-0.68,0.25
0.71,-3.10,8.71,-0.20,-0.48,0.36
0.86,-4.00,8.28,-0.09,-0.03,0.36
0.59,-4.24,8.75,-0.02,0.15,0.15
0.35,-3.80,9.96,-0.05,0.09,-0.05
1.14,-3.80,9.81,-0.16,-0.19,-0.12
1.06,-2.59,6.90,-0.73,-0.36,0.09
1.45,-4.35,9.38,-0.87,-0.69,0.57
0.24,-3.88,8.83,-0.21,-0.49,0.64
1.02,-4.63,7.30,-0.15,-0.10,0.30
1.61,-5.22,7.81,-0.66,0.26,0.52
0.31,-5.26,8.63,-0.61,0.23,0.63
0.67,-5.26,7.37,-0.32,0.07,-0.17
0.59,-5.22,7.85,-0.05,0.23,-0.62
0.08,-4.04,9.41,-0.28,-0.16,-0.45
1.18,-5.88,8.00,-0.64,-0.05,-0.61
0.94,-4.82,7.65,-0.02,-0.51,-0.38
1.88,-5.33,7.77,-0.10,-0.56,-0.39
1.29,-5.06,8.20,0.12,-0.38,-0.48
1.65,-4.86,7.41,0.10,0.06,-0.44
1.57,-5.18,8.00,-0.75,0.93,-0.60
1.57,-5.61,7.77,-0.45,0.89,-0.56
1.22,-5.14,7.88,0.01,1.02,-0.28
0.55,-4.67,8.39,-0.02,0.89,0.22
0.71,-5.57,8.51,-0.06,0.71,0.24
0.39,-5.37,8.39,0.02,0.83,0.09
0.00,-5.10,8.32,0.14,0.78,0.10
-0.27,-5.14,8.39,0.36,0.38,-0.13
0.08,-5.26,8.47,0.23,0.09,-0.08
0.00,-4.71,9.02,0.30,-0.02,-0.25
0.20,-5.02,7.61,0.18,-0.11,-0.16
0.43,-5.14,8.83,0.16,0.24,0.10
-0.04,-5.02,8.36,0.21,0.41,0.23
-0.51,-5.06,8.90,0.08,0.49,0.07
-1.02,-4.79,9.61,-0.08,1.23,0.19
-0.90,-9.45,6.51,0.10,1.02,0.13
-2.12,-5.45,7.22,-0.32,0.87,0.17
-0.82,-5.65,9.45,0.03,-0.69,-0.07
-1.14,-3.45,8.98,0.40,-1.88,0.43
0.00,-3.92,10.40,-0.07,-3.33,1.34
-0.27,-2.08,11.73,0.16,-4.61,1.20
2.12,-7.92,4.71,-0.12,-4.73,0.94
4.12,-7.65,4.82,-1.13,-1.77,-0.86
7.02,14.71,-10.24,-3.42,-3.26,-1.93
5.18,-4.90,5.73,-0.07,-0.61,-0.45
-0.75,-1.84,9.65,0.91,0.80,0.85
4.16,-6.32,6.20,0.65,0.64,0.37
1.65,-5.37,8.43,1.42,1.09,-0.80
2.71,-4.43,7.61,0.62,1.18,-1.72
3.69,-5.37,4.86,0.39,1.11,-1.72
3.37,-6.12,7.49,1.30,1.18,-1.62
3.10,-3.45,6.55,0.56,1.93,-2.19
3.02,-2.90,8.24,0.28,2.16,-1.51
1.45,-2.75,8.08,0.85,1.65,-0.73
1.45,-3.22,9.34,1.38,0.60,-0.94
1.53,-1.73,8.32,1.10,0.29,-1.32
1.65,-1.53,8.04,1.13,0.37,-1.02
2.00,-1.57,10.32,0.46,0.39,-1.18
1.77,-1.49,9.61,-0.31,0.39,-1.40
2.55,-6.12,11.45,-0.00,0.13,-1.11
1.10,-2.24,9.92,0.36,0.12,-1.12
1.73,-1.57,9.57,-0.15,0.35,-1.42
0.94,-1.45,8.79,-0.37,0.54,-1.13
0.20,-1.41,9.85,-0.31,0.61,-0.99
0.98,-2.00,11.38,-0.64,-0.36,-0.63
1.69,-2.35,10.00,-0.69,-0.96,-1.01
3.14,-1.53,5.73,0.15,-0.41,-1.74
3.53,-1.53,9.30,0.07,0.42,-1.04
0.78,-0.71,8.47,-0.28,0.64,-0.12
2.12,-2.04,6.43,-0.02,1.00,-1.29
2.98,-2.39,10.98,0.92,0.90,-1.64
2.55,-1.77,8.51,2.10,-0.61,-1.86
2.16,1.49,4.79,1.90,-0.75,-0.95
2.63,1.37,4.08,1.24,0.01,-0.69
2.24,0.39,8.28,0.81,1.20,-0.77
3.18,1.88,10.90,0.65,0.93,-1.09
2.43,3.65,8.47,0.73,0.41,-1.05
2.04,5.77,9.41,0.74,1.05,-1.16
3.77,6.32,14.75,-0.01,1.69,-0.63
1.73,3.30,12.67,-0.19,0.21,-0.26
1.14,5.33,9.18,1.09,-0.71,-0.46
1.02,2.79,10.20,0.56,-0.25,-0.14
1.41,2.94,9.73,-0.09,-0.20,-0.07
1.65,2.47,9.81,-0.07,-0.22,-0.17
1.49,2.16,9.69,0.09,-0.36,-0.29
1.92,2.98,9.65,0.38,-0.52,-0.59
2.31,3.92,9.57,0.24,-0.62,-0.42
2.43,3.06,7.92,0.18,-0.62,-0.30
2.35,3.61,7.61,0.30,-0.39,-0.26
2.59,3.02,7.73,0.08,-0.05,-0.09
2.28,2.79,8.24,0.04,0.10,-0.08
1.84,3.18,8.28,0.20,0.13,-0.23
1.88,3.45,9.14,0.04,0.30,-0.17
2.28,3.69,9.18,0.00,0.26,-0.10
2.20,3.84,9.34,-0.23,0.34,0.09
1.84,2.98,9.77,-0.28,0.16,0.23
1.69,2.94,9.06,-0.03,0.00,0.06
1.69,3.02,8.98,0.04,0.00,0.04
1.14,2.59,8.87,-0.04,0.02,0.01
1.33,2.90,8.47,-0.04,0.08,-0.01
1.41,2.79,8.94,-0.06,0.15,0.05
1.65,3.06,8.94,-0.01,0.12,0.00
1.49,3.10,8.79,-0.03,0.03,-0.01
1.45,3.02,8.36,0.01,-0.05,0.03
1.33,2.90,8.55,0.02,0.03,0.02
1.49,2.63,8.59,0.06,0.01,0.00
1.53,2.82,8.47,0.12,0.01,-0.04
1.77,2.82,8.59,0.02,0.09,0.00
1.77,2.94,9.26,-0.06,0.13,0.05
1.80,2.75,8.87,-0.02,0.01,0.03
1.77,3.06,8.90,0.02,0.02,-0.01
1.80,3.02,9.30,-0.01,0.06,0.02
1.69,2.94,8.87,-0.03,-0.06,0.03
1.65,2.98,8.75,0.06,-0.08,-0.03
1.61,3.02,8.47,0.04,-0.06,0.01
1.84,3.26,8.67,-0.00,0.03,0.06
1.73,2.90,8.79,-0.01,0.01,0.06
1.65,2.82,9.30,-0.07,0.01,0.10
1.61,2.63,8.75,-0.06,-0.07,0.08
1.61,2.71,8.67,-0.01,-0.04,0.01
1.80,2.79,8.67,-0.05,-0.02,-0.01
2.04,2.71,8.67,-0.06,-0.01,0.00
2.16,3.06,9.02,-0.06,0.02,-0.04
1.96,2.63,8.67,-0.04,-0.04,-0.03
2.04,3.26,8.90,-0.01,-0.02,-0.10
2.08,3.06,8.90,-0.14,0.00,0.07
1.88,2.51,8.83,-0.06,-0.08,-0.02
1.96,2.90,8.43,-0.08,-0.07,-0.04
2.08,2.98,8.63,-0.10,0.03,-0.07
2.28,3.41,8.94,-0.14,0.09,-0.05
2.75,3.30,9.41,-0.13,0.04,-0.00
2.47,2.98,8.55,0.04,-0.18,-0.02
2.47,2.79,8.28,0.04,-0.06,-0.00
2.51,2.79,8.36,0.05,0.02,0.04
2.63,2.28,8.55,-0.07,0.13,0.14
2.63,2.24,9.38,-0.08,0.11,0.13
2.79,2.28,9.26,0.05,-0.03,0.01
2.90,2.39,9.38,0.05,-0.15,0.01
2.86,2.47,8.79,0.07,-0.22,-0.01
3.10,2.43,8.55,0.03,-0.21,0.01
3.33,2.82,8.36,0.11,-0.25,-0.00
3.33,3.14,8.00,0.16,-0.24,0.03
3.22,2.86,7.65,0.22,-0.18,0.08
3.06,2.55,7.85,0.27,-0.07,0.10
2.82,2.55,8.00,0.31,-0.03,0.12
2.90,2.59,7.96,0.25,0.04,0.11
3.14,2.75,8.08,0.31,-0.01,0.01
3.37,3.37,8.51,0.38,-0.00,-0.04
3.14,3.69,8.20,0.42,-0.14,-0.01
2.75,3.80,8.00,0.31,-0.01,0.10
2.67,2.90,7.85,0.12,0.05,0.19
2.51,4.00,8.20,0.13,0.36,-0.04
2.31,3.77,7.88,0.05,0.21,0.12
2.55,4.04,8.00,0.01,0.26,0.13
2.16,3.33,7.69,-0.03,0.23,0.19
