-11.89,0.94,0.31,2.13,0.44,-0.98
-9.96,-1.10,-0.90,-1.63,1.48,-2.06
-10.20,-0.78,-0.94,0.01,0.51,-0.09
-11.18,-1.26,0.08,0.07,0.23,-0.34
-10.63,-0.78,0.12,0.15,0.26,-0.53
-10.12,-0.98,0.04,0.04,0.26,-0.39
-10.12,-1.18,0.31,-0.17,0.23,-0.29
-10.20,-2.43,0.12,-0.30,0.22,-0.34
-9.26,-2.63,-0.08,0.05,0.11,-0.34
-9.69,-0.59,-0.24,0.33,0.04,-0.33
-10.59,-0.67,0.08,0.14,0.02,-0.18
-10.28,-1.02,-1.02,0.12,0.09,-0.11
-10.90,-0.27,-0.35,0.16,0.17,0.06
-9.49,-3.84,-1.33,-0.05,0.07,0.04
-11.57,-2.28,0.00,0.45,0.11,-0.10
-10.90,-2.08,0.27,0.40,0.11,-0.05
-10.16,-3.57,-0.31,0.51,0.14,0.06
-10.83,0.47,-0.24,0.79,0.03,0.06
-10.75,-1.73,-0.24,0.21,0.10,0.25
-11.77,-2.00,-0.04,0.40,0.11,0.15
-12.43,-1.33,-0.12,0.57,-0.01,0.26
-13.85,-2.12,0.90,0.90,-0.13,0.03
-12.55,0.08,1.69,1.21,-0.29,-0.11
-10.83,-0.86,1.80,-0.07,-0.34,0.14
-13.18,-2.16,0.51,-0.17,-0.34,0.19
-7.77,-5.18,-2.82,-0.62,-0.43,-0.05
-11.06,3.73,4.39,-0.94,-0.47,-0.70
-10.59,-4.31,-0.47,-2.61,-0.47,-0.27
-12.08,-4.98,-0.90,-0.86,-0.29,-0.04
-12.20,2.08,0.86,0.46,-0.38,-0.31
-11.77,0.51,0.78,-0.32,-0.31,0.03
-12.32,-1.53,0.31,-0.34,-0.23,0.07
-12.47,0.00,0.39,-0.14,-0.19,0.18
-12.55,-0.04,0.51,-0.27,-0.14,0.29
-12.55,-0.39,0.63,-0.44,-0.06,0.32
-12.20,-0.71,0.24,-0.25,0.01,0.40
-12.36,-0.04,0.20,-0.23,0.05,0.42
-11.81,0.35,0.24,-0.41,0.03,0.41
-11.77,0.24,0.39,-0.57,0.04,0.42
-10.79,-0.16,0.78,-0.53,0.12,0.45
-9.73,0.20,0.75,-0.29,0.17,0.50
-8.83,0.63,0.39,-0.31,0.18,0.47
-7.73,0.47,0.39,-0.58,0.14,0.45
-5.92,0.55,0.67,-0.69,0.07,0.37
-3.92,0.82,0.86,-0.71,0.05,0.26
-2.67,-0.16,0.39,-0.80,0.03,0.17
-2.59,-0.71,0.90,-0.75,0.10,0.07
-2.12,-1.33,0.75,-0.72,0.06,0.07
-2.82,-2.31,0.78,-0.38,0.06,0.02
-5.81,-1.49,1.29,-0.16,0.09,-0.12
-10.51,-1.22,1.29,-0.34,0.15,-0.10
-15.81,-1.92,1.29,-0.71,0.20,0.08
-12.71,0.16,2.63,-0.62,0.09,0.40
-10.00,0.04,3.53,-0.22,0.09,0.44
-8.20,-0.94,2.24,0.23,0.16,0.07
-8.63,-0.51,0.47,0.29,0.16,-0.21
-9.57,-0.98,0.24,-0.06,0.11,-0.31
-10.40,-1.29,0.71,-0.39,0.08,-0.20
-10.75,-1.02,1.61,-0.39,0.09,-0.13
-10.55,-0.59,2.28,0.01,0.08,-0.03
-10.04,0.00,2.55,0.25,0.05,-0.10
-9.81,-0.55,1.53,0.14,0.03,-0.15
-9.77,-0.55,1.14,0.02,-0.04,-0.23
-10.04,-0.90,1.02,-0.06,-0.06,-0.20
-10.28,-0.71,1.10,0.04,-0.06,-0.15
-10.20,0.39,1.26,0.12,-0.06,-0.12
-10.16,0.04,1.49,0.02,-0.01,-0.09
-10.16,-0.27,1.45,-0.02,-0.01,-0.11
-9.96,-0.16,1.49,-0.01,0.02,-0.11
-10.00,-0.75,1.26,-0.01,0.02,-0.10
-9.96,-0.71,1.29,0.05,0.04,-0.12
-10.04,-0.67,1.26,0.02,0.03,-0.07
-10.08,-0.63,1.26,0.01,0.05,-0.06
-10.20,-0.67,1.45,0.00,0.09,-0.02
-10.12,-0.71,1.45,0.05,0.12,0.01
-9.92,-0.75,1.49,0.10,0.14,0.04
-9.77,-0.75,1.61,0.10,0.16,0.04
-9.49,-0.75,1.69,0.10,0.17,0.06
-9.77,-1.18,1.57,0.15,0.16,0.07
-9.41,-0.86,1.53,0.18,0.15,0.05
-9.26,-0.63,1.84,0.19,0.17,0.05
-9.22,-1.14,1.53,0.12,0.18,0.10
-8.63,-0.67,1.41,0.21,0.19,0.09
-8.08,-0.55,1.33,0.18,0.20,0.12
-7.69,-0.98,1.26,0.17,0.21,0.15
-7.41,-0.67,1.06,0.30,0.19,0.11
-7.30,-0.39,1.06,0.30,0.19,0.12
-7.26,-0.08,0.98,0.26,0.17,0.11
-7.92,-0.51,0.59,0.21,0.13,0.06
-7.77,0.31,0.63,0.36,0.08,-0.01
-7.65,1.29,0.78,0.22,0.06,-0.03
-8.20,-0.04,0.35,0.05,0.08,-0.06
-9.02,0.27,0.20,0.17,0.08,-0.12
-9.53,0.63,0.31,0.21,0.07,-0.08
-8.98,0.78,0.47,0.12,0.07,-0.02
-9.73,-0.51,0.59,0.32,0.07,0.00
-10.36,1.14,0.63,0.68,0.11,-0.08
-10.20,1.69,0.39,0.46,0.13,-0.03
-10.98,1.45,0.78,0.16,0.15,-0.01
-10.71,1.29,0.94,-0.18,0.16,0.03
-11.34,-0.43,0.59,-0.25,0.17,0.08
-11.45,0.59,0.63,0.17,0.13,0.06
-11.30,0.63,0.75,0.11,0.16,0.16
-11.18,0.78,0.98,0.13,0.18,0.15
-11.38,1.10,0.86,0.09,0.19,0.12
-11.10,0.12,0.31,0.17,0.19,0.10
-10.63,0.90,0.71,0.30,0.16,0.10
-11.18,1.45,0.55,0.02,0.14,-0.01
-10.79,0.51,0.35,-0.11,0.15,-0.08
-11.61,-0.31,0.39,0.19,0.15,-0.05
-11.10,2.08,0.39,0.29,0.15,-0.21
-11.18,0.16,0.20,0.00,0.18,-0.20
-11.30,-0.04,-0.12,0.02,0.17,-0.18
-11.77,0.43,-0.08,-0.02,0.21,-0.24
-11.30,0.82,0.35,-0.02,0.21,-0.17
-11.73,0.27,0.04,-0.02,0.20,-0.03
-15.34,3.88,-0.51,0.37,-0.01,-0.13
-11.73,-0.82,4.90,0.52,0.12,0.02
-12.98,-3.96,-1.45,-0.35,0.14,-0.36
-10.08,-1.73,-3.14,-0.26,0.06,-0.61
-9.30,-0.86,-0.94,0.09,0.06,0.17
-11.30,2.79,1.29,0.17,0.05,0.07
-9.41,-0.51,0.59,-0.45,0.14,0.12
-10.08,-1.73,-0.12,-0.25,0.16,0.05
-10.28,-0.16,0.98,-0.09,0.09,0.11
-10.63,-0.55,0.90,-0.23,0.04,0.14
-9.92,-0.35,0.78,-0.25,0.02,0.09
-10.67,-0.51,-0.04,0.02,0.01,0.13
-9.81,0.43,0.31,0.13,-0.01,0.09
-10.16,0.98,0.78,0.07,0.03,0.10
-10.20,0.08,0.39,-0.00,0.04,0.14
-9.89,0.24,0.35,0.11,0.04,0.10
-9.92,0.75,0.63,0.16,0.05,0.08
-10.12,0.35,0.86,0.07,0.05,0.04
-10.12,0.35,0.39,0.01,0.02,0.02
-10.04,-0.20,0.24,-0.01,-0.01,-0.00
-10.32,0.47,0.82,0.14,-0.00,-0.05
-10.28,0.39,0.59,0.14,0.02,-0.05
-10.00,0.59,0.31,0.14,-0.00,-0.06
-10.32,0.16,0.43,0.09,0.01,-0.09
-10.32,0.75,0.59,0.11,0.01,-0.12
-10.36,0.35,0.39,0.02,0.01,-0.10
-10.32,0.20,0.43,0.07,0.02,-0.06
-10.24,0.55,0.55,0.02,0.04,-0.09
-10.63,0.24,1.33,-0.03,0.08,-0.12
-11.10,0.16,1.80,-0.25,0.05,-0.19
-12.08,-1.33,1.80,-0.50,0.02,-0.18
-13.69,-1.49,1.45,-0.44,-0.07,-0.19
-14.20,0.20,2.08,0.05,-0.14,-0.14
-13.69,0.04,2.24,0.13,-0.25,-0.24
-13.65,-1.29,0.71,0.11,-0.29,-0.34
-13.65,0.04,0.47,0.21,-0.34,-0.37
-13.42,0.20,0.78,0.03,-0.36,-0.29
-13.30,0.43,1.02,-0.03,-0.32,-0.28
-13.38,-0.20,0.63,0.01,-0.30,-0.23
-12.67,0.20,0.00,0.12,-0.24,-0.21
-13.10,0.75,-0.35,-0.07,-0.06,-0.26
-12.16,0.08,0.55,-0.09,-0.01,-0.14
-12.32,1.06,0.78,0.01,0.13,-0.23
-11.73,1.14,1.80,-0.19,0.06,-0.02
-10.71,0.43,1.02,-0.26,0.09,0.08
-10.08,1.26,0.63,-0.20,0.14,0.17
-9.85,0.78,0.43,-0.42,0.19,0.26
-11.10,-0.24,0.20,-0.61,0.24,0.28
-9.92,0.31,0.98,-0.43,0.28,0.28
-8.08,1.69,1.33,-0.36,0.27,0.27
-5.30,1.92,1.45,-0.52,0.23,0.14
-3.37,0.43,1.06,-0.76,0.22,-0.14
-2.59,-1.80,0.35,-0.72,0.21,-0.22
-1.22,-2.67,-0.16,-0.46,0.10,-0.11
-1.10,-2.00,0.75,-0.16,0.06,-0.01
-1.69,-1.57,0.94,-0.28,0.08,-0.01
-6.08,-3.65,0.20,-0.29,0.15,0.09
-13.02,-2.16,1.22,-0.25,0.15,-0.11
-14.79,-0.75,1.92,-0.43,0.07,0.19
-12.43,1.22,3.61,-0.44,-0.04,0.48
-9.85,0.35,4.16,-0.14,-0.06,0.39
-8.43,-1.10,2.12,0.12,-0.03,0.09
-8.55,-1.73,0.20,0.31,0.02,-0.25
-9.26,-1.61,-0.04,0.08,0.01,-0.22
-10.00,-1.61,0.39,-0.17,0.00,-0.17
-10.40,-1.57,1.29,-0.27,0.03,-0.04
-10.40,-0.86,2.31,-0.14,0.03,0.00
-10.24,-0.98,2.35,0.10,0.02,-0.02
-10.16,-0.67,2.00,0.20,-0.03,-0.11
-9.81,-0.90,1.10,0.15,-0.04,-0.13
-9.96,-0.67,0.78,0.11,-0.03,-0.17
-10.08,-0.90,1.02,0.05,-0.03,-0.12
-10.12,-0.47,1.29,0.07,-0.01,-0.13
-10.24,-0.24,1.29,0.08,0.01,-0.09
-10.24,-0.31,1.26,0.09,0.03,-0.06
-10.08,-0.27,1.37,0.11,0.05,-0.07
-9.73,-0.12,1.33,0.07,0.09,-0.08
-9.77,-0.82,1.02,0.04,0.09,-0.04
-9.85,-0.63,1.22,0.05,0.09,-0.05
-10.04,-0.55,1.37,0.01,0.10,-0.02
-10.20,-0.35,1.49,-0.00,0.12,-0.03
-10.16,-0.51,1.65,-0.01,0.11,-0.03
-10.20,-0.51,1.61,-0.02,0.10,-0.04
-10.24,-0.75,1.53,-0.04,0.09,-0.04
-9.96,-0.47,1.41,0.02,0.07,-0.05
-9.96,-0.75,1.29,-0.04,0.06,-0.05
-10.12,-0.63,1.29,-0.02,0.05,-0.07
-10.20,-0.43,1.49,-0.04,0.05,-0.05
-10.24,-0.78,1.37,-0.04,0.06,-0.02
-10.12,-0.43,1.53,0.04,0.06,-0.02
-10.04,-0.55,1.49,0.02,0.07,-0.00
-9.96,-0.63,1.33,0.01,0.07,-0.00
-9.89,-0.75,1.53,0.01,0.07,0.00
-10.00,-0.78,1.57,0.02,0.08,0.01
-9.92,-0.90,1.65,0.04,0.09,0.01
-10.16,-0.90,1.73,0.07,0.10,0.00
-10.04,-1.02,1.69,0.02,0.07,0.02
-9.89,-1.18,2.08,-0.01,0.07,-0.01
-9.61,-0.94,2.12,0.01,0.09,-0.02
-9.65,-1.45,1.49,-0.11,0.08,-0.05
-9.53,-2.16,1.49,-0.08,0.08,-0.05
-8.90,-1.29,1.57,0.06,0.09,-0.05
-7.96,-1.02,1.61,-0.02,0.13,-0.02
-6.98,-1.69,1.69,-0.01,0.17,-0.01
-6.43,-1.26,1.61,0.23,0.15,-0.04
-6.86,-0.82,1.02,0.11,0.12,-0.12
-6.83,-1.06,0.98,0.03,0.13,-0.15
-6.94,-0.39,1.37,0.05,0.13,-0.12
-7.34,0.20,0.90,-0.17,0.09,-0.15
-8.55,-0.86,0.31,-0.23,0.09,-0.14
-8.90,0.08,0.82,-0.00,0.07,-0.23
-9.26,0.24,1.37,-0.13,0.05,-0.20
-10.36,-0.55,0.75,-0.22,0.07,-0.20
-10.55,-0.24,1.29,-0.21,0.10,-0.12
-10.75,-0.24,1.22,-0.47,0.08,0.01
-10.87,-1.29,0.90,-0.39,0.06,0.05
-11.38,-0.27,1.18,-0.14,0.02,0.02
-11.34,-0.27,0.86,-0.19,0.04,0.10
-11.22,-0.08,1.26,-0.16,0.05,0.12
-11.14,-0.55,1.02,-0.17,0.06,0.15
-10.55,-0.51,0.98,-0.09,0.07,0.13
-10.94,-0.43,0.82,0.06,0.04,0.15
-11.26,-0.16,0.98,0.06,0.07,0.11
-11.06,-0.12,1.37,0.05,0.08,0.13
-10.63,0.20,1.41,0.17,0.13,0.12
-10.79,-0.08,1.26,0.15,0.18,0.09
-10.28,-0.39,1.06,0.16,0.16,0.08
-10.67,-0.55,0.90,0.20,0.14,0.08
-10.47,-0.27,0.94,0.19,0.12,0.07
-9.49,0.04,1.53,0.21,0.13,0.10
-10.08,0.04,1.02,0.18,0.09,0.06
-10.32,-0.59,0.31,0.09,0.07,-0.02
-10.90,-0.47,0.43,0.17,0.08,-0.02
-10.36,-0.94,0.90,0.10,0.10,0.04
-11.65,-0.16,1.29,0.28,0.10,-0.10
-11.26,0.86,1.22,0.26,0.11,-0.13
-10.75,0.16,1.26,-0.09,0.11,-0.10
-11.26,-1.22,1.33,-0.11,0.08,-0.08
-11.81,0.39,0.86,-0.09,0.01,-0.18
-11.73,0.51,2.39,-0.31,0.02,-0.03
-11.22,-0.59,2.08,-0.49,-0.01,0.08
-11.06,-1.18,1.22,-0.34,-0.01,0.17
-10.79,-0.35,0.51,-0.21,-0.04,0.13
-10.75,-0.35,0.16,-0.46,-0.06,0.21
-11.53,0.35,2.98,-0.32,-0.03,0.26
-11.38,-2.43,2.31,0.19,0.11,-0.06
-12.08,-1.10,1.29,0.47,0.17,0.07
-10.63,0.04,0.31,0.26,-0.02,0.08
-10.47,1.29,1.06,-0.16,0.05,-0.03
-10.43,-0.71,1.37,-0.34,0.08,0.09
-10.94,0.12,1.06,-0.04,0.08,0.01
-10.08,0.24,1.69,-0.15,0.12,-0.02
-10.20,-1.33,1.10,-0.16,0.13,0.01
-10.55,-1.06,1.65,0.13,0.07,-0.05
-9.57,-0.67,1.29,0.09,0.03,-0.08
-9.85,-0.75,1.18,0.07,0.04,-0.01
-9.96,-0.51,1.37,0.22,0.07,-0.06
-9.89,0.08,1.45,0.28,0.04,-0.06
-9.85,0.08,1.02,0.19,0.05,-0.05
-10.40,-0.43,1.37,0.20,0.04,-0.01
-10.20,-0.51,1.45,0.26,0.02,-0.08
-10.16,-0.71,1.33,0.27,0.00,-0.17
-10.08,-1.49,2.24,0.42,-0.01,-0.18
-10.08,-0.47,1.33,0.63,-0.05,-0.21
-10.87,2.90,1.10,0.32,-0.19,-0.23
-11.22,-3.06,0.12,0.09,-0.08,-0.37
-10.94,-1.92,1.29,0.54,-0.10,-0.30
-11.61,-0.78,1.80,0.49,0.05,-0.13
-11.73,-4.94,-0.55,0.98,0.18,-0.15
-12.83,5.84,1.77,2.09,0.23,-0.35
-13.26,6.28,5.77,-0.33,0.15,0.16
-14.20,-2.59,2.12,-2.66,0.12,0.17
-14.44,-7.18,1.33,-1.40,0.10,0.10
-13.53,0.08,3.30,0.65,-0.15,-0.36
-12.98,-1.02,2.86,-0.14,-0.10,-0.15
-12.63,-2.20,1.45,0.15,-0.15,-0.31
-12.28,0.47,0.78,0.35,-0.21,-0.43
-12.55,0.08,0.67,0.13,-0.07,-0.51
-12.63,-0.27,0.94,-0.15,-0.10,-0.42
-12.47,0.04,1.88,-0.18,0.01,-0.43
-11.26,1.65,1.88,-0.08,-0.05,-0.34
-12.12,0.00,1.02,-0.36,0.02,-0.10
-11.49,-0.12,0.71,-0.30,0.07,0.07
-10.59,0.24,0.78,-0.22,0.11,0.13
-10.47,0.67,0.90,-0.26,0.22,0.12
-9.61,0.78,0.94,-0.40,0.23,0.19
-7.77,1.06,1.02,-0.55,0.21,0.19
-5.41,0.67,1.18,-0.69,0.18,0.12
-3.37,-0.27,0.94,-0.61,0.19,-0.01
-2.04,-1.22,0.55,-0.36,0.15,-0.06
-0.98,-0.98,0.27,-0.26,0.02,0.05
-0.39,-3.77,0.12,-0.29,0.02,0.14
-0.86,-1.80,1.37,0.22,0.01,0.01
-3.88,-3.14,0.86,0.12,0.16,0.05
-14.04,-4.71,0.31,0.23,0.36,-0.27
-16.40,-0.47,1.33,0.16,0.32,-0.34
-13.42,1.22,4.71,-0.37,0.02,0.76
-7.96,-1.06,4.90,-0.25,-0.08,0.76
-7.18,-0.24,3.14,0.33,-0.03,-0.05
-8.00,-1.84,0.24,0.02,-0.04,-0.24
-10.16,-3.61,-0.59,-0.18,-0.01,-0.22
-10.79,-2.55,0.27,-0.13,-0.03,-0.14
-10.90,-1.14,1.65,-0.13,-0.01,0.01
-10.16,0.08,2.59,-0.10,0.03,0.04
-9.85,-0.04,2.90,0.04,0.10,-0.01
-9.77,-0.63,2.20,0.04,0.11,-0.14
-10.12,-1.77,1.61,-0.07,0.07,-0.20
-10.00,-2.24,1.41,-0.13,0.01,-0.16
-9.77,-2.20,1.33,-0.08,-0.04,-0.10
-9.81,-1.61,1.37,0.02,-0.05,-0.06
-10.12,-0.67,1.45,0.15,-0.02,-0.03
-10.00,-0.12,1.65,0.09,0.03,-0.01
-10.08,-0.43,1.61,-0.00,0.07,0.02
-10.00,-0.82,1.45,0.01,0.10,-0.02
-9.92,-0.75,1.49,0.03,0.11,-0.01
-9.96,-0.82,1.37,-0.07,0.12,-0.02
-10.08,-1.10,1.49,-0.17,0.10,-0.01
-9.89,-1.33,1.41,-0.20,0.09,-0.01
-10.12,-1.18,1.65,-0.15,0.10,-0.01
-10.12,-1.45,1.73,-0.15,0.09,0.02
-10.16,-1.26,1.84,-0.09,0.10,0.03
-9.89,-0.90,1.92,-0.03,0.10,0.03
-9.89,-1.06,1.65,-0.09,0.11,0.04
-9.92,-1.57,1.65,-0.05,0.12,0.05
-9.73,-1.57,1.84,0.05,0.11,0.06
-9.89,-1.45,1.84,0.05,0.10,0.05
-9.92,-1.49,1.61,0.03,0.10,0.04
-10.00,-1.88,1.84,0.02,0.11,0.06
-10.00,-1.53,2.08,0.08,0.13,0.05
-9.73,-1.41,2.12,0.09,0.15,0.06
-9.57,-1.22,1.96,0.14,0.17,0.06
-9.57,-1.33,1.92,0.15,0.18,0.12
-9.14,-1.65,1.80,0.17,0.19,0.10
-8.43,-1.37,1.61,0.18,0.18,0.09
-7.61,-1.29,1.61,0.12,0.16,0.10
-6.55,-1.33,1.41,0.14,0.13,0.07
-6.59,-1.26,1.06,0.25,0.09,0.00
-7.10,-1.22,0.43,0.27,0.07,-0.05
-7.69,-0.67,0.55,0.34,0.10,-0.09
-7.53,-0.08,1.49,0.40,0.14,-0.05
-7.61,0.12,1.29,0.33,0.16,-0.06
-8.71,-0.55,0.43,0.18,0.18,-0.12
-9.89,-1.06,0.51,0.39,0.13,-0.10
-10.67,-0.55,0.55,0.50,0.08,-0.04
-10.83,0.31,1.14,0.49,0.08,-0.03
-10.47,1.53,1.69,0.12,0.07,0.01
-10.43,-0.27,0.98,-0.07,0.07,0.04
-10.24,-0.04,1.02,0.19,0.06,-0.06
-10.59,0.27,1.10,0.19,0.05,-0.05
-10.47,-0.08,0.71,-0.01,0.04,-0.06
-10.51,-0.12,0.82,-0.03,0.04,-0.03
-10.67,-0.47,1.02,0.01,0.05,0.01
-11.06,-0.08,0.94,0.15,0.07,0.05
-10.75,0.59,1.45,0.14,0.10,0.10
-10.94,0.12,1.41,0.13,0.12,0.12
-11.02,0.47,1.14,0.08,0.19,0.08
-10.36,-0.20,0.98,0.06,0.21,0.14
-10.08,0.35,1.33,0.17,0.22,0.14
-10.04,0.08,0.94,0.08,0.20,0.14
-10.98,-0.27,0.59,0.16,0.19,0.17
-11.02,0.43,0.75,0.13,0.16,0.14
-10.75,1.06,1.49,-0.08,0.17,0.11
-10.83,-0.98,1.22,0.19,0.18,0.16
-11.06,0.24,0.63,0.58,0.16,0.05
-10.94,1.92,0.47,0.15,0.18,0.02
-10.75,-0.20,0.90,-0.19,0.24,0.14
-11.34,-0.90,0.75,0.07,0.25,0.20
-10.32,0.47,0.94,0.13,0.20,0.16
-10.47,-0.35,0.67,0.09,0.20,0.22
-12.20,-0.43,0.20,0.18,0.22,0.13
-20.01,5.06,5.69,1.08,-0.18,0.08
-11.10,1.96,3.33,0.22,-0.13,0.55
-13.06,-3.02,-0.71,-0.07,0.28,0.16
-12.32,-1.33,-0.16,0.18,0.06,0.04
-11.14,-0.67,0.43,-0.07,-0.02,-0.08
-10.28,2.47,1.49,-0.29,0.00,-0.04
-9.65,-0.43,0.98,-0.35,0.09,0.05
-9.96,-0.08,0.75,-0.01,0.13,0.01
-10.28,0.51,1.06,0.22,0.13,0.09
-9.92,0.43,0.59,-0.12,0.07,0.15
-9.92,0.12,0.82,-0.09,0.07,0.14
-10.08,1.18,1.22,0.09,0.06,0.12
-10.43,0.71,0.63,0.05,0.05,0.09
-10.40,0.67,1.06,-0.00,0.01,0.03
-10.32,0.67,1.14,-0.04,-0.02,0.01
-9.92,0.86,1.02,0.01,-0.03,-0.02
-9.85,1.22,0.98,0.01,-0.05,-0.05
-10.04,0.39,1.06,0.01,-0.05,-0.04
-10.12,0.98,1.29,0.13,-0.06,-0.04
-9.81,1.06,1.18,0.04,-0.05,-0.10
-9.96,0.86,1.22,0.03,-0.04,-0.11
-10.16,0.71,1.33,0.09,-0.01,-0.13
-10.24,0.94,1.22,0.02,-0.01,-0.17
-10.12,0.08,1.22,-0.03,-0.02,-0.18
-10.43,0.51,1.73,0.06,-0.01,-0.18
-10.94,-0.39,2.47,0.03,0.05,-0.17
-12.59,-0.08,3.41,-0.19,0.10,-0.26
-13.34,-0.43,1.37,-0.82,0.01,-0.40
-13.34,-4.24,2.20,-1.13,-0.15,-0.54
-17.38,1.06,4.94,0.34,-0.42,-0.60
-13.06,2.51,2.79,-0.39,-0.41,-0.50
-14.91,-2.75,1.14,-0.15,-0.39,-0.74
-14.00,-0.51,1.73,0.16,-0.50,-0.64
-13.06,0.24,2.04,-0.25,-0.50,-0.63
-12.20,-0.39,2.28,-0.13,-0.40,-0.51
-12.20,0.39,1.65,0.02,-0.35,-0.45
-12.36,0.20,1.06,-0.17,-0.29,-0.32
-12.43,0.78,1.65,-0.19,-0.14,-0.21
-11.26,0.78,1.96,-0.23,-0.03,-0.08
-10.83,0.20,1.65,-0.20,0.15,0.02
-10.87,-0.08,1.26,-0.13,0.26,0.11
-11.14,-0.43,1.41,-0.16,0.31,0.17
-10.08,0.20,1.45,-0.29,0.36,0.24
-9.57,0.39,1.61,-0.21,0.44,0.25
-8.39,1.26,1.65,-0.38,0.46,0.26
-6.20,0.12,1.37,-0.66,0.46,0.29
-3.45,-0.12,1.02,-0.51,0.38,0.27
-1.73,-1.26,0.86,-0.53,0.31,0.33
-0.67,-3.80,0.00,-0.56,0.15,0.41
-0.31,-2.79,0.51,-0.05,0.06,0.24
-2.47,-1.37,1.14,-0.19,0.04,0.16
-6.63,-3.02,0.47,-0.38,0.04,-0.12
-12.51,-2.43,1.61,-0.04,0.10,-0.24
-15.22,-0.16,3.41,-0.19,0.20,-0.12
-11.92,-1.33,3.77,-0.21,0.17,0.39
-8.36,-1.33,2.90,0.19,0.13,0.32
-7.57,-0.78,1.18,0.37,0.06,0.02
-8.47,-1.88,0.51,-0.21,0.02,-0.23
-9.92,-1.92,0.59,-0.39,-0.02,-0.28
-10.36,-0.94,1.26,-0.40,-0.02,-0.27
-11.49,-1.06,2.31,-0.32,0.01,-0.14
-10.59,-0.71,2.86,-0.09,0.02,-0.08
-9.89,-1.06,2.31,-0.01,0.04,-0.07
-9.45,-2.00,1.57,-0.09,0.03,-0.11
-9.69,-2.08,1.10,-0.03,-0.01,-0.14
-9.81,-1.18,1.49,-0.01,-0.03,-0.14
-9.92,-0.94,1.92,-0.12,0.00,-0.10
-10.08,-1.10,2.08,-0.08,0.02,-0.08
-10.08,-0.86,1.96,0.02,0.03,-0.07
-9.92,-0.94,1.73,-0.02,0.03,-0.07
-9.96,-1.26,1.77,-0.12,0.02,-0.08
-9.69,-1.18,1.96,-0.14,0.02,-0.13
-9.81,-1.33,1.92,-0.19,0.04,-0.17
-9.92,-1.37,1.73,-0.22,0.05,-0.24
-10.12,-1.84,1.22,-0.24,0.04,-0.15
-9.92,-2.04,1.37,-0.12,0.03,-0.06
-9.89,-1.45,1.84,-0.02,0.03,-0.06
-9.85,-1.84,1.73,-0.06,0.07,-0.05
-9.77,-1.53,1.69,-0.01,0.09,-0.07
-9.89,-1.73,1.65,-0.02,0.11,-0.06
-9.89,-1.96,1.61,0.01,0.13,-0.06
-9.96,-1.96,1.80,0.04,0.12,-0.05
-9.81,-1.92,1.61,0.07,0.13,-0.06
-9.89,-1.77,1.84,0.08,0.14,-0.06
-9.85,-1.73,1.84,0.07,0.13,-0.06
-9.85,-1.88,1.80,0.07,0.13,-0.07
-9.89,-1.61,1.92,0.09,0.14,-0.05
-9.92,-1.77,1.92,0.06,0.13,-0.03
-9.89,-1.53,1.84,0.05,0.13,-0.02
-9.85,-1.65,1.84,0.04,0.13,-0.00
-9.73,-2.00,1.69,0.09,0.13,0.02
-9.89,-1.49,1.77,0.14,0.13,0.01
-9.89,-1.80,1.92,0.11,0.13,0.02
-9.89,-1.53,1.84,0.16,0.13,0.04
-9.77,-1.53,1.77,0.12,0.16,0.07
-9.73,-2.08,1.73,0.14,0.18,0.09
-9.10,-1.57,1.77,0.20,0.20,0.12
-8.79,-1.45,1.73,0.14,0.23,0.17
-8.20,-1.73,1.61,0.12,0.25,0.21
-7.53,-1.61,1.45,0.26,0.26,0.25
-6.59,-1.22,1.14,0.31,0.26,0.27
-5.65,-0.86,1.18,0.32,0.27,0.28
-5.22,-1.02,0.78,0.38,0.27,0.27
-5.69,-0.78,0.08,0.54,0.24,0.23
-6.39,0.00,0.16,0.57,0.20,0.20
-6.90,0.94,0.59,0.27,0.13,0.13
-8.63,0.00,0.59,-0.09,0.11,0.11
-9.73,-0.24,0.67,-0.22,0.10,-0.03
-10.87,1.37,0.71,-0.37,0.08,-0.13
-11.10,1.33,1.14,-0.79,0.12,-0.15
-11.77,-1.06,1.14,-0.97,0.09,-0.17
-11.77,-1.61,1.10,-0.56,0.07,-0.18
-11.77,-0.27,0.86,-0.14,-0.02,-0.12
-12.00,-0.04,0.82,-0.04,-0.03,-0.12
-11.89,-1.06,0.86,-0.11,0.02,-0.11
-11.38,-0.47,1.02,0.11,0.04,-0.10
-10.79,0.31,1.18,0.10,0.01,-0.10
-11.14,-0.86,0.90,-0.02,0.05,-0.05
-10.71,-0.08,1.02,0.09,0.06,-0.09
-9.41,0.00,1.29,-0.04,0.10,-0.04
-10.20,-1.69,0.63,0.09,0.18,0.03
-12.43,-1.57,0.63,0.36,0.21,0.04
-11.53,0.71,1.26,0.15,0.15,0.06
-12.00,-0.90,1.61,-0.06,0.16,0.05
-12.59,-1.77,1.37,0.21,0.15,-0.01
-11.69,-0.39,1.96,0.49,0.15,-0.11
-11.41,1.84,2.31,0.26,0.10,-0.16
-10.71,0.20,2.00,-0.68,0.09,0.00
-10.98,-2.20,1.53,-0.71,0.20,-0.27
-10.71,-3.10,1.65,0.07,0.28,-0.34
-10.79,-0.59,0.98,0.81,0.30,-0.56
-11.49,-3.02,-0.39,0.30,0.28,-0.37
-11.73,-4.82,-0.67,0.45,0.29,-0.42
-11.77,-3.06,0.75,1.39,0.31,-0.49
-11.77,-1.77,0.39,1.72,0.24,-0.18
-10.63,-0.63,-0.04,1.53,0.14,-0.21
-9.38,-0.43,0.71,1.22,-0.28,0.35
-12.24,0.71,0.71,0.25,-0.06,-0.03
-8.32,-1.41,1.92,0.09,-0.08,0.58
-9.14,-1.10,1.73,0.30,0.09,0.37
-10.12,-0.90,-0.39,0.33,0.11,0.39
-10.32,-1.02,-0.24,0.13,0.04,0.28
-9.10,1.06,0.86,0.07,-0.03,0.26
-10.24,-0.24,0.94,-0.29,0.04,0.36
-10.63,-0.98,0.12,-0.44,0.07,0.26
-9.26,0.86,0.94,0.10,0.03,0.10
-10.08,0.94,1.84,0.11,0.14,0.19
-10.43,0.35,1.29,0.02,0.30,0.03
-10.40,0.00,0.67,0.14,0.40,0.01
-10.67,0.00,0.75,0.04,0.38,0.02
-10.36,-0.47,0.67,-0.20,0.35,0.02
-10.16,-0.43,1.29,-0.18,0.29,-0.03
-9.81,-1.14,1.33,-0.26,0.25,0.04
-9.49,-0.51,0.51,-0.14,0.23,0.04
-9.81,-0.27,0.47,0.06,0.22,0.06
-9.30,0.31,0.63,0.05,0.17,-0.13
-9.89,-0.12,1.33,0.02,0.21,-0.16
-10.08,-0.51,1.06,0.18,0.24,-0.21
-9.53,0.12,0.59,0.39,0.20,-0.31
-9.96,0.47,0.20,0.27,0.17,-0.45
-9.30,-0.20,0.20,0.17,0.15,-0.46
-9.92,-0.82,0.12,0.06,0.06,-0.50
-10.28,-1.10,0.20,-0.03,0.02,-0.59
-9.81,-1.65,-0.08,-0.03,-0.04,-0.54
-10.83,-2.24,-0.12,-0.15,-0.10,-0.37
-11.57,-3.06,-0.24,-0.01,-0.09,-0.18
-9.92,-2.08,-0.16,0.18,-0.19,-0.01
-12.20,-1.88,0.51,-0.00,-0.12,0.21
-11.26,-1.14,-0.24,-0.18,-0.15,0.43
-10.63,-1.88,-0.39,-0.27,-0.09,0.62
-10.79,0.75,1.02,-0.13,0.11,0.49
-10.04,-0.51,0.59,-0.08,0.19,0.74
-9.65,-0.12,0.43,-0.09,0.19,0.58
-9.81,0.00,1.26,-0.13,0.14,0.48
-9.81,-0.08,1.49,-0.20,0.07,0.30
-10.43,0.04,1.53,-0.10,0.06,0.18
-9.10,-0.08,0.98,-0.07,0.05,0.04
-10.08,-0.43,1.06,-0.12,0.07,-0.08
-10.94,-0.55,1.14,0.08,0.04,-0.27
-10.08,-0.86,0.51,-0.12,-0.02,-0.26
-9.89,-1.61,0.78,-0.10,-0.02,-0.22
-10.55,-0.47,0.71,0.24,-0.04,-0.15
-10.32,-0.24,0.86,0.22,-0.06,-0.22
-9.53,-0.27,0.75,0.24,-0.09,-0.19
-10.24,-0.24,0.90,0.21,-0.07,-0.07
-10.16,0.16,1.02,0.17,-0.08,-0.03
-9.45,-0.20,0.63,0.16,-0.08,0.06
-10.55,-0.63,1.06,0.12,-0.05,0.10
-10.43,-1.49,1.41,0.17,-0.04,0.21
-11.85,-2.28,1.73,0.44,-0.05,0.20
-12.43,-1.14,1.80,0.47,0.06,0.19
-13.81,-5.14,2.04,0.44,0.14,0.37
-15.34,-2.47,0.71,1.11,0.07,0.12
-11.73,0.55,-1.26,0.92,-0.20,-0.11
-18.28,8.51,5.18,0.60,-0.27,-0.20
-15.77,6.71,4.47,0.04,-0.29,0.11
-14.16,0.47,0.94,-0.86,-0.25,-0.34
-13.14,-1.73,-0.04,-0.38,-0.37,-0.39
-13.10,0.04,0.86,-0.23,-0.46,-0.40
-12.40,0.90,0.90,-0.57,-0.35,-0.34
-12.79,0.08,0.71,-0.41,-0.25,-0.27
-12.47,1.41,0.71,0.03,-0.11,-0.23
-12.00,1.41,1.37,-0.03,0.03,-0.13
-11.53,0.39,1.22,-0.22,0.12,-0.08
-10.83,1.14,0.78,-0.31,0.17,-0.13
-10.16,1.29,0.67,-0.60,0.21,-0.08
-9.26,-0.04,0.71,-0.59,0.24,-0.01
-7.69,0.98,0.75,-0.44,0.29,-0.02
-5.57,1.57,0.71,-0.61,0.32,0.02
-3.57,0.63,0.86,-0.75,0.31,0.04
-1.65,-0.27,0.51,-0.73,0.28,-0.02
-1.10,-1.77,-0.16,-0.46,0.25,0.07
-0.75,-0.90,0.47,-0.31,0.20,0.07
-2.20,-1.26,0.55,-0.56,0.14,0.12
-5.84,-2.67,0.55,-0.65,0.21,-0.02
-9.61,-2.63,0.39,-0.10,0.31,-0.12
-15.81,-0.51,1.14,-0.03,0.41,-0.00
-13.96,1.88,2.00,-0.74,0.38,0.27
-10.55,-2.04,2.75,-0.73,0.32,0.73
-8.28,-0.08,2.51,0.29,0.26,0.31
-7.96,-0.59,1.26,0.13,0.26,0.14
-8.98,-1.88,0.00,-0.40,0.19,-0.07
-9.49,-1.41,0.47,-0.64,0.10,-0.10
-10.67,-3.92,1.80,-0.89,0.07,-0.09
-11.85,-5.57,2.39,-0.69,0.00,-0.33
-11.22,-3.96,2.63,0.26,-0.13,-0.43
-9.77,0.39,1.22,0.53,-0.19,-0.41
-9.41,0.04,0.16,0.01,-0.08,-0.08
-9.45,-0.94,0.04,0.13,-0.01,0.01
-9.85,-0.20,0.16,0.19,0.04,0.07
-10.16,0.00,0.86,-0.01,0.11,0.08
-10.43,-0.78,1.53,-0.10,0.14,0.14
-10.20,-2.04,1.49,0.01,0.12,0.17
-10.40,-1.37,1.49,0.24,0.10,-0.03
-10.20,-1.29,1.02,0.12,0.06,-0.04
-10.08,-1.77,0.63,-0.01,0.05,-0.03
-10.16,-1.14,0.55,0.22,0.05,-0.06
-10.28,0.12,1.26,0.27,0.06,-0.05
-10.16,-0.24,1.29,0.08,0.07,-0.02
-10.12,-0.63,1.06,0.05,0.07,-0.07
-10.16,-0.39,1.10,0.06,0.06,-0.09
-10.08,0.00,1.26,-0.09,0.05,-0.05
-10.04,-1.61,0.94,-0.10,0.04,0.11
-10.24,-1.06,1.18,0.10,0.08,0.02
-10.43,-0.67,1.02,0.14,0.07,0.02
-10.16,-1.02,0.86,0.01,0.07,0.05
-10.08,-1.18,1.10,0.05,0.08,0.02
-9.85,-0.90,0.82,0.12,0.12,0.00
-9.96,-0.43,0.75,0.16,0.13,0.01
-9.92,-0.94,0.67,0.08,0.14,0.03
-10.04,-0.78,0.78,0.05,0.16,0.00
-10.08,-0.67,1.26,0.01,0.15,-0.01
-10.20,-1.22,1.80,-0.07,0.14,-0.01
-10.12,-1.37,1.65,-0.00,0.11,0.00
-9.81,-1.45,1.26,0.10,0.10,0.02
-9.81,-0.90,0.90,0.13,0.05,0.02
-10.20,-1.41,0.78,0.11,0.06,0.03
-10.08,-0.67,0.86,0.19,0.04,0.08
-10.16,0.08,1.06,0.16,0.05,0.13
-9.73,-0.04,1.18,0.15,0.08,0.17
-8.79,0.59,1.14,0.20,0.09,0.18
-8.24,-0.24,0.78,0.10,0.15,0.19
-8.36,-0.24,0.55,0.23,0.20,0.20
-8.47,-0.16,0.51,0.18,0.22,0.21
-7.92,0.00,0.63,-0.02,0.24,0.29
-8.16,-0.98,0.55,0.17,0.24,0.34
-9.18,-0.27,0.47,0.31,0.23,0.30
-9.22,0.86,0.47,0.19,0.23,0.31
-9.14,0.94,0.67,0.01,0.24,0.35
-9.06,0.31,0.59,-0.10,0.22,0.35
-9.77,0.00,0.31,0.03,0.20,0.25
-9.96,1.10,0.51,0.13,0.19,0.17
-10.28,0.08,0.90,-0.01,0.18,0.21
-10.71,-0.31,0.78,0.11,0.12,0.12
-10.63,0.35,0.86,0.35,0.04,0.04
-9.81,1.57,-0.47,0.02,0.09,-0.09
-12.43,1.06,0.39,-0.13,0.16,-0.06
-11.77,-0.82,1.96,-0.02,0.06,-0.09
-10.24,0.04,0.90,0.12,-0.03,-0.32
-10.28,0.47,0.31,0.01,-0.15,-0.33
-10.04,-0.55,0.86,-0.06,-0.19,-0.32
-10.12,-0.16,0.78,0.15,-0.25,-0.31
-9.89,1.22,0.55,0.22,-0.26,-0.30
-10.12,0.75,0.35,0.00,-0.23,-0.23
-10.32,0.63,0.75,0.15,-0.20,-0.20
-10.36,1.02,1.33,0.14,-0.17,-0.20
-10.28,0.16,0.47,0.03,-0.08,-0.18
-11.02,-0.12,0.75,0.22,-0.10,-0.20
-11.57,0.04,2.00,0.18,-0.13,-0.28
-9.73,-0.90,2.04,0.08,-0.12,-0.38
-9.41,-0.75,0.82,0.07,-0.14,-0.45
-7.85,-0.51,-0.20,0.10,-0.20,-0.49
-8.59,1.45,0.39,0.10,-0.18,-0.41
-7.92,1.22,1.18,-0.01,-0.08,-0.12
-9.26,0.20,2.00,0.01,0.01,-0.19
-8.63,-0.31,1.29,0.04,0.01,-0.21
-9.49,-0.59,0.51,0.24,0.00,-0.19
-9.85,-0.12,0.47,0.25,-0.01,-0.14
-9.77,0.55,1.02,0.11,0.05,-0.07
-10.00,0.43,0.94,0.09,0.15,-0.01
-10.40,0.00,1.29,0.25,0.18,0.00
-10.87,0.47,1.80,0.35,0.19,0.02
-11.41,0.00,1.57,0.21,0.19,0.06
-11.81,-0.82,1.45,0.17,0.16,0.13
-11.53,-0.24,2.00,0.12,0.10,0.10
-11.65,-0.08,1.53,-0.06,0.10,0.07
-11.89,-0.20,1.49,-0.11,0.09,0.03
-11.34,-1.10,1.53,0.07,0.11,0.08
-12.24,-0.20,-0.59,0.09,0.13,-0.00
-11.65,0.75,1.69,0.50,-0.08,0.12
-11.65,-0.82,1.80,0.00,-0.24,-0.38
-10.51,-1.69,-0.12,-0.10,0.08,0.04
-11.30,0.16,-0.71,-0.21,-0.03,0.06
-10.63,0.00,0.59,-0.36,0.02,0.07
-10.12,1.18,1.53,-0.23,0.09,0.16
-10.40,0.43,0.51,-0.04,0.18,0.18
-10.16,-0.12,1.10,0.10,0.30,0.12
-10.28,0.04,1.69,0.05,0.31,0.16
-10.20,-0.08,0.90,-0.19,0.25,0.16
-9.85,-0.86,1.33,-0.28,0.23,0.12
-10.08,-0.31,1.96,-0.06,0.23,0.08
-9.92,-0.12,1.37,0.00,0.20,0.05
-9.96,-0.59,1.10,0.06,0.19,-0.02
-10.12,-0.12,1.02,0.11,0.11,-0.09
-9.73,0.82,1.18,-0.04,0.10,-0.10
-10.12,-0.47,1.45,-0.11,0.13,-0.07
-10.51,-0.55,0.71,0.08,0.12,-0.08
-10.43,-0.16,0.67,0.16,0.06,-0.14
-10.43,-1.10,1.37,0.08,0.05,-0.13
-10.75,-0.98,1.49,0.23,0.02,-0.17
-11.57,-0.98,1.57,0.51,0.06,-0.29
-12.36,0.78,2.86,0.53,0.08,-0.38
-12.28,-0.90,0.24,-0.41,0.07,-0.22
-12.32,-1.65,-0.59,-0.43,0.03,-0.26
-14.87,3.10,2.75,0.22,0.01,-0.07
-12.32,0.43,2.79,-0.15,0.06,0.01
-13.02,-2.28,1.41,0.15,0.05,-0.07
-12.75,-0.71,0.86,0.23,0.02,-0.10
-12.36,-1.18,0.63,-0.10,-0.05,0.01
-12.04,0.12,1.02,-0.07,-0.05,-0.07
-11.26,0.55,1.26,0.06,0.04,-0.00
-11.69,0.20,1.10,0.21,0.12,0.02
-11.38,0.67,0.59,0.13,0.14,-0.01
-10.98,-0.08,0.55,-0.07,0.19,0.05
-10.87,-0.27,0.47,-0.11,0.20,0.11
-13.26,2.86,-0.04,-0.16,0.22,0.01
-9.22,0.82,0.71,-0.39,0.23,0.47
-9.61,1.29,0.43,-0.28,0.40,0.34
-9.14,0.71,-0.39,-0.12,0.42,0.47
-9.92,0.94,-0.78,0.03,0.47,0.48
-8.79,1.65,0.00,-0.03,0.53,0.58
-8.39,1.10,0.31,0.03,0.58,0.69
-9.14,1.18,0.59,0.28,0.64,0.62
-9.38,2.16,0.47,0.05,0.63,0.53
-9.61,1.57,0.51,-0.25,0.64,0.51
-8.98,1.14,0.71,-0.36,0.58,0.47
-7.26,-1.10,3.53,-0.41,0.53,0.35
-7.02,-7.02,6.32,-1.02,0.21,-0.51
-6.75,-5.92,3.26,-0.65,-0.29,-1.10
-5.61,-3.92,-1.33,-0.31,-0.45,-1.10
-6.51,-2.79,-2.35,0.56,-0.62,-0.85
-7.73,-0.12,-1.06,0.88,-0.66,-0.74
-9.53,3.30,1.37,0.60,-0.62,-0.73
-9.49,3.92,1.33,-0.47,-0.47,-0.51
-10.75,0.04,-0.39,-0.82,-0.22,-0.36
-10.94,-0.59,-0.55,-0.24,-0.11,-0.22
-9.49,1.18,0.82,0.34,-0.01,0.00
-8.59,0.67,1.69,-0.19,0.01,0.09
-9.57,-1.73,1.80,-0.56,-0.03,-0.05
-10.43,-2.00,1.29,-0.57,-0.06,-0.31
-10.47,-1.65,0.86,-0.43,0.01,-0.40
-10.32,-1.41,0.55,-0.34,0.05,-0.21
-10.16,-1.37,0.59,0.11,0.07,-0.06
-10.04,0.35,1.10,0.14,0.08,-0.02
-9.65,0.27,1.18,-0.14,0.09,-0.03
-10.00,-0.39,1.37,-0.28,0.07,-0.04
-10.24,-0.78,1.41,-0.25,0.05,-0.05
-10.08,-1.41,1.29,-0.32,0.03,-0.07
-10.28,-2.20,1.22,-0.25,0.03,-0.07
-10.16,-2.16,0.94,-0.10,0.02,-0.09
-10.08,-1.29,1.10,0.11,0.02,-0.14
-9.81,-0.78,1.02,-0.09,0.04,-0.12
-9.89,-1.41,0.90,-0.07,0.06,-0.09
-9.92,-0.55,0.78,0.15,0.06,-0.08
-9.96,-0.39,0.98,0.03,0.09,-0.02
-10.04,-1.33,1.26,-0.01,0.11,0.00
-10.00,-0.86,1.06,0.09,0.12,-0.03
-9.96,-1.14,1.10,0.01,0.15,0.03
-10.04,-1.65,0.98,0.02,0.19,0.07
-10.00,-0.86,1.02,0.21,0.16,0.09
-10.04,-0.82,1.10,0.17,0.18,0.10
-10.04,-1.14,1.10,0.15,0.18,0.08
-9.92,-0.43,0.98,0.17,0.17,0.11
-9.89,-0.78,0.75,0.14,0.18,0.18
-9.92,-0.90,0.78,0.14,0.18,0.14
-9.81,-0.75,0.94,0.07,0.22,0.16
-9.41,-0.90,0.94,0.09,0.25,0.21
-8.55,-0.20,0.98,0.20,0.25,0.26
-7.69,-0.67,0.98,0.19,0.29,0.31
-7.73,-0.59,0.98,0.25,0.27,0.30
-8.43,-0.63,0.27,0.13,0.26,0.25
-8.71,-0.08,-0.16,0.02,0.25,0.26
-8.36,0.20,0.55,0.05,0.23,0.35
-8.00,0.00,0.78,0.01,0.28,0.37
-9.38,-0.59,0.08,0.16,0.35,0.38
-9.41,0.67,0.20,0.30,0.32,0.39
-9.41,0.63,0.20,0.18,0.31,0.44
-9.81,0.86,-0.16,0.15,0.25,0.40
-10.16,1.37,0.20,0.16,0.21,0.37
-11.14,0.94,0.43,0.01,0.17,0.32
-12.16,0.27,1.65,0.03,0.12,0.21
-11.53,-0.20,1.73,0.07,-0.02,-0.09
-10.51,-0.75,-0.12,0.03,-0.09,-0.34
-10.51,0.78,-1.02,0.03,-0.09,-0.40
-10.90,0.90,-0.59,-0.11,-0.06,-0.21
-10.43,0.67,0.31,0.17,-0.03,-0.10
-10.16,2.35,0.67,0.28,-0.03,-0.17
-10.43,1.45,1.18,-0.00,-0.03,-0.19
-10.04,0.04,1.65,-0.18,-0.07,-0.24
-9.96,-0.94,0.51,-0.04,-0.14,-0.29
-11.34,0.47,0.24,0.17,-0.22,-0.43
-10.63,-0.20,0.12,0.12,-0.23,-0.41
-10.47,-0.55,1.22,0.16,-0.20,-0.46
-10.32,-0.63,0.67,0.08,-0.22,-0.59
-7.37,2.08,-1.53,0.01,-0.25,-0.32
-9.18,1.26,1.22,0.12,-0.23,-0.12
-9.06,0.67,2.12,0.06,-0.19,-0.18
-9.26,-0.12,0.75,-0.02,-0.13,-0.25
-9.65,-0.31,0.08,0.21,-0.10,-0.19
-9.81,0.27,-0.31,0.25,-0.07,-0.05
-9.65,1.33,0.20,0.14,-0.05,0.01
-10.36,1.06,0.63,-0.05,0.08,0.11
-10.75,1.14,0.63,0.05,0.13,0.12
-11.22,0.00,0.90,0.07,0.19,0.13
-11.77,0.00,0.82,0.15,0.21,0.16
-11.14,0.43,0.47,-0.07,0.22,0.18
-11.26,-0.51,0.39,-0.11,0.25,0.24
-11.22,2.24,2.90,0.08,0.25,0.25
-9.65,2.90,0.51,-0.98,0.35,0.34
-20.01,3.77,8.51,-0.44,0.26,0.30
-6.35,0.16,4.82,0.78,-0.03,0.75
-14.32,0.98,-0.94,0.40,0.50,-0.21
-12.83,-2.12,-2.00,0.22,0.48,0.24
-11.69,-0.47,-1.29,0.37,0.48,0.29
-10.20,3.22,1.26,0.28,0.54,0.46
-9.49,3.30,0.00,-0.51,0.66,0.51
-10.40,-1.02,-0.82,-1.13,0.70,0.33
-11.30,-1.96,2.16,-0.67,0.49,0.16
-10.47,-1.45,3.18,-0.26,0.16,-0.02
-10.40,-0.82,1.73,-0.36,-0.05,-0.03
-10.59,-0.67,0.59,-0.18,-0.17,-0.11
-10.43,-0.04,1.02,-0.08,-0.19,-0.20
-10.40,0.27,-0.04,0.12,-0.24,-0.11
-10.43,1.22,-0.39,0.16,-0.22,-0.13
-10.32,0.78,0.12,0.04,-0.19,-0.08
-10.16,2.31,-0.04,0.14,-0.16,-0.07
-9.92,1.26,0.71,0.03,-0.10,-0.03
-10.36,0.90,1.33,0.18,-0.01,-0.13
-10.20,1.14,0.67,0.20,-0.04,-0.13
-10.04,-0.24,0.75,0.20,-0.11,-0.20
-10.00,0.51,1.88,0.21,-0.15,-0.27
-10.12,0.00,0.94,0.10,-0.21,-0.28
-10.04,0.20,0.82,0.14,-0.25,-0.36
-9.92,0.43,0.78,0.01,-0.23,-0.29
-9.85,0.86,0.55,0.09,-0.21,-0.28
-9.81,1.33,0.47,0.21,-0.18,-0.25
-9.96,1.41,0.20,0.21,-0.12,-0.22
-10.16,0.82,0.63,0.22,-0.07,-0.19
-10.20,0.78,0.90,0.20,-0.01,-0.20
-10.32,0.59,1.22,0.26,0.02,-0.18
-10.36,1.26,0.86,0.11,0.05,-0.24
-10.24,-0.08,0.82,-0.20,0.07,-0.11
-10.71,-0.63,1.49,0.12,0.05,-0.15
-10.55,0.20,1.29,0.12,0.07,-0.17
-11.10,-0.90,1.06,-0.06,0.11,-0.16
-11.61,-0.75,1.06,-0.13,0.09,-0.25
-11.77,-1.26,0.08,-0.36,0.07,-0.19
-13.53,1.10,1.06,-0.26,0.07,-0.22
-12.43,1.02,2.94,-0.25,0.11,-0.16
-12.94,-0.75,2.12,-0.08,0.15,-0.36
-12.51,-1.41,0.82,0.23,0.06,-0.48
-12.40,-1.26,0.27,0.09,-0.02,-0.37
-11.77,-0.16,0.78,-0.14,-0.05,-0.31
-11.45,-0.75,0.78,-0.06,-0.00,-0.12
-11.18,1.73,0.71,0.10,0.10,-0.08
-10.87,1.14,1.26,-0.07,0.17,0.03
-10.55,0.51,1.14,-0.12,0.25,0.07
-10.43,0.12,0.94,-0.08,0.27,0.14
-9.30,-0.24,0.63,-0.15,0.23,0.26
-5.10,-5.30,0.00,-0.86,-0.07,-0.69
-18.36,6.16,2.43,0.94,0.20,0.28
-8.36,2.00,1.69,-0.36,0.10,0.77
-9.10,1.10,0.63,-0.21,0.23,0.14
-10.47,1.41,-0.78,0.26,0.24,0.23
-10.43,-0.16,-1.92,-0.35,0.39,0.54
-10.00,-0.63,-1.41,-0.06,0.43,0.77
-10.71,1.18,0.08,0.41,0.44,0.82
-10.90,2.43,0.63,0.65,0.56,0.76
-11.22,3.02,0.75,0.20,0.70,0.62
-10.94,1.49,0.16,-0.02,0.72,0.50
-10.94,1.10,1.22,-0.10,0.71,0.47
-12.51,-6.00,7.10,-0.57,0.25,-0.10
-10.04,-1.53,2.51,-0.62,0.02,-0.79
-6.63,-0.16,0.04,-0.28,-0.10,-0.35
-6.00,1.49,0.39,-0.19,-0.27,-0.38
-4.00,-0.39,0.63,-0.04,-0.42,-0.31
-3.96,0.98,0.63,0.03,-0.52,-0.54
-6.47,1.92,1.26,-0.29,-0.52,-0.49
-5.14,-1.84,-0.51,-0.95,-0.41,-0.36
-8.20,-2.59,-1.80,-0.52,-0.05,-0.66
-11.92,-2.12,-0.31,0.09,0.02,-0.52
-13.06,0.35,0.82,0.32,-0.05,-0.23
-10.20,1.10,2.04,-0.04,0.04,-0.10
-9.77,0.12,2.59,-0.00,0.07,-0.11
-8.90,-0.08,1.53,0.31,-0.07,-0.20
-9.77,0.27,0.27,-0.03,-0.14,-0.38
-10.00,-0.86,-0.20,-0.44,-0.12,-0.32
-10.04,-1.53,-0.20,-0.44,-0.06,-0.17
-9.30,-0.31,0.31,0.03,0.02,-0.04
-9.41,0.47,1.18,0.05,0.10,0.01
-10.40,-0.27,1.49,-0.07,0.14,0.00
-10.90,-1.41,1.73,0.03,0.17,-0.09
-10.67,-1.57,2.35,0.17,0.12,-0.22
-10.16,-0.51,2.47,0.19,0.01,-0.40
-10.00,-2.12,1.69,-0.00,-0.03,-0.38
-10.59,-1.73,1.69,0.29,-0.08,-0.40
-9.57,-1.10,0.82,0.47,-0.21,-0.30
-9.73,-2.00,1.10,0.56,-0.16,-0.13
-10.00,-2.63,0.39,0.84,-0.07,-0.19
-8.94,-0.04,-0.75,0.43,0.11,-0.36
-9.38,-1.88,-0.08,0.14,0.13,-0.28
-8.71,-1.10,-0.63,0.32,0.26,-0.36
-10.16,-2.47,0.24,0.62,0.47,-0.44
-10.08,0.00,1.33,1.03,0.47,-0.33
-10.79,-1.69,0.35,0.73,0.63,-0.31
-11.10,0.04,2.16,1.10,0.47,-0.28
-10.67,1.80,1.57,0.98,0.41,-0.02
-10.90,0.08,1.49,0.53,0.46,0.11
-9.30,-0.47,1.77,0.17,0.16,0.03
-10.32,0.04,1.14,-0.39,-0.04,0.11
-10.00,-1.77,1.29,-1.16,-0.20,0.32
-9.73,-2.59,0.51,-1.36,-0.13,0.26
-10.28,-3.02,1.33,-0.76,-0.11,0.22
-10.47,-1.10,0.78,-0.31,0.07,-0.06
-10.71,0.39,0.27,-0.13,0.10,0.04
-10.00,-0.39,0.00,-0.40,0.09,0.31
-9.77,-2.28,0.04,-0.58,0.08,0.21
-10.43,-2.08,1.57,-0.22,0.03,0.08
-10.04,-0.78,1.06,-0.15,0.05,0.09
-10.00,-0.98,0.78,-0.25,0.05,0.12
-10.24,-1.49,0.71,-0.25,0.06,0.11
-10.16,-1.10,1.02,-0.05,0.09,0.12
-10.00,-0.78,1.22,-0.05,0.07,0.15
-10.12,-1.41,1.14,-0.15,0.07,0.12
-10.08,-1.57,1.45,-0.07,0.05,0.10
-10.04,-0.90,1.29,0.01,0.03,0.08
-10.00,-1.22,1.10,-0.10,0.04,0.14
-9.81,-1.77,0.94,-0.01,0.07,0.14
-9.18,-0.35,1.14,0.10,0.03,0.19
-8.16,-0.16,0.75,-0.04,0.02,0.24
-6.94,-0.75,0.86,-0.04,0.05,0.26
-6.98,-0.71,0.71,0.14,0.06,0.18
-7.49,0.63,0.51,0.23,0.06,0.16
-7.69,-0.24,0.55,-0.15,0.10,0.25
-6.67,-0.04,0.90,-0.15,0.09,0.26
-6.55,-0.31,0.24,-0.06,0.14,0.26
-7.61,-0.24,0.51,0.12,0.19,0.21
-8.32,0.39,0.75,0.11,0.23,0.19
-9.02,-0.04,0.63,-0.17,0.24,0.17
-10.16,-0.24,0.51,0.01,0.13,0.06
-11.34,1.33,1.49,-0.01,0.06,-0.05
-11.38,0.12,1.26,-0.37,0.06,-0.12
-11.85,-1.33,0.31,0.00,0.12,-0.23
-11.85,-0.27,-0.43,0.19,0.13,-0.31
-11.61,-0.24,0.00,0.04,0.13,-0.28
-11.81,0.08,0.82,0.02,0.09,-0.21
-12.79,0.63,4.90,-0.14,-0.02,-0.26
-12.98,-1.22,3.96,-0.28,-0.56,-0.57
-9.14,1.10,-0.94,0.24,-0.34,-0.62
-9.73,-0.82,-2.24,0.27,-0.32,-0.41
-11.53,-3.26,1.26,0.55,-0.66,-0.45
-6.98,2.94,0.27,0.64,-0.56,-0.21
-7.14,3.65,1.33,-0.27,-0.43,-0.29
-9.06,-3.80,0.78,-0.40,-0.34,0.00
-9.49,0.78,-0.12,0.42,-0.31,-0.23
-9.34,1.65,0.43,0.37,-0.15,-0.05
-9.81,-0.12,0.31,0.09,0.10,0.02
-9.85,1.02,0.59,0.43,0.19,-0.11
-9.96,1.69,0.67,0.28,0.32,0.06
-10.67,-1.18,0.67,0.18,0.43,0.12
-10.43,-0.08,0.75,0.10,0.42,0.03
-10.83,-0.75,0.24,-0.11,0.46,0.19
-10.94,1.10,1.53,-0.22,0.52,0.16
-18.01,1.69,7.14,-0.46,0.60,0.16
-9.38,8.32,13.73,1.50,0.02,-0.42
-5.10,-3.30,-2.75,-1.81,0.35,-0.38
-12.98,-12.79,-5.61,-0.97,0.10,-1.04
-10.75,-1.53,2.82,0.22,-0.20,-0.52
-11.22,0.98,2.98,-0.15,-0.08,-0.32
-9.02,1.69,-1.80,-0.17,0.05,-0.19
-9.92,-0.08,0.35,0.18,0.21,0.03
-9.81,0.67,2.12,0.08,0.21,0.17
-9.41,-1.33,0.43,-0.11,0.22,0.44
-10.20,-1.73,2.12,-0.10,0.18,0.31
-9.69,-1.26,1.33,-0.13,0.16,0.28
-10.08,-1.77,1.18,-0.21,0.09,0.26
-10.55,-1.65,1.88,-0.23,0.03,0.08
-10.08,-0.86,1.45,-0.24,-0.01,0.03
-9.41,-0.71,0.98,-0.16,0.00,0.01
-10.28,-0.43,1.73,-0.14,0.02,-0.05
-9.69,-0.47,1.10,-0.11,0.02,-0.02
-9.73,-1.06,0.94,-0.11,0.04,-0.02
-10.36,-0.71,1.65,0.02,0.06,-0.04
-10.16,-0.71,1.10,0.02,0.10,-0.04
-10.20,-1.37,1.02,-0.00,0.08,-0.05
-10.24,-0.90,1.29,0.18,0.06,-0.13
-10.20,-0.78,1.29,0.25,0.06,-0.10
-10.12,-0.08,1.06,0.20,0.08,-0.21
-10.00,0.16,0.78,0.02,0.07,-0.29
-10.63,-1.22,0.86,-0.25,0.10,-0.23
-10.12,-1.37,0.82,0.00,0.08,-0.22
-10.79,-1.41,0.90,0.22,0.08,-0.19
-10.79,-1.18,1.22,0.22,0.08,-0.13
-10.75,-1.22,1.77,0.01,0.12,-0.10
-11.02,-2.24,1.69,0.06,0.18,-0.10
-11.53,-1.61,1.29,0.12,0.20,-0.29
-11.61,-2.51,1.02,-0.17,0.18,-0.37
-12.71,0.20,2.20,-0.40,0.12,-0.39
-12.40,0.51,3.96,-0.10,0.06,-0.18
-11.53,-1.57,1.92,-0.21,0.09,-0.36
-11.92,-4.12,-0.08,-0.06,0.03,-0.24
-11.65,-1.22,0.86,0.01,-0.13,-0.17
-11.34,-1.57,0.86,-0.19,-0.10,0.07
-11.89,-1.22,0.24,-0.07,-0.04,0.08
-12.16,0.27,0.35,0.17,0.00,0.15
-12.43,0.08,0.67,0.07,0.09,0.35
-11.81,0.00,0.59,-0.02,0.16,0.37
-11.96,-0.55,0.12,0.02,0.23,0.42
-12.24,0.47,0.39,-0.09,0.26,0.45
-6.90,-15.49,-4.35,-1.58,-0.33,0.74
-20.01,3.02,4.43,1.35,-0.13,0.26
-11.96,3.41,3.33,-0.01,-0.05,0.16
-7.57,-1.02,0.27,0.08,0.07,0.18
-10.00,1.18,-0.39,0.49,0.16,-0.11
-9.96,0.12,-0.20,0.16,0.23,0.26
-9.34,-0.16,-0.24,-0.29,0.25,0.43
-9.26,-0.82,0.35,-0.07,0.31,0.52
-8.87,1.26,0.71,0.21,0.34,0.48
-8.75,0.86,1.26,-0.11,0.41,0.47
-7.88,-0.24,0.35,0.12,0.42,0.47
-8.47,0.51,0.08,0.33,0.45,0.44
-8.43,1.18,0.35,0.17,0.46,0.40
-7.92,0.04,0.51,-0.05,0.46,0.41
-7.77,0.16,0.90,-0.05,0.45,0.33
-8.00,0.31,0.82,-0.19,0.42,0.21
-7.61,0.16,1.65,-0.41,0.35,0.09
-7.10,-1.73,3.10,-0.82,0.26,-0.08
-6.59,-6.51,2.63,-1.45,0.01,-0.61
-7.34,-5.53,0.35,-0.58,-0.14,-0.87
-9.02,-2.20,-0.47,-0.21,-0.16,-0.73
-10.43,-1.33,0.00,0.09,-0.20,-0.43
-12.24,1.41,0.90,0.43,-0.18,-0.40
-11.69,2.86,1.61,0.05,-0.16,-0.34
-10.08,0.98,1.45,-0.41,-0.09,-0.26
-8.71,-0.43,0.78,-0.25,-0.08,-0.34
-9.14,-1.37,0.24,-0.30,-0.10,-0.34
-9.10,-2.20,-0.12,-0.57,-0.12,-0.32
-10.00,-3.33,0.51,-0.49,-0.11,-0.26
-10.67,-2.51,1.41,-0.12,-0.10,-0.28
-10.40,-0.20,1.22,0.14,-0.06,-0.19
-10.08,0.27,0.94,0.06,-0.02,-0.10
-9.85,-0.94,0.82,-0.02,0.04,-0.11
-10.00,-0.59,0.75,0.01,0.07,-0.13
-9.96,-1.37,0.78,-0.09,0.08,-0.08
-9.81,-2.00,0.94,-0.09,0.06,-0.03
-10.12,-1.73,1.22,0.08,0.05,-0.00
-10.08,-1.02,1.18,0.10,0.04,-0.04
-10.00,-1.10,0.98,0.04,0.06,-0.03
-10.08,-1.06,0.90,0.11,0.07,-0.07
-9.81,-1.02,1.02,0.08,0.08,-0.06
-10.00,-1.02,0.86,0.02,0.10,-0.09
-10.24,-1.45,0.98,0.01,0.13,-0.06
-10.16,-1.53,1.02,0.05,0.12,-0.05
-9.96,-1.18,1.06,0.07,0.10,-0.04
-10.08,-1.45,1.06,0.02,0.10,-0.01
-10.12,-1.45,0.82,0.04,0.09,-0.02
-10.08,-1.37,0.86,0.09,0.09,-0.03
-10.12,-1.06,1.02,0.03,0.08,-0.06
-10.04,-1.45,1.06,-0.03,0.09,-0.03
-9.89,-1.84,0.94,0.03,0.09,-0.05
-10.04,-1.53,0.82,0.10,0.10,-0.03
-10.12,-1.57,0.82,0.11,0.11,-0.00
-10.04,-1.41,0.90,0.10,0.14,0.03
-9.96,-1.73,1.10,0.16,0.12,0.05
-10.00,-1.49,0.86,0.19,0.12,0.06
-10.00,-1.77,0.63,0.16,0.13,0.12
-10.16,-0.98,0.63,0.16,0.13,0.11
-10.00,-0.67,0.75,-0.02,0.12,0.16
-9.41,-1.33,0.78,-0.01,0.17,0.23
-8.24,-0.43,0.75,0.24,0.19,0.22
-6.98,-0.20,0.63,0.31,0.24,0.35
-6.24,-0.39,0.78,0.26,0.28,0.41
-6.63,-0.63,0.63,0.19,0.30,0.36
-8.28,-1.45,0.16,0.08,0.28,0.46
-8.94,-0.86,0.47,0.25,0.20,0.53
-8.90,0.39,1.37,0.26,0.13,0.46
-9.10,-0.31,0.94,0.14,0.13,0.43
-9.92,-0.12,1.65,0.10,0.09,0.26
-10.59,-0.63,0.78,-0.08,0.04,0.18
-10.67,-1.02,-0.43,0.05,0.04,-0.01
-10.94,0.90,0.12,0.11,0.03,-0.02
-10.12,0.04,0.51,0.03,0.05,-0.02
-11.10,0.55,1.06,-0.01,0.07,-0.03
-10.08,0.35,1.06,0.04,0.02,0.00
-10.40,0.27,1.06,0.10,-0.01,-0.05
-10.79,-0.16,1.53,0.03,-0.07,-0.16
-9.81,-0.35,1.33,-0.08,-0.14,-0.34
-9.41,-0.39,0.90,-0.16,-0.15,-0.37
-10.28,0.00,0.31,0.01,-0.33,-0.27
-10.98,0.20,-0.12,0.02,-0.30,-0.35
-12.04,0.16,2.20,0.01,-0.26,-0.41
-12.94,-1.45,2.00,-0.33,-0.52,-0.66
-12.55,-2.55,-0.24,-0.06,-0.05,-0.47
-7.14,-0.86,-0.31,0.13,-0.20,-0.73
-8.28,1.02,0.31,0.38,-0.28,-0.14
-8.59,1.53,2.08,0.61,-0.23,0.14
-9.18,2.16,2.71,0.13,-0.14,-0.02
-9.45,-1.65,1.06,-0.15,-0.08,0.07
-9.77,-1.73,0.16,0.26,-0.06,0.02
-10.20,0.08,-0.51,0.41,0.03,0.06
-10.79,0.43,0.16,0.10,0.12,0.07
-11.02,0.16,0.94,0.03,0.25,0.06
-11.38,1.26,1.57,0.20,0.39,0.04
-11.85,-0.08,1.61,-0.04,0.40,0.01
-11.53,-0.78,2.28,-0.05,0.34,0.01
-11.22,-0.59,2.31,-0.26,0.21,-0.08
-11.10,-1.77,1.80,-0.26,0.10,-0.04
-10.75,0.04,1.18,-0.05,0.04,-0.06
-10.16,0.78,1.22,-0.29,0.07,-0.04
-10.51,-0.71,0.67,-0.25,0.10,0.08
-10.16,0.75,1.80,-0.12,0.12,0.12
-8.98,-0.16,0.27,-0.68,0.24,0.25
-20.01,-0.98,8.51,0.61,0.15,-0.06
-8.98,-1.02,2.24,0.45,0.11,0.13
-12.20,-2.82,-0.16,0.06,0.35,-0.30
-11.89,-3.14,0.51,-0.13,0.20,-0.10
-10.79,-0.47,0.20,0.10,0.04,0.01
-10.28,1.37,1.33,0.01,0.09,0.03
-9.81,-0.12,0.43,-0.10,0.16,0.11
-9.77,-0.78,0.71,-0.01,0.21,0.14
-10.12,-0.94,0.82,0.08,0.15,0.19
-10.24,-0.98,1.77,0.13,0.15,0.07
-9.96,-1.49,1.33,0.16,0.10,-0.06
-9.92,-1.41,1.22,0.26,0.02,-0.03
-10.24,-1.33,1.26,0.23,-0.00,-0.02
-10.40,-0.16,1.06,0.26,-0.06,-0.05
-10.04,1.29,0.94,0.07,-0.03,-0.07
-10.51,-0.51,0.59,-0.12,0.01,-0.03
-10.47,-0.04,0.67,0.02,0.02,-0.10
-9.92,0.43,0.55,0.09,0.06,-0.04
-10.20,0.27,1.14,0.03,0.10,-0.06
-10.24,-0.27,1.14,-0.08,0.13,0.01
-10.00,-0.08,1.02,-0.01,0.14,0.07
-10.20,-0.67,1.06,-0.02,0.12,0.12
-10.24,0.43,1.45,0.11,0.10,0.08
-9.81,-0.16,1.10,-0.05,0.11,0.15
-9.85,0.20,1.14,0.00,0.11,0.06
-10.24,-0.24,1.22,0.06,0.11,0.02
-9.96,-0.35,0.98,0.05,0.11,0.01
-10.12,-0.31,0.94,0.01,0.07,-0.03
-10.28,-0.86,1.02,0.06,0.03,-0.06
-10.20,-0.59,1.29,0.19,0.02,-0.09
-10.71,-1.49,0.90,0.37,0.05,-0.08
-11.34,-1.65,0.86,0.80,0.05,-0.12
-10.75,1.18,1.80,0.63,0.06,-0.21
-11.57,0.43,0.71,-0.10,0.17,-0.11
-12.24,0.35,-0.55,-0.29,0.20,-0.09
-13.81,4.00,2.55,-0.11,0.18,-0.03
-11.96,-1.22,3.06,-0.80,0.20,0.01
-13.14,-3.41,2.24,-0.27,0.14,-0.35
-12.43,-1.61,1.80,0.12,-0.00,-0.40
-11.45,-2.20,1.45,-0.02,-0.15,-0.32
-10.98,-1.41,0.90,-0.06,-0.28,-0.25
-11.30,0.24,0.75,-0.07,-0.32,-0.28
-11.02,-0.08,0.59,-0.21,-0.26,-0.15
-10.55,0.04,0.51,-0.10,-0.17,-0.13
-10.71,0.67,0.35,-0.19,-0.13,-0.10
-10.79,-0.63,0.43,-0.43,-0.04,0.04
-10.67,0.55,0.75,-0.42,0.02,0.10
-10.67,-0.47,0.75,-0.57,0.09,0.16
-10.55,-0.27,0.51,-0.34,0.17,0.17
-10.51,0.67,0.24,-0.23,0.24,0.27
-10.51,0.08,0.16,-0.38,0.29,0.40
-10.24,-0.86,0.08,-0.21,0.38,0.60
-9.85,0.82,0.35,0.21,0.44,0.64
-9.89,0.59,0.43,0.19,0.51,0.69
-9.81,0.82,0.39,0.27,0.57,0.67
-9.26,1.41,0.39,0.20,0.58,0.64
-9.26,0.98,0.35,0.01,0.62,0.63
-9.89,1.06,0.16,0.00,0.62,0.62
-10.40,1.77,0.47,0.11,0.60,0.60
-10.55,2.24,0.67,-0.07,0.58,0.58
-11.89,-0.94,3.65,-0.38,0.41,0.48
-10.83,-2.71,3.61,-0.66,0.15,-0.02
-9.45,-1.29,0.39,-0.75,0.01,-0.14
-8.00,0.04,-0.47,-0.23,-0.08,-0.20
-6.24,0.78,0.12,-0.05,-0.14,-0.29
-6.20,0.98,0.98,-0.25,-0.15,-0.47
-6.28,0.63,0.67,-0.86,-0.13,-0.59
-6.75,-2.51,0.12,-1.00,-0.10,-0.62
-7.06,-1.88,0.16,-0.42,-0.19,-0.68
-7.26,-1.80,-0.20,-0.39,-0.17,-0.73
-10.28,-0.67,0.12,-0.45,-0.15,-0.69
-13.73,-0.90,0.39,-0.34,-0.07,-0.55
-11.85,-0.55,2.04,0.29,-0.05,-0.42
-9.30,0.35,2.79,0.44,-0.10,-0.45
-9.06,0.24,0.51,0.05,-0.17,-0.54
-9.53,0.75,-0.59,-0.37,-0.19,-0.47
-9.26,-0.47,-0.39,-0.57,-0.15,-0.35
-9.73,-1.29,0.55,-0.27,-0.02,-0.19
-10.75,-0.94,1.37,0.00,0.03,-0.10
-10.51,-1.14,1.88,-0.06,0.01,-0.06
-10.24,-1.84,1.65,-0.17,-0.02,-0.13
-10.00,-1.84,0.86,-0.09,-0.04,-0.18
-9.65,-1.06,0.47,0.01,-0.03,-0.19
-9.81,-1.14,0.86,-0.06,0.00,-0.14
-10.16,-1.06,1.06,0.03,0.00,-0.10
-10.36,-0.31,1.29,0.07,0.01,-0.13
-10.16,-1.22,1.26,-0.21,0.01,-0.15
-10.43,-1.65,0.78,-0.18,-0.00,-0.18
-10.83,-0.78,0.47,-0.10,-0.06,-0.27
-11.06,-0.24,0.71,-0.29,-0.13,-0.32
-11.14,-0.24,0.67,-0.48,-0.20,-0.35
-11.06,-0.04,0.51,-0.64,-0.32,-0.44
-11.02,0.71,0.51,-0.87,-0.42,-0.53
-10.98,0.75,0.67,-1.06,-0.48,-0.56
-10.63,0.67,0.59,-1.27,-0.54,-0.67
-10.71,0.20,0.51,-1.32,-0.53,-0.74
-10.75,-0.78,1.18,-1.29,-0.53,-0.66
-10.51,-1.06,0.86,-1.45,-0.58,-0.62
-10.20,-2.71,1.02,-1.64,-0.63,-0.32
-8.87,-2.98,1.41,-1.50,-0.69,-0.21
-8.75,-2.98,2.28,-1.45,-0.71,0.06
-7.92,-3.10,2.12,-1.65,-0.70,0.29
-8.20,-4.16,2.31,-1.62,-0.64,0.51
-7.57,-4.04,2.55,-1.55,-0.59,0.69
-7.65,-4.12,2.71,-1.38,-0.50,0.82
-7.96,-3.57,2.28,-1.26,-0.44,0.95
-8.47,-3.53,1.73,-1.19,-0.41,0.99
-8.36,-2.43,1.84,-1.16,-0.36,0.85
-8.79,-2.00,2.35,-1.25,-0.30,0.85
-9.02,-2.39,2.55,-1.43,-0.16,0.76
-8.90,-2.90,2.20,-1.43,0.01,0.59
-9.26,-2.86,2.31,-1.31,0.10,0.51
-9.18,-2.90,2.59,-1.19,0.21,0.33
-8.90,-2.55,2.51,-1.17,0.27,0.20
-9.45,-3.02,2.67,-1.13,0.34,0.09
-9.73,-3.53,2.35,-1.11,0.43,-0.10
-11.45,-4.12,1.33,-1.05,0.47,-0.17
-13.42,-5.49,2.82,-0.92,0.36,-0.05
-10.75,-4.98,1.77,-0.77,0.07,-0.22
-13.38,-6.00,3.02,-0.70,0.01,-0.24
-12.08,-7.92,1.88,-0.81,-0.35,-0.37
-9.57,-5.06,1.37,-0.76,-0.58,-0.75
-9.53,-5.57,2.90,-0.92,-0.62,-0.79
-8.43,-6.16,1.33,-0.98,-0.83,-1.26
-8.79,-5.73,1.02,-0.81,-0.95,-1.40
-8.24,-5.45,0.43,-0.77,-1.01,-1.45
-7.81,-4.98,0.24,-0.72,-1.03,-1.43
-7.61,-5.06,-0.20,-0.71,-0.98,-1.25
-7.49,-5.84,-0.31,-0.65,-0.89,-1.06
-7.14,-6.16,0.12,-0.52,-0.76,-0.80
-7.02,-6.20,0.20,-0.57,-0.68,-0.59
-7.02,-6.55,0.55,-0.57,-0.60,-0.43
-7.06,-6.90,0.67,-0.39,-0.46,-0.32
-7.30,-6.86,0.67,-0.09,-0.30,-0.25
-7.49,-6.86,1.18,0.06,-0.22,-0.17
-7.65,-6.90,1.37,0.15,-0.13,-0.09
-7.85,-6.67,1.65,0.10,-0.04,-0.05
-8.83,-7.18,1.57,0.02,-0.01,0.11
-9.38,-7.73,2.16,-0.16,0.05,0.45
-7.96,-7.73,3.41,-0.44,0.18,0.69
-7.10,-8.39,3.61,-0.57,0.20,0.57
-6.59,-8.83,3.33,-0.11,0.01,0.13
-5.53,-7.02,2.35,0.46,-0.22,-0.43
-6.35,-5.69,1.88,0.89,-0.21,-0.52
-7.77,-4.75,2.00,0.59,-0.20,-0.48
-8.04,-4.59,2.28,0.05,-0.20,-0.51
-8.75,-5.84,2.43,-0.77,-0.18,-0.48
-7.81,-6.83,2.63,-0.91,-0.16,-0.62
-6.83,-7.02,2.63,-0.70,-0.05,-0.75
-6.35,-6.71,2.47,-0.13,0.19,-0.91
-6.35,-6.16,2.39,0.35,0.32,-0.91
-6.43,-5.84,2.94,0.44,0.35,-0.86
-6.20,-5.88,2.94,0.30,0.33,-0.79
-6.16,-5.92,2.82,0.09,0.36,-0.65
-5.77,-6.71,3.02,0.02,0.41,-0.58
-6.39,-7.41,2.86,0.10,0.49,-0.46
-6.94,-7.77,2.55,0.28,0.47,-0.34
-7.14,-7.30,2.55,0.31,0.43,-0.21
-7.18,-7.41,2.63,0.02,0.41,0.13
-6.83,-8.00,2.43,-0.14,0.42,0.41
-6.32,-8.12,2.12,-0.05,0.42,0.42
-6.43,-8.04,1.57,0.29,0.36,0.39
-6.71,-7.57,1.49,0.60,0.34,0.35
-6.55,-6.94,1.26,0.57,0.35,0.22
-7.02,-7.10,1.02,0.27,0.41,0.14
-7.14,-7.65,0.90,0.17,0.40,0.07
-7.06,-7.45,1.02,0.16,0.39,-0.03
-7.26,-7.18,1.02,0.10,0.39,-0.06
-7.22,-7.06,1.29,0.01,0.39,-0.14
-7.22,-7.30,1.33,-0.15,0.44,-0.14
-7.18,-7.49,1.14,-0.27,0.53,0.19
-8.20,-6.90,0.59,-0.23,0.53,-0.03
-6.28,-8.79,0.27,0.06,0.41,-0.15
-7.92,-6.75,1.29,0.10,0.35,0.00
-6.55,-8.20,1.41,0.03,0.33,0.02
-7.81,-7.77,1.45,0.05,0.24,0.06
-7.69,-7.57,1.29,-0.05,0.11,-0.01
-8.43,-7.57,1.10,-0.21,0.04,-0.01
-7.92,-7.53,1.37,-0.42,-0.08,-0.04
-7.45,-7.57,1.45,-0.54,-0.07,-0.00
-7.22,-7.96,1.14,-0.51,-0.03,0.03
-6.63,-8.12,1.18,-0.33,-0.00,0.07
-6.24,-7.96,1.14,-0.11,0.05,0.09
-6.55,-7.73,1.06,-0.01,0.08,0.14
-6.90,-4.47,1.69,0.14,0.23,0.40
-6.28,-6.51,0.39,-0.56,0.14,0.39
-7.34,-8.24,0.31,-0.54,0.12,0.29
-8.75,-7.26,4.28,-0.20,-0.07,-0.18
-6.28,-10.51,2.12,-0.18,0.10,0.12
-5.14,-9.26,0.78,-0.10,0.22,-0.08
-8.43,-8.00,1.29,0.41,0.24,0.06
-6.75,-6.67,1.29,0.15,0.09,0.08
-7.49,-6.20,0.82,-0.26,0.10,-0.03
-7.69,-7.22,0.90,-0.32,0.33,0.42
-6.94,-8.32,0.63,-0.55,0.23,0.03
-7.18,-7.65,0.90,-0.24,-0.04,-0.27
-8.00,-8.55,-0.12,0.13,0.02,-0.48
-7.34,-7.77,0.82,0.40,0.04,-0.48
-7.30,-6.67,1.02,0.17,-0.05,-0.62
-7.53,-7.73,0.90,0.14,0.14,-0.56
-6.83,-7.88,0.86,0.22,-0.01,-0.41
-7.10,-7.88,1.14,0.25,0.01,-0.23
-6.28,-7.77,1.41,0.08,0.01,-0.04
-7.41,-7.57,1.37,0.07,0.01,0.16
-6.79,-7.92,1.10,0.01,0.09,0.16
-6.55,-7.18,1.49,-0.00,0.12,0.16
-6.67,-7.22,1.22,-0.11,0.10,0.10
-7.30,-8.32,1.37,-0.13,0.11,0.02
-7.26,-8.32,1.06,0.15,-0.00,-0.21
-6.59,-7.34,1.22,0.22,-0.03,-0.24
-6.51,-7.45,1.29,0.09,0.09,-0.15
-6.39,-8.59,1.37,0.01,0.11,-0.04
-7.02,-7.96,1.57,0.06,0.10,0.03
-7.22,-7.88,1.45,-0.03,0.12,0.10
-6.94,-7.61,1.22,-0.07,0.12,0.06
-6.32,-7.49,1.18,-0.15,0.15,0.06
-7.18,-8.24,1.18,-0.18,0.20,0.14
-6.98,-7.77,1.18,-0.16,0.07,0.11
-6.79,-7.85,0.82,-0.08,0.02,0.11
-7.26,-7.73,0.98,-0.05,0.07,-0.00
-6.63,-7.61,0.98,-0.00,0.04,-0.04
-7.26,-7.22,1.61,0.10,0.07,-0.03
-7.02,-7.92,1.18,0.04,0.12,-0.09
-6.83,-7.53,1.14,0.13,0.06,-0.08
-6.94,-7.41,1.37,0.10,0.04,0.01
-6.75,-7.41,1.10,-0.09,0.07,0.00
-7.41,-8.00,0.63,-0.11,0.12,-0.00
-7.02,-7.57,1.14,0.03,0.08,0.09
-6.71,-7.45,1.22,-0.07,0.07,0.09
-7.10,-7.57,0.78,-0.12,0.13,0.04
-7.26,-7.57,1.02,-0.01,0.14,0.09
-7.18,-7.37,1.29,0.09,0.06,0.13
-6.90,-6.98,1.02,0.10,0.06,0.09
-7.41,-7.65,0.98,0.04,0.15,-0.00
-7.37,-7.61,1.06,0.12,0.12,0.00
-7.14,-7.41,1.10,0.11,0.08,0.01
-6.90,-7.34,1.22,0.02,0.04,0.03
-7.18,-7.61,1.18,-0.03,0.04,0.08
-7.26,-7.73,1.06,-0.04,0.07,0.07
-7.22,-7.73,0.98,0.05,0.05,0.07
-7.10,-7.06,1.18,0.18,0.05,0.09
-7.06,-7.73,1.37,0.15,0.08,0.03
-7.06,-7.41,1.14,-0.00,0.11,0.00
-6.98,-7.18,1.10,0.04,0.08,0.03
-7.02,-7.22,1.06,-0.00,0.12,0.07
-7.45,-7.10,1.06,-0.03,0.10,0.07
-7.45,-7.10,1.02,-0.10,0.09,0.05
-7.10,-7.49,1.02,-0.11,0.08,0.05
-7.57,-7.61,1.18,0.01,0.07,0.18
-7.26,-7.37,1.22,-0.03,0.07,0.15
-7.22,-7.37,0.78,-0.05,0.14,0.09
-7.57,-7.30,0.78,-0.04,0.14,0.09
-7.65,-7.26,0.98,-0.05,0.13,0.06
-7.49,-7.30,0.98,-0.08,0.14,-0.01
-7.37,-7.10,0.90,-0.04,0.10,0.02
-7.61,-7.22,1.06,0.01,0.07,0.06
-7.45,-7.18,1.02,-0.07,0.11,-0.03
-7.57,-7.26,0.98,-0.02,0.10,-0.01
-7.41,-7.10,1.06,0.09,0.12,-0.03
-7.49,-7.10,1.26,0.05,0.10,-0.07
-7.69,-3.73,2.16,0.05,0.05,-0.05
-7.06,-5.84,-0.04,0.22,-0.01,0.01
-7.65,-6.55,0.47,0.06,0.16,-0.05
-7.49,-6.59,0.86,0.07,0.14,-0.06
-7.57,-7.45,1.14,-0.01,0.17,-0.03
-7.57,-7.14,1.02,0.02,0.09,-0.02
-6.94,-6.83,0.98,0.02,0.08,0.00
-7.77,-7.34,0.94,-0.14,0.19,-0.02
-7.53,-7.22,0.78,0.04,0.14,-0.09
-7.53,-7.06,0.94,0.12,0.13,-0.11
-7.45,-7.02,1.02,0.07,0.12,-0.11
-7.14,-7.06,1.06,0.06,0.10,-0.03
-7.26,-6.83,0.71,0.09,0.09,0.03
-7.37,-7.14,1.06,-0.08,0.19,-0.03
-7.34,-7.26,0.78,-0.10,0.14,-0.05
-7.18,-7.34,0.90,-0.10,0.11,-0.01
-7.18,-7.22,0.47,0.07,0.10,0.00
-7.45,-7.65,1.57,0.05,0.15,0.02
-7.65,-7.49,1.10,-0.02,0.17,-0.01
-7.77,-7.26,0.86,-0.05,0.19,-0.03
-7.49,-6.90,0.90,0.02,0.12,0.01
-7.49,-7.10,0.94,-0.04,0.11,-0.03
-7.34,-7.30,0.94,-0.02,0.10,-0.06
-7.10,-7.88,1.92,0.11,0.08,-0.05
-6.71,-9.38,2.67,-0.02,0.12,-0.01
-7.88,-6.47,-0.24,-0.11,0.18,-0.10
-7.22,-6.04,0.00,0.01,0.11,-0.05
-7.57,-6.94,0.55,0.03,0.03,0.04
-7.30,-7.10,0.90,-0.00,0.09,0.03
-7.45,-7.37,0.78,-0.04,0.13,0.02
-7.49,-7.30,0.94,0.03,0.11,-0.00
-7.45,-7.06,0.78,0.05,0.05,-0.01
-7.57,-7.10,0.75,0.07,0.07,-0.03
-7.30,-7.02,0.94,0.06,0.07,-0.04
-7.53,-7.22,0.75,-0.04,0.05,-0.03
-7.65,-7.14,0.90,-0.04,0.07,-0.01
-7.69,-7.30,0.78,-0.01,0.06,-0.04
-7.37,-7.02,0.82,0.02,0.06,-0.05
-7.34,-7.18,0.86,-0.01,0.07,-0.03
-7.49,-6.98,0.86,-0.03,0.04,-0.00
-7.77,-7.53,0.75,-0.06,0.08,-0.05
-7.49,-8.83,2.08,-0.02,0.10,-0.06
-6.94,-8.12,1.26,0.01,0.02,-0.01
-7.92,-7.53,0.75,-0.09,0.03,-0.07
-6.67,-6.24,0.00,-0.05,0.14,-0.06
-8.04,-8.32,0.75,-0.01,0.15,-0.09
-7.30,-6.83,1.02,0.07,0.11,-0.03
-6.59,-6.75,0.63,-0.23,0.17,-0.06
-7.85,-7.14,0.63,-0.46,0.21,-0.07
-7.61,-7.37,0.35,-0.21,0.03,-0.05
-6.79,-7.45,0.24,-0.25,0.10,-0.18
-7.69,-7.14,0.67,-0.15,0.12,-0.04
-7.57,-6.75,0.78,-0.16,-0.00,-0.01
-7.45,-7.41,0.27,-0.51,0.21,-0.20
-7.85,-8.00,0.16,-0.35,0.25,-0.14
-7.65,-7.22,0.20,-0.22,0.10,-0.11
-7.10,-7.69,-0.08,-0.37,0.16,-0.26
-7.06,-7.57,0.00,-0.18,0.16,-0.11
-7.41,-6.32,-0.39,-0.24,0.16,-0.14
-7.45,-6.79,-0.24,-0.31,0.06,-0.31
-7.57,-8.51,0.20,-0.51,0.24,-0.15
-4.90,-9.06,-2.51,-0.92,0.31,-0.26
-6.43,-6.04,-0.98,-0.05,0.09,-0.01
-7.34,-7.06,-0.94,-0.36,0.25,-0.16
-6.94,-8.43,-1.37,-0.47,0.27,-0.15
-7.26,-8.36,-1.14,0.01,0.15,-0.07
-6.83,-6.94,-0.35,-0.09,0.07,-0.05
-7.53,-7.88,-0.94,-0.28,0.15,-0.01
-7.34,-8.04,-0.98,0.20,0.07,0.04
-7.22,-7.22,-0.31,0.14,0.05,-0.05
-6.94,-8.08,-0.82,0.06,0.03,0.07
-7.14,-8.39,-1.10,0.54,0.04,0.12
-6.75,-7.81,-0.55,0.72,0.09,0.09
-6.32,-7.49,-0.20,0.80,0.07,0.10
-8.20,-7.61,-0.16,0.63,0.04,0.10
-7.96,-7.49,0.00,0.52,0.02,-0.01
-7.45,-7.37,0.16,0.37,0.05,-0.15
-6.35,-7.18,0.55,0.08,0.02,-0.12
-7.22,-7.85,0.47,-0.12,0.02,-0.16
-7.53,-8.12,0.16,-0.01,-0.11,-0.13
-7.34,-7.57,0.31,0.36,-0.02,-0.10
-6.67,-7.77,0.35,0.28,-0.03,-0.14
-6.94,-7.85,0.35,0.14,0.01,-0.18
-6.79,-7.49,0.39,0.13,-0.07,-0.25
-6.67,-7.14,0.16,-0.09,-0.06,0.26
-6.86,-8.55,-0.12,-0.38,0.05,-0.09
-7.26,-7.65,0.08,-0.03,-0.00,-0.07
-7.02,-7.37,0.20,-0.03,0.06,-0.04
-7.10,-7.65,0.12,-0.08,0.09,-0.03
-7.10,-7.45,0.27,-0.03,0.11,0.02
-7.10,-7.45,0.35,-0.05,0.08,0.08
-6.94,-7.88,0.20,-0.03,0.09,0.13
-7.06,-7.81,0.16,0.02,0.11,0.13
-7.06,-7.69,0.20,0.02,0.16,0.07
-7.06,-7.92,0.08,-0.01,0.23,0.04
-7.41,-8.00,0.08,0.10,0.31,0.04
-7.69,-8.51,-0.04,0.19,0.41,0.10
-7.53,-8.51,0.16,0.48,0.55,0.20
-7.30,-8.00,0.39,0.72,0.65,0.14
-6.83,-7.57,0.20,1.00,0.74,0.15
-7.30,-7.06,0.24,0.96,0.69,0.09
-7.22,-6.90,-0.04,0.73,0.58,0.11
-7.53,-6.94,-0.08,0.53,0.51,0.10
-7.41,-7.18,-0.35,0.37,0.49,0.09
-7.73,-7.34,-0.31,0.34,0.52,-0.03
-7.53,-7.41,-0.24,0.30,0.45,-0.27
-7.53,-7.41,-0.35,0.16,0.37,-0.48
-7.73,-8.08,-0.31,-0.22,0.42,-0.83
-6.55,-8.71,-1.26,-0.24,0.62,-0.92
-5.77,-9.02,-1.26,-0.23,1.12,-1.03
-5.30,-10.24,-2.16,-0.11,1.57,-0.93
-4.86,-10.40,-2.55,0.03,1.91,-1.07
-3.14,-10.16,-1.88,0.53,2.19,-1.22
-3.37,-9.69,-1.77,0.88,2.29,-1.22
-3.22,-9.14,-2.20,1.02,2.21,-1.13
-4.24,-10.12,-2.20,1.06,2.09,-0.91
-4.04,-9.22,-2.28,1.18,1.72,-0.69
-5.73,-9.69,-2.08,1.18,1.44,-0.61
-4.86,-7.96,-1.18,0.99,1.26,-0.45
-4.79,-8.67,-1.33,0.46,1.20,-0.23
-5.73,-9.96,-2.43,0.60,0.99,-0.19
-3.49,-8.20,-1.14,0.57,1.09,0.19
-4.51,-11.06,0.43,0.16,0.99,0.41
-4.16,-9.06,0.39,0.30,0.52,0.18
-4.31,-11.02,-0.67,0.50,0.20,0.20
-3.80,-9.81,-1.53,0.33,0.47,0.07
-3.45,-10.40,0.47,0.05,-0.00,-0.32
-3.96,-9.38,0.27,0.28,-0.19,-0.10
-4.35,-10.28,0.35,0.03,-0.06,0.03
-3.45,-10.08,-0.12,0.05,-0.21,0.03
-3.26,-9.38,-0.71,-0.11,-0.29,0.04
-2.82,-9.85,-0.39,-0.24,-0.28,0.08
-2.67,-10.20,-0.31,-0.21,-0.22,0.05
-1.96,-10.36,-1.06,-0.01,-0.14,0.05
-2.28,-10.20,0.04,0.01,0.08,-0.04
