8.08,6.24,-0.08,-0.98,1.66,-1.47
7.61,6.47,-0.35,0.14,0.13,-1.18
8.08,7.81,-0.82,0.17,0.14,-1.80
5.92,8.83,-1.53,0.06,0.09,-2.13
4.20,8.90,-1.73,0.05,0.01,-2.37
3.30,9.57,-1.14,-0.07,-0.06,-2.41
3.49,9.65,-1.37,-0.24,-0.20,-2.22
3.22,9.41,-1.49,-0.34,-0.37,-1.83
3.33,9.73,-0.63,-0.41,-0.17,-1.63
1.84,8.36,0.04,-0.60,0.10,-1.23
2.28,9.18,1.65,-0.15,1.57,-0.69
-1.92,11.14,0.47,0.12,1.87,-0.38
-1.92,9.53,-0.39,0.23,2.69,-0.87
-6.55,11.65,-0.16,0.66,1.91,-1.54
-0.75,11.89,3.53,-0.66,1.07,-2.23
-3.18,12.51,0.98,-0.94,0.68,-2.63
-3.77,11.06,2.08,-1.21,0.70,-2.51
-4.28,7.85,0.59,-1.02,0.33,-2.24
-6.35,5.22,-0.04,-0.61,0.15,-1.85
-5.33,6.75,1.02,-0.55,-0.15,-1.59
-6.55,5.49,2.16,-0.62,-0.62,-0.59
-7.57,5.73,3.18,-0.40,-0.61,-0.36
-8.79,4.94,2.28,-0.37,-0.46,-0.35
-8.71,5.69,4.47,-0.86,-0.23,-0.19
-7.53,6.04,4.43,-0.95,0.04,0.34
-6.83,5.10,1.92,-0.53,-0.24,0.16
-5.53,3.57,0.08,0.26,0.20,-0.22
-5.88,4.35,0.43,0.71,0.84,-0.69
-6.32,4.55,-0.08,1.09,1.13,-0.65
-8.04,5.49,1.22,1.63,1.08,-0.21
-9.92,7.61,1.41,0.42,0.42,-0.48
-9.06,6.47,-0.86,0.24,0.19,-0.30
-9.89,5.37,-0.75,0.39,-0.13,-0.28
-8.87,5.02,-0.47,-0.14,-0.03,-0.70
-7.73,6.00,-0.16,-0.41,0.21,-0.73
-8.00,5.26,0.35,-0.59,0.46,-0.33
-9.06,3.53,-0.94,-0.66,0.65,0.02
-9.38,2.08,0.51,-0.56,1.06,-0.13
-11.14,3.65,0.98,-0.30,0.64,-0.37
-9.89,4.08,2.12,-0.14,0.08,-0.13
-9.77,1.88,1.41,-0.06,0.06,-0.07
-9.06,2.12,1.41,0.08,0.00,-0.05
-8.12,2.86,2.47,0.07,0.10,0.37
-8.90,6.12,1.88,0.14,-0.21,0.47
-14.83,6.20,2.67,-0.05,-0.60,-0.19
-16.28,0.12,3.53,-0.35,-1.03,0.13
-10.16,0.00,-2.79,-0.06,-2.24,2.46
-4.82,2.86,-1.06,0.07,-0.37,1.59
-0.43,5.06,-2.12,0.56,0.47,0.17
-5.84,4.47,-0.27,1.00,0.70,-0.40
-9.73,8.75,2.79,0.99,0.55,-0.41
-10.00,10.40,5.81,0.38,-0.04,-0.44
-7.96,10.40,3.61,-0.55,-0.71,-0.47
-6.00,7.73,3.49,-1.15,-0.60,-0.55
-8.36,2.71,-0.75,-1.25,-0.43,0.51
-9.49,3.61,-0.75,-0.94,0.14,0.59
-7.81,0.35,-1.14,-0.38,0.08,0.95
-3.77,3.77,-0.39,0.89,-0.11,1.41
-9.41,5.41,0.39,0.76,0.65,0.05
-7.92,7.53,2.71,0.64,0.82,-0.15
-8.90,8.00,3.18,0.05,1.18,-0.90
-8.75,7.57,2.63,-0.19,0.71,-0.97
-8.94,5.96,2.94,-0.33,0.31,-0.59
-8.63,4.12,2.75,-0.29,0.15,-0.09
-8.16,4.67,1.73,-0.27,0.14,-0.09
-8.12,6.12,1.49,-0.12,0.12,0.03
-7.92,6.71,1.77,-0.20,0.09,0.13
-8.59,7.26,1.10,-0.44,0.12,0.21
-9.22,5.65,0.47,-0.48,0.15,0.29
-9.18,4.67,0.00,-0.59,0.14,0.15
-9.69,3.77,-1.41,0.02,0.31,0.43
-9.77,4.55,0.94,0.30,0.17,0.74
-8.67,5.18,1.18,0.11,-0.21,0.37
-7.88,6.51,-0.12,0.16,-0.41,-0.24
-6.83,6.20,0.86,0.07,-0.63,-0.54
-5.57,5.84,-0.90,0.16,-0.74,-0.32
-6.04,6.67,-0.78,0.48,-0.29,-0.04
-8.12,6.43,1.22,0.62,0.45,-0.12
-9.57,6.00,3.14,0.25,0.73,-0.41
-8.67,5.69,2.31,-0.05,0.71,-0.27
-7.37,2.55,1.33,-0.28,0.26,-0.29
-6.94,4.00,-0.31,-0.16,0.08,-0.39
-7.37,5.10,0.47,0.02,-0.01,-0.07
-8.39,5.18,1.45,-0.20,-0.14,0.10
-8.79,5.06,0.98,-0.25,-0.05,0.12
-8.63,5.49,0.67,-0.20,0.08,0.05
-8.24,5.53,1.02,-0.22,0.12,-0.06
-7.73,5.69,0.82,-0.24,0.10,-0.12
-8.04,6.04,0.90,-0.22,0.13,-0.17
-8.87,7.06,1.45,-0.26,0.16,-0.02
-12.63,7.34,2.08,-0.20,0.19,0.26
-14.04,7.77,1.33,-0.14,0.10,0.01
-14.55,7.53,1.84,0.02,-0.03,-0.26
-16.16,7.69,1.73,0.15,-0.22,-0.40
-17.57,8.98,4.00,0.03,-0.51,-0.63
-20.01,9.57,5.88,-0.47,-0.90,-1.35
-15.85,8.59,4.86,-1.44,-1.55,-2.10
-6.86,7.45,1.49,-2.15,-0.97,-0.96
-0.67,6.79,-0.78,-2.43,0.20,1.27
3.69,7.14,-5.06,-2.25,1.04,3.21
-0.75,-7.22,-5.73,-2.75,2.38,2.16
-7.96,-15.93,2.39,2.16,0.90,0.81
-9.14,6.63,8.36,2.90,0.31,0.35
-7.88,3.30,-1.61,0.23,-0.27,-0.11
-6.63,-0.27,-4.67,1.73,-0.81,-1.27
-7.61,5.73,1.45,2.72,-0.70,-1.84
-6.86,4.43,-0.08,1.43,-0.67,-1.85
-8.36,4.86,1.84,1.10,-0.42,-1.85
-7.96,5.10,0.94,0.76,-0.20,-1.67
-9.10,5.30,1.73,1.36,-0.26,-1.61
-10.04,1.61,1.61,0.39,-0.37,-1.01
-10.08,3.33,2.04,0.34,-0.33,-0.41
-9.73,2.35,1.69,1.24,-0.52,0.08
-11.49,2.00,-0.24,0.89,-0.23,0.23
-10.04,2.16,2.79,0.83,0.14,0.54
-11.34,4.47,3.22,0.66,0.38,0.98
-10.04,4.67,2.55,0.35,0.40,1.08
-10.55,3.45,1.49,0.09,0.44,0.96
-10.59,4.90,0.75,0.07,0.61,1.05
-11.73,4.12,1.37,0.12,0.80,0.87
-10.59,4.55,0.98,-0.10,0.83,0.25
-9.96,4.98,0.75,-0.12,0.58,0.12
-9.41,5.33,0.35,-0.11,0.38,0.08
-9.26,5.06,0.00,-0.08,0.23,0.07
-9.53,5.22,0.04,-0.08,0.17,0.01
-9.49,4.98,0.43,-0.07,0.04,-0.03
-8.87,5.10,-0.12,-0.07,0.05,-0.02
-8.83,5.26,0.16,-0.10,0.14,-0.05
-8.90,5.06,0.39,-0.10,0.14,-0.05
-8.67,5.02,0.24,-0.11,0.12,0.02
-8.20,4.04,0.47,-0.09,-0.07,0.02
-7.65,3.80,0.31,-0.11,-0.19,0.04
-7.45,3.53,-0.12,-0.07,-0.17,0.18
-7.10,4.47,-0.47,-0.05,-0.06,0.24
-7.69,4.24,-0.16,0.01,0.03,0.11
-7.81,5.41,0.08,-0.06,-0.05,-0.13
-8.36,5.22,0.47,-0.11,0.00,-0.14
-8.67,5.45,0.75,-0.12,0.06,-0.04
-8.94,5.61,0.78,-0.15,0.07,0.03
-8.79,5.30,1.02,-0.14,0.01,-0.03
-7.61,5.57,0.94,-0.22,-0.09,-0.26
-7.45,5.18,0.63,-0.24,-0.14,-0.28
-7.61,4.79,0.55,-0.23,-0.14,-0.16
-7.77,4.51,0.63,-0.18,-0.07,-0.12
-8.08,4.90,0.94,-0.05,0.02,-0.08
-8.83,5.10,1.65,-0.01,0.07,-0.09
-10.51,5.61,1.53,-0.12,0.04,-0.05
-12.55,6.86,1.61,0.01,0.07,0.01
-14.51,8.08,2.47,0.03,-0.01,-0.03
-15.30,9.30,3.57,-0.13,-0.04,-0.27
-12.87,7.61,2.31,-0.20,-0.23,-0.20
-12.36,7.57,1.92,0.00,-0.14,-0.24
-12.75,7.49,2.90,-0.08,-0.00,-0.43
-15.26,6.08,5.18,-0.70,-0.07,-0.50
-20.01,3.10,6.86,-0.72,-0.52,-1.34
-19.77,2.63,6.28,-1.55,-1.23,-2.17
-7.34,8.24,-0.82,-1.66,-0.12,0.86
7.34,10.67,-5.88,-1.91,1.14,3.30
12.83,11.61,-8.79,-3.67,2.71,4.70
-10.43,-20.01,-0.55,-0.15,1.33,2.01
-4.55,2.94,-1.88,0.47,0.33,0.23
-10.90,4.67,-1.33,0.23,-0.07,-0.02
-9.69,10.51,1.53,0.95,-0.12,0.08
-9.49,7.49,1.84,-0.59,0.03,0.13
-7.92,6.00,1.29,-0.06,0.19,-0.12
-7.65,5.26,1.06,-0.33,0.10,-0.21
-7.45,5.10,0.82,-0.10,0.06,-0.17
-8.47,6.47,1.77,0.10,0.03,-0.17
-8.36,6.71,1.33,-0.28,0.08,-0.22
-8.36,5.14,1.18,-0.04,0.18,-0.21
-7.88,1.10,1.33,0.77,-0.14,-0.78
-6.35,0.16,0.39,0.57,-0.42,-1.40
-5.26,0.67,-0.16,0.96,-0.55,-1.77
-5.41,2.39,0.20,0.87,-0.44,-1.70
-6.59,2.79,0.16,1.05,-0.47,-1.29
-8.90,4.24,0.43,1.27,-0.46,-0.85
-9.73,6.67,1.14,1.25,-0.38,-0.53
-11.02,3.33,1.65,0.75,-0.32,0.22
-9.77,5.65,1.77,1.40,-0.20,0.38
-9.49,6.00,1.92,0.93,0.05,0.30
-9.69,4.67,2.00,0.27,0.23,0.40
-10.20,5.73,1.65,-0.16,0.40,0.77
-10.04,7.69,1.06,-0.26,0.69,1.32
-11.77,6.20,0.63,-0.25,0.82,1.26
-12.87,5.18,1.26,-0.50,0.93,0.93
-17.61,4.04,2.28,-0.41,0.12,0.48
-7.37,5.92,0.00,-0.31,-0.27,0.62
-7.77,4.63,-1.10,0.33,-0.02,0.70
-8.67,6.00,0.39,0.42,0.40,0.03
-8.32,7.41,1.18,0.24,0.40,-0.29
-8.08,6.59,0.43,-0.07,0.00,-0.13
-7.88,6.32,0.00,-0.05,0.06,-0.14
-7.88,6.12,0.39,0.03,0.13,-0.16
-8.08,5.96,0.35,0.01,0.06,-0.09
-8.04,6.08,0.16,0.02,0.08,-0.10
-8.08,6.04,0.31,0.04,0.08,-0.06
-8.20,6.16,0.24,0.04,0.07,-0.01
-8.24,5.92,0.35,0.01,0.05,0.04
-8.32,6.00,0.16,-0.00,0.05,0.08
-8.32,5.81,0.27,0.01,-0.03,0.09
-7.88,5.73,-0.08,0.09,-0.04,0.01
-7.85,5.14,0.20,0.06,-0.02,-0.06
-7.37,4.90,0.08,-0.01,-0.05,-0.11
-6.86,4.39,0.08,0.04,-0.13,-0.19
-5.77,5.02,-0.04,0.12,-0.16,-0.18
-6.24,6.12,-0.39,0.13,0.01,0.20
-7.61,6.00,0.51,0.02,0.09,0.44
-9.18,5.22,1.37,-0.08,-0.06,0.35
-8.00,5.30,0.82,-0.11,-0.28,0.05
-7.10,6.71,0.31,-0.14,-0.24,-0.00
-6.63,6.59,0.78,-0.19,0.00,-0.22
-6.90,6.75,1.22,-0.22,0.03,-0.08
-7.34,6.39,1.10,-0.18,-0.02,0.11
-7.73,6.63,0.98,-0.02,-0.03,0.24
-8.51,8.98,1.18,0.16,0.17,0.39
-9.49,10.67,2.98,-0.08,0.12,0.12
-9.65,11.96,2.35,-0.40,0.03,0.13
-10.67,10.32,1.45,-0.27,0.06,0.33
-11.26,10.28,1.65,-0.24,0.26,0.04
-12.67,8.94,2.20,-0.21,0.19,-0.43
-14.75,10.08,2.86,-0.14,-0.24,-0.68
-19.30,8.20,5.92,-0.39,-1.04,-1.39
-18.48,4.98,8.87,-1.46,-1.99,-3.00
-14.75,9.73,2.86,-2.30,-1.35,-2.19
2.55,11.18,-5.26,-2.31,0.94,1.88
9.61,14.63,-7.57,-3.07,2.46,4.39
-1.45,-14.55,-9.73,-3.95,4.13,2.32
-15.22,-16.08,10.36,5.00,0.22,0.48
-1.41,10.24,-0.71,-2.21,0.25,-0.14
-11.26,-0.63,-2.86,-1.26,-0.11,-0.25
-8.98,10.90,3.10,-0.76,-0.10,0.14
-8.36,1.18,0.67,-0.28,0.15,-0.08
-8.47,5.77,2.90,0.34,0.20,-0.16
-8.98,3.65,1.73,-0.45,0.11,-0.10
-8.32,4.59,0.90,-0.02,0.08,-0.06
-8.87,4.71,1.69,-0.10,0.11,0.04
-8.94,4.08,1.80,-0.03,0.07,0.07
-8.98,4.28,1.77,-0.11,0.03,0.05
-8.32,5.18,1.33,-0.17,-0.01,0.19
-8.98,4.51,1.88,0.12,-0.08,0.23
-8.36,3.61,2.35,0.27,-0.12,0.12
-8.16,2.55,2.47,0.12,-0.39,-0.43
-6.28,-2.59,1.61,1.18,-0.81,-1.55
-5.84,3.45,1.26,1.62,-0.71,-1.65
-6.20,3.45,0.43,0.52,-0.68,-1.57
-7.57,2.67,0.67,1.42,-0.51,-1.32
-8.63,4.63,2.00,1.64,-0.44,-1.16
-9.14,4.51,1.49,1.54,-0.19,-0.81
-10.20,3.88,2.12,1.99,-0.24,-0.47
-8.20,6.67,2.82,1.38,-0.07,-0.42
-9.45,6.71,2.79,0.43,-0.19,0.01
-11.26,3.41,1.96,0.85,0.03,0.40
-12.12,2.31,3.10,0.98,0.33,0.67
-11.69,5.10,3.49,0.30,0.48,0.31
-9.57,4.98,2.35,0.01,0.47,0.32
-9.18,4.39,1.84,-0.04,0.47,0.75
-8.87,5.26,1.29,-0.10,0.62,0.87
-8.98,6.00,1.22,-0.31,0.85,0.66
-8.75,5.84,0.55,-0.44,1.01,0.48
-9.10,5.49,0.08,-0.50,0.95,0.48
-12.24,4.90,0.82,-0.01,0.28,0.48
-9.53,5.53,1.02,-0.08,-0.09,0.02
-7.77,5.96,0.12,-0.08,-0.04,-0.02
-7.69,5.77,0.20,-0.03,0.00,0.03
-7.92,5.61,0.43,0.04,0.03,0.04
-8.39,6.04,0.39,0.05,0.09,-0.05
-8.28,6.00,0.51,0.01,0.10,-0.14
-8.12,5.81,0.43,0.02,0.04,-0.08
-8.04,5.77,0.35,0.05,0.01,0.06
-8.51,5.45,0.27,0.08,0.02,0.12
-8.43,5.84,0.43,0.13,0.04,0.03
-8.32,6.28,0.75,0.09,0.02,0.02
-8.28,5.81,0.94,-0.01,-0.08,0.04
-7.69,5.57,0.24,-0.06,-0.08,0.08
-7.37,4.47,0.43,-0.02,-0.10,-0.01
-6.71,3.80,0.67,-0.06,-0.23,-0.13
-6.24,4.86,-0.08,0.07,-0.14,0.12
-6.35,4.59,0.55,0.10,-0.05,0.18
-6.39,5.22,1.02,-0.03,0.03,0.08
-6.32,5.96,0.63,-0.10,0.01,0.10
-6.83,6.28,1.14,-0.30,0.07,0.16
-7.14,5.96,0.82,-0.37,0.16,0.07
-7.06,6.86,1.02,-0.40,0.24,0.02
-7.65,6.90,1.18,-0.31,0.29,0.20
-8.12,7.69,1.45,-0.32,0.28,0.31
-9.06,9.69,1.53,-0.24,0.30,0.44
-11.73,8.87,2.43,-0.22,0.19,0.16
-10.51,10.87,1.29,-0.10,0.10,-0.00
-10.79,11.10,1.73,0.00,0.10,0.12
-11.69,9.81,2.24,0.00,0.03,0.08
-11.26,9.85,2.43,-0.08,0.01,-0.35
-11.85,9.61,3.45,-0.16,-0.26,-0.43
-13.77,9.65,3.57,-0.38,-0.57,-0.72
-14.67,8.43,5.14,-0.63,-0.81,-1.38
-17.34,5.33,6.43,-0.95,-1.03,-2.12
-13.61,6.35,5.37,-1.77,-1.20,-2.86
-5.37,8.67,-1.22,-1.74,-0.48,-1.22
-0.12,8.16,-3.53,-1.19,0.76,1.39
7.37,11.45,-5.14,-2.08,2.04,3.18
9.18,5.69,-5.18,-4.18,2.97,2.91
-14.40,-5.14,10.16,4.93,0.07,0.15
-5.33,13.61,3.22,-1.60,0.72,0.11
-9.57,-0.20,-6.32,-2.24,0.05,-0.21
-10.40,7.34,1.92,1.22,0.07,-0.41
-10.28,7.85,2.16,0.33,0.01,0.12
-7.45,5.10,0.86,-0.62,0.05,0.12
-8.43,4.47,2.75,0.34,0.08,-0.11
-9.57,6.28,2.71,-0.37,0.13,-0.19
-8.71,4.04,0.39,-0.27,0.16,-0.22
-8.67,4.12,0.63,0.14,0.08,-0.12
-8.79,3.77,1.41,-0.01,-0.12,-0.02
-8.59,5.41,1.53,0.28,-0.01,0.09
-9.22,4.12,1.84,0.20,0.04,0.04
-8.94,4.04,1.57,0.32,-0.02,-0.04
-8.32,-0.63,1.33,0.97,-0.31,-0.65
-7.06,0.98,2.16,1.31,-0.50,-1.24
-5.33,1.53,1.02,0.75,-0.55,-1.66
-5.92,2.04,-0.16,0.96,-0.45,-1.59
-6.35,2.79,-0.59,1.54,-0.34,-1.43
-7.96,4.43,0.75,1.50,-0.29,-1.25
-8.98,4.63,2.12,1.37,-0.42,-0.32
-10.40,5.49,2.82,1.25,-0.46,0.54
-10.04,5.88,2.94,0.68,-0.41,0.60
-11.45,5.65,2.04,0.61,-0.19,0.83
-11.57,3.88,1.80,0.80,0.18,1.21
-10.90,5.10,2.59,0.64,0.52,1.31
-10.75,7.85,2.47,0.24,0.72,1.10
-10.83,7.22,2.31,-0.02,0.76,0.72
-10.28,5.37,1.65,-0.17,0.89,0.32
-10.12,4.47,0.51,-0.12,0.79,0.16
-10.47,5.18,0.82,0.12,0.34,0.01
-8.55,6.39,1.02,0.10,0.11,-0.05
-7.88,6.32,0.67,-0.02,0.05,0.04
-7.96,5.92,0.47,-0.00,-0.01,0.16
-8.32,5.69,0.20,0.08,-0.00,0.21
-8.63,5.84,0.08,0.13,0.03,0.19
-8.12,6.08,0.27,0.15,0.07,0.11
-7.37,6.00,0.71,0.10,-0.00,0.12
-6.94,4.51,1.18,-0.05,-0.22,0.09
-6.24,3.84,0.86,-0.11,-0.44,0.09
-5.37,4.35,-0.27,0.06,-0.31,0.23
-5.81,4.55,0.43,0.09,-0.14,0.01
-6.12,6.32,0.47,0.05,-0.06,-0.07
-6.43,6.20,1.37,-0.04,0.04,-0.07
-6.55,7.37,1.49,-0.16,-0.00,-0.15
-6.71,7.77,1.53,-0.37,0.01,-0.09
-7.53,8.28,1.84,-0.39,0.01,0.06
-8.00,8.75,1.80,-0.53,0.14,0.26
-8.32,8.67,2.71,-0.67,0.12,0.26
-9.96,9.02,2.16,-0.66,0.18,0.26
-12.32,9.81,2.79,-0.13,0.27,0.07
-12.59,10.55,3.41,0.05,0.17,-0.16
-12.51,9.89,4.00,-0.17,-0.15,-0.41
-13.93,8.98,3.77,-0.22,-0.43,-0.89
-15.42,9.26,4.90,-0.38,-0.56,-1.46
-18.20,7.96,7.77,-0.60,-1.02,-2.10
-16.40,7.10,6.51,-1.33,-1.32,-2.81
-8.43,7.85,1.18,-2.41,-0.94,-2.13
1.45,6.47,-3.96,-1.94,0.29,0.03
4.75,7.49,-4.59,-1.51,1.52,2.18
3.37,0.94,-1.84,-2.84,2.33,2.31
-12.20,-17.65,3.37,-1.23,1.41,2.23
-9.02,-1.77,11.06,2.66,0.57,1.22
-8.39,10.87,-1.57,-0.82,0.48,0.01
-9.57,2.24,-2.08,-1.51,0.37,-0.29
-10.67,5.57,2.43,1.41,-0.00,0.06
-8.51,7.30,2.94,-0.15,0.01,0.24
-8.47,2.90,2.35,-0.16,0.05,-0.02
-9.14,5.30,2.00,-0.33,0.17,-0.07
-9.02,4.31,1.18,0.00,0.19,-0.00
-8.71,3.96,1.69,-0.15,0.01,0.07
-8.87,4.28,1.77,-0.39,-0.12,0.07
-8.90,2.71,2.16,-0.32,-0.24,-0.14
-8.08,-1.37,1.41,0.83,-0.54,-0.95
-5.88,-0.82,0.35,2.23,-0.70,-1.64
-5.22,3.33,0.00,1.75,-0.66,-1.70
-6.86,2.86,0.27,1.17,-0.54,-1.41
-7.49,3.06,1.22,1.96,-0.62,-1.37
-8.39,4.24,1.22,1.85,-0.35,-0.66
-9.18,5.69,2.16,1.60,-0.22,-0.20
-10.43,5.69,2.90,1.41,-0.01,0.47
-10.63,6.32,2.86,0.85,0.02,0.74
-10.59,6.55,2.63,0.66,-0.02,0.79
-10.08,5.49,2.39,0.27,0.11,1.01
-10.40,6.39,2.43,0.23,0.29,0.87
-9.49,6.55,2.04,-0.07,0.44,0.77
-8.83,5.88,1.29,-0.19,0.81,0.92
-9.10,5.81,0.86,-0.20,1.13,0.99
-10.20,5.65,0.86,0.06,0.93,0.75
-12.32,5.96,1.65,0.12,0.63,0.31
-7.41,6.79,0.20,-0.14,-0.22,-0.08
-6.75,5.81,0.00,0.07,-0.10,0.02
-7.22,5.73,0.24,0.19,0.03,0.10
-7.57,6.90,0.51,0.27,0.15,0.16
-7.65,7.61,1.33,0.14,0.10,0.15
-6.94,7.41,1.65,-0.09,-0.04,0.19
-6.67,5.45,1.22,-0.24,-0.26,0.16
-5.92,3.92,0.12,-0.20,-0.27,0.05
-5.33,3.92,-0.35,-0.05,-0.09,-0.04
-5.30,4.55,-0.35,0.11,-0.05,-0.11
-6.43,5.49,1.49,-0.15,-0.23,-0.19
-6.24,7.45,1.84,-0.21,-0.29,-0.05
-7.10,7.22,2.04,-0.40,-0.33,0.05
-6.75,7.92,2.24,-0.61,-0.18,-0.06
-6.83,7.96,1.92,-0.57,-0.01,-0.18
-7.53,8.08,2.39,-0.51,0.15,-0.15
-8.20,8.67,2.39,-0.41,0.21,-0.01
-9.38,8.87,2.75,-0.16,0.21,0.06
-10.04,10.40,2.82,0.02,0.29,0.21
-10.75,11.02,3.57,-0.04,0.39,0.26
-12.63,10.59,4.20,-0.04,0.07,0.11
-13.57,10.75,5.41,-0.22,-0.23,-0.42
-18.40,13.49,7.69,-0.90,-0.34,-1.15
-20.01,10.20,8.59,-1.21,-1.05,-3.09
-12.63,10.08,5.37,-1.94,-1.10,-3.03
-6.24,8.12,0.86,-1.57,-0.23,-0.74
2.59,8.16,-3.37,-1.77,0.94,1.18
4.94,8.28,-5.18,-1.98,1.73,2.94
11.53,7.30,-7.37,-3.67,2.69,3.52
-1.37,-20.01,-6.63,-0.41,2.71,2.25
-14.12,9.81,14.12,1.56,0.00,0.08
-6.90,14.63,-10.20,-4.86,0.02,0.42
-6.35,3.73,-2.55,1.90,0.06,-0.15
-12.83,7.41,7.10,1.75,-0.14,0.10
-8.43,6.59,4.16,-1.00,0.14,0.08
-7.53,4.94,0.20,0.06,0.15,-0.20
-9.45,5.77,1.29,0.07,0.16,-0.14
-8.94,5.26,1.10,0.05,0.04,-0.03
-8.55,4.35,0.86,-0.06,-0.09,-0.02
-8.36,2.67,0.78,0.64,-0.28,-0.05
-7.49,-0.31,2.59,0.96,-0.79,-0.97
-6.12,0.55,1.73,0.98,-0.81,-1.48
-4.75,2.20,0.27,0.87,-0.92,-1.88
-5.96,3.45,0.98,0.64,-0.78,-1.87
-7.02,3.45,1.29,1.11,-0.57,-1.59
-7.06,5.41,2.75,0.76,-0.43,-1.48
-10.20,2.94,3.30,0.81,-0.55,-0.25
-9.61,3.88,3.45,1.24,-0.42,0.35
-10.12,4.94,3.18,1.44,-0.21,0.69
-10.47,3.96,2.71,1.21,0.14,1.12
-9.61,4.94,1.96,1.06,0.58,1.27
-9.61,6.75,1.88,0.86,0.96,1.14
-8.71,7.92,1.61,0.44,1.17,0.88
-9.77,7.45,1.02,0.13,1.30,0.92
-10.87,6.90,1.06,-0.06,1.25,0.98
-12.00,5.96,1.14,0.02,0.91,1.08
-14.79,6.67,1.77,0.14,0.44,0.77
-9.06,6.90,0.31,-0.01,-0.08,0.10
-8.00,6.83,-0.39,0.08,-0.14,-0.01
-6.98,7.06,-0.24,0.08,-0.14,0.00
-7.14,7.30,-0.08,0.09,-0.01,0.11
-7.49,7.06,0.31,0.04,0.02,0.16
-7.34,6.00,0.51,-0.07,-0.09,0.15
-6.59,5.14,0.31,-0.15,-0.27,0.08
-5.65,3.41,0.04,-0.06,-0.49,-0.12
-5.22,4.16,0.00,-0.03,-0.55,-0.28
-5.14,4.98,0.63,-0.15,-0.40,-0.33
-5.84,5.41,0.82,-0.32,-0.22,-0.48
-6.16,7.26,1.45,-0.56,-0.07,-0.48
-7.41,7.34,1.26,-0.68,0.00,-0.44
-8.79,7.69,2.12,-0.51,-0.03,-0.52
-8.94,7.61,2.67,-0.47,-0.10,-0.42
-8.87,7.69,2.55,-0.20,-0.16,-0.01
-9.65,8.63,2.63,0.14,0.13,0.29
-10.36,9.65,3.45,0.17,0.39,0.31
-11.96,10.32,4.55,0.02,0.21,0.28
-12.83,9.89,3.88,-0.15,-0.06,0.10
-13.57,9.34,3.77,-0.21,-0.06,-0.52
-15.34,9.26,4.75,-0.24,-0.22,-1.12
-18.16,9.06,8.63,-0.82,-1.06,-1.76
-18.75,6.75,7.65,-2.02,-1.31,-3.06
-5.53,9.81,-0.98,-2.84,-0.14,-1.38
4.67,7.69,-6.04,-1.95,1.41,2.06
7.69,10.00,-6.08,-2.11,2.05,3.47
4.47,-9.96,-9.18,-3.38,3.31,1.80
-16.51,-14.63,6.24,4.65,0.58,1.17
-14.91,5.92,10.87,0.98,-0.69,0.59
-4.00,9.53,0.12,-4.14,0.86,1.18
-5.96,0.24,-5.49,-0.02,-0.15,0.04
-10.32,14.12,3.22,0.63,-0.17,0.07
-8.28,4.67,2.43,-0.13,0.16,-0.15
-8.28,5.22,2.08,-0.27,0.37,-0.23
-9.30,4.35,1.37,-0.24,0.29,-0.23
-8.90,4.59,0.59,-0.11,0.18,-0.16
-9.10,3.88,0.35,0.11,0.07,-0.11
-9.18,3.88,1.18,-0.02,-0.02,-0.08
-8.79,3.49,1.84,-0.25,-0.15,-0.22
-8.43,2.63,2.04,-0.19,-0.19,-0.62
-8.24,1.45,0.31,0.76,-0.26,-0.86
-7.14,-0.04,1.37,1.35,-0.46,-1.75
-5.61,1.61,-0.08,1.40,-0.60,-2.13
-7.18,1.96,0.98,0.75,-0.54,-1.85
-6.12,1.22,0.75,0.78,-0.49,-1.71
-8.24,2.31,1.02,1.74,-0.29,-0.79
-9.92,1.18,2.31,1.86,-0.47,0.06
-10.75,4.82,2.43,2.15,-0.44,1.12
-11.10,6.16,2.90,1.98,0.06,1.32
-10.94,6.75,2.94,1.19,0.40,1.19
-10.59,6.12,3.06,0.67,0.57,1.10
-9.81,6.90,3.10,0.35,0.59,1.23
-10.32,6.79,1.92,-0.08,1.15,1.61
-10.36,6.55,0.71,-0.19,1.31,1.34
-10.59,6.00,-0.51,-0.01,1.34,0.87
-11.06,6.08,0.24,0.11,1.06,0.42
-10.43,6.63,0.78,0.16,0.51,0.18
-8.75,7.53,0.98,-0.07,-0.04,-0.03
-7.85,6.94,0.24,-0.14,-0.19,-0.06
-7.41,6.32,-0.51,-0.06,-0.10,-0.02
-7.45,6.08,-0.43,0.11,-0.00,0.03
-7.88,6.90,0.08,0.16,0.04,0.08
-7.49,7.34,0.20,0.00,-0.09,0.11
-7.02,6.75,-0.24,0.02,-0.14,0.09
-6.35,5.45,0.39,0.05,-0.20,0.12
-5.77,4.59,0.94,-0.10,-0.32,0.07
-5.41,4.59,0.08,-0.16,-0.41,-0.01
-5.14,5.53,0.04,-0.20,-0.22,-0.09
-5.73,5.77,1.14,-0.38,-0.19,-0.29
-6.32,6.67,1.53,-0.52,-0.27,-0.31
-6.98,6.55,2.28,-0.67,-0.42,-0.39
-6.75,7.34,1.53,-0.69,-0.28,-0.62
-7.10,7.30,2.20,-0.60,-0.02,-0.52
-8.04,6.94,2.35,-0.36,0.02,-0.22
-9.22,8.32,2.59,0.15,0.30,0.20
-12.40,11.89,5.02,0.18,0.50,0.27
-13.53,12.20,6.35,-0.13,0.26,0.06
-13.14,11.22,5.06,-0.69,0.04,-0.26
-12.83,8.20,3.65,-0.76,0.11,-0.72
-13.85,7.57,3.88,-0.43,0.15,-1.06
-15.89,7.73,6.75,-0.48,-0.30,-1.12
-18.20,5.57,7.57,-0.92,-0.87,-1.34
-12.67,6.35,3.96,-2.02,-0.78,-1.99
-2.51,7.49,-2.98,-1.49,0.74,1.49
6.20,12.20,-5.61,-1.96,1.98,3.61
12.08,11.65,-8.59,-4.57,3.03,3.45
-6.79,-20.01,-5.88,2.84,1.45,1.63
-15.10,-5.69,12.87,4.97,-0.41,-0.12
-3.02,16.48,4.79,-3.50,1.38,0.67
-8.51,0.27,-9.69,-1.36,-0.05,-0.59
-10.32,13.02,1.88,0.76,0.17,-0.37
-11.34,2.79,2.55,0.08,0.10,0.08
-8.04,3.88,0.82,-0.03,0.14,-0.15
-9.49,4.16,1.26,-0.35,0.06,-0.05
-8.90,4.28,-0.27,-0.35,0.01,0.06
-9.41,3.26,0.43,0.06,-0.07,-0.02
-9.49,-2.12,1.29,0.88,-0.44,-1.12
-5.49,-2.47,-0.71,2.25,-0.81,-2.06
-6.16,5.14,-0.35,1.49,-0.48,-1.66
-4.98,-0.35,-0.35,0.86,-0.47,-1.69
-8.51,4.12,1.10,1.57,-0.63,-1.56
-8.98,5.14,1.10,1.31,-0.67,-1.02
-9.14,4.04,1.69,1.47,-0.68,-0.15
-9.02,4.94,1.65,1.27,-0.31,0.49
-10.75,5.22,2.67,1.97,-0.04,1.21
-11.34,5.18,2.79,1.05,0.41,1.14
-10.00,6.75,2.51,0.41,0.63,1.20
-9.89,7.02,1.49,0.02,0.61,1.68
-12.83,7.02,2.51,-0.16,0.48,1.93
-14.51,4.55,2.16,-0.29,0.24,1.46
-12.04,5.26,1.02,-0.02,0.29,0.58
-9.34,6.16,1.29,0.04,0.34,-0.07
-7.02,6.67,1.26,-0.20,-0.02,-0.07
-7.37,5.37,-0.12,0.08,-0.12,0.11
-8.59,4.63,-0.16,0.49,-0.11,0.22
-8.00,6.04,0.78,0.56,-0.19,0.16
-8.24,7.34,1.06,0.82,-0.58,0.28
-8.20,7.41,1.14,0.81,-0.85,0.32
-7.65,8.75,1.53,0.55,-0.97,0.23
-6.90,8.04,1.49,0.79,-1.19,0.27
-6.98,6.75,0.94,0.15,-1.08,0.26
-6.39,6.71,1.10,0.59,-1.27,0.43
-5.18,5.49,1.41,0.46,-1.01,0.88
-3.88,7.10,1.33,0.51,-0.69,1.32
-3.69,5.10,0.82,1.06,-0.40,2.22
-3.49,7.34,1.80,0.99,-0.21,2.54
-1.77,7.65,1.41,1.20,-0.18,3.48
-1.57,11.02,0.98,0.80,-0.23,3.68
0.31,8.12,0.86,0.27,-0.11,4.52
2.59,12.91,0.00,-0.56,-0.39,4.31
4.16,9.69,-0.31,-1.53,0.10,5.00
7.57,8.59,-3.80,-1.66,0.34,4.91
14.04,-2.59,3.77,0.14,0.31,2.21
12.71,-1.92,8.87,1.91,0.18,1.07
10.43,4.75,5.30,1.49,0.34,0.80
7.85,5.92,1.14,0.05,0.39,0.57
7.92,3.49,-0.31,0.36,0.48,0.42
8.75,2.28,1.29,0.59,0.48,0.44
9.41,1.49,2.67,0.50,0.15,0.31
8.90,1.37,3.06,0.49,-0.03,0.18
8.36,2.59,2.71,0.21,-0.08,0.11
8.94,2.04,1.96,0.25,-0.05,0.07
8.63,2.28,1.41,0.46,-0.14,0.07
8.51,1.22,1.26,0.85,-0.28,0.06
9.57,2.00,1.73,1.04,-0.48,-0.46
9.02,2.00,0.94,1.37,-0.83,-0.72
9.38,4.00,0.47,1.08,-0.96,-1.07
9.77,3.69,0.20,0.49,-0.75,-0.84
9.49,2.75,-0.63,0.61,-0.58,-0.51
9.45,3.30,-0.86,0.60,-0.40,-0.14
9.92,3.53,-1.22,0.29,-0.09,0.31
10.12,2.79,-1.18,0.42,0.24,0.53
9.77,3.18,-0.94,0.89,0.71,0.58
9.45,2.94,-1.14,0.78,0.85,0.57
9.34,2.82,-1.41,0.72,0.98,0.44
9.06,2.35,-1.61,0.87,0.93,0.10
9.53,2.55,-1.69,1.03,0.80,-0.26
8.55,2.16,-1.69,1.11,0.52,-0.81
8.67,3.26,-2.00,1.28,0.03,-1.36
8.47,5.37,-2.82,0.89,-0.32,-1.65
7.92,5.88,-3.65,0.44,-0.83,-2.01
7.37,7.22,-3.80,0.34,-1.39,-2.45
5.88,8.87,-4.35,-0.26,-1.83,-2.47
4.51,9.22,-4.31,-0.28,-1.68,-2.19
3.22,8.94,-3.88,-0.56,-1.58,-1.71
4.12,9.02,-3.10,-0.74,-1.41,-1.34
3.45,8.00,-3.33,-0.83,-1.26,-0.84
2.98,7.96,-3.22,-0.54,-0.60,-0.48
3.10,7.53,-2.28,-0.14,0.25,0.01
3.61,8.43,-2.67,-0.20,0.65,0.50
4.00,10.32,-1.45,0.22,1.73,0.46
0.16,12.98,-2.86,-0.32,1.19,0.31
1.53,8.08,-2.39,0.54,1.60,-0.04
4.71,9.65,-0.27,0.32,1.41,-0.10
1.92,10.40,-1.02,0.35,1.12,-0.07
1.88,9.57,-1.10,-0.26,0.76,-0.10
1.29,7.49,-1.06,0.05,0.40,-0.24
1.69,8.75,-1.18,0.62,0.30,-0.49
0.59,9.92,-0.75,0.54,-0.11,-0.52
2.51,8.67,-1.45,0.26,-0.54,-0.43
2.51,10.83,-1.29,0.32,-0.74,-0.33
1.14,11.85,-0.78,0.10,-0.88,-0.32
0.16,10.59,-3.37,0.11,-0.63,0.08
0.35,9.89,-3.22,-0.06,-0.60,-0.24
1.06,9.69,-2.82,-0.15,-0.53,-0.28
1.26,9.57,-3.18,-0.09,-0.22,-0.20
1.88,8.87,-4.28,-0.17,-0.22,-0.12
1.84,7.81,-4.24,-0.02,-0.04,0.15
1.26,8.24,-4.63,0.15,-0.05,0.21
0.63,9.89,-3.88,0.20,-0.13,0.23
0.16,11.96,-3.33,-0.12,-0.28,0.12
1.77,9.06,-2.98,-0.45,-0.47,0.11
2.35,8.59,-2.82,-0.13,0.21,0.64
