8832,7616,-8572,23.49,58,1241,-2741
16540,-1604,-872,23.68,116,-150,138
16652,-1584,-1120,23.73,139,-46,128
16560,-1480,-1040,23.68,183,-16,77
16752,-1400,-1080,23.78,151,41,23
16552,-1212,-984,23.73,228,-102,-22
16560,-1700,-892,23.78,239,-4,-265
16572,-1448,-596,23.73,34,75,-713
16624,-1200,-932,23.82,-546,-196,-1009
16576,-908,-704,23.73,-168,-457,-806
16508,-772,-636,23.78,-404,-1352,-538
17264,-344,-344,23.78,-1392,-2598,-463
17156,-416,-72,23.78,-2344,-5430,-271
18164,-4472,-4048,23.73,-4890,-6788,1531
15032,-3500,-4660,23.68,-4769,-2487,1883
15788,-28,-348,23.68,8224,7530,2886
17412,724,1156,23.82,5015,16481,252
18864,124,1224,23.68,733,18748,-3257
14284,-920,-512,23.82,697,8489,-651
13620,-2416,-3072,23.78,2545,-5439,2689
18572,-2812,1820,23.78,-1534,-5006,4867
16516,-560,2720,23.78,-730,-3375,3131
15880,-4816,3604,23.64,-1987,-3497,2406
15896,-4232,2108,23.73,-3028,-4699,1981
15756,-5088,84,23.82,-1720,-3514,1132
15964,-4548,888,23.73,-1583,-2165,476
16452,-3876,280,23.68,-2045,-3980,781
15768,-4520,292,23.73,-4744,-4704,268
17172,-3724,-72,23.73,-2608,-7817,-207
21576,-3992,2324,23.68,-6678,-14616,2232
12456,-5324,-11348,23.82,-2367,-12222,1087
8428,-396,-5808,23.78,4990,16527,-6255
19276,-4664,-8852,23.73,11348,22655,-9265
15328,-5500,-13068,23.78,-1316,-4294,3386
17108,-2920,-2628,23.78,736,2029,43
16164,-2380,-136,23.73,268,907,596
16632,-1628,-344,23.78,1033,901,324
16456,-1972,300,23.73,826,7,580
16436,-2228,-108,23.78,484,-71,535
16516,-2052,-120,23.82,389,-305,478
16572,-2280,-416,23.78,219,-420,590
16556,-2288,-136,23.68,101,-332,473
16604,-2248,-436,23.82,501,-466,447
16448,-2604,-328,23.78,643,-152,265
16376,-2348,-236,23.73,195,-394,247
16464,-2448,-652,23.78,295,-352,198
16444,-2312,-660,23.82,158,-358,167
16352,-2572,-688,23.78,223,-267,186
16460,-2576,-624,23.82,125,-377,104
16544,-2232,-1036,23.78,-126,5,49
16412,-2372,-824,23.78,-195,285,67
16432,-2436,-648,23.82,-84,281,66
16384,-2388,-452,23.82,135,184,21
16532,-2236,-604,23.73,260,111,120
16544,-2424,-576,23.87,299,104,176
16460,-2468,-524,23.87,374,188,150
16492,-2148,-60,23.78,395,154,66
16620,-2296,-388,23.73,282,116,185
16496,-2388,-252,23.73,170,212,198
16584,-2360,-344,23.78,293,269,177
16560,-2344,28,23.82,399,125,129
16548,-2444,-296,23.78,280,1,96
16656,-2316,-176,23.68,307,71,83
16612,-2352,-88,23.78,-47,69,208
16536,-2316,-348,23.68,12,115,256
16680,-2396,-176,23.68,68,201,278
16608,-2396,36,23.78,252,105,229
16420,-2612,168,23.87,206,-188,196
16504,-2432,192,23.73,266,-364,102
16488,-2380,-248,23.78,49,-299,-4
16512,-2304,-176,23.87,126,-332,3
16556,-2440,-340,23.78,90,-287,71
16500,-2532,-240,23.68,109,-112,123
16520,-2300,-200,23.82,123,-54,212
16504,-2472,-124,23.82,183,8,302
16524,-2388,-244,23.82,214,-121,317
16576,-2384,-236,23.78,168,-17,215
16516,-2520,-472,23.68,212,-9,247
16468,-2528,-328,23.78,264,17,199
16524,-2600,-192,23.78,383,-22,177
16448,-2648,-24,23.82,252,121,90
16444,-2500,4,23.87,165,57,104
16472,-2420,-92,23.87,105,-48,121
16480,-2464,-156,23.87,79,-219,175
16492,-2532,-320,23.82,100,-205,178
16608,-2524,-212,23.68,105,-269,210
16560,-2496,-172,23.73,72,-217,209
16528,-2520,-424,23.73,100,-201,225
16584,-2504,-88,23.68,156,-183,226
16396,-2528,-296,23.78,157,-227,263
16484,-2688,-460,23.82,113,-340,268
16536,-2636,-448,23.78,172,-252,223
16504,-2676,-676,23.73,196,-267,232
16544,-2596,-580,23.78,149,-208,232
16544,-2608,-708,23.87,186,-191,245
16464,-2668,-804,23.82,242,-68,220
16396,-2676,-400,23.78,177,-2,193
16528,-2728,-464,23.78,164,51,144
16356,-2668,-408,23.78,147,-31,135
16512,-2736,-452,23.82,142,-75,137
16532,-2660,-632,23.73,171,-52,156
16328,-2716,-516,23.78,158,49,94
16464,-2748,-468,23.87,163,-127,143
16412,-2664,-688,23.82,127,-94,121
16524,-2716,-512,23.82,130,-152,117
16420,-2616,-708,23.87,134,-97,122
16512,-2696,-508,23.78,86,-20,94
16472,-2664,-552,23.73,106,-110,101
16456,-2588,-504,23.87,127,-148,117
16528,-2644,-568,23.78,98,-70,110
16540,-2620,-676,23.82,136,-102,113
16476,-2620,-756,23.87,136,-61,90
16472,-2696,-652,23.78,137,-73,74
16440,-2604,-700,23.73,110,-108,91
16428,-2564,-668,23.73,153,-113,98
16408,-2532,-556,23.78,123,-109,123
16576,-2616,-640,23.82,134,-66,173
16516,-2696,-696,23.82,151,-31,159
16540,-2600,-768,23.68,150,47,100
16468,-2684,-548,23.78,165,-35,100
16584,-2584,-652,23.82,165,-160,177
16452,-2508,-616,23.87,193,-75,155
16596,-2552,-692,23.78,215,-24,180
16476,-2580,-580,23.73,141,47,151
16500,-2640,-424,23.73,143,19,140
16496,-2608,-584,23.73,169,18,145
16544,-2552,-652,23.78,192,12,138
16388,-2648,-628,23.78,141,-1,133
16464,-2632,-672,23.78,180,-34,137
16472,-2632,-676,23.92,177,57,130
16452,-2556,-468,23.82,148,43,122
16460,-2440,-424,23.82,228,18,94
16412,-2436,-568,23.82,226,10,152
16488,-2496,-684,23.87,306,18,219
16416,-2660,-368,23.87,338,10,198
16524,-2672,-604,23.87,197,63,195
16512,-2672,-224,23.73,40,30,188
16576,-2700,-472,23.82,107,119,133
16360,-2688,-236,23.82,158,119,74
16508,-2720,-348,23.68,147,71,58
16424,-2644,-332,23.78,143,19,85
16404,-2556,-232,23.78,147,-117,99
16348,-2604,-452,23.78,75,-170,108
16524,-2636,-360,23.82,86,-156,126
16460,-2520,-316,23.87,104,-120,102
16500,-2588,-536,23.87,132,-151,109
16484,-2480,-484,23.73,109,-231,153
16588,-2492,-516,23.78,165,-220,184
16548,-2520,-652,23.82,118,-248,205
16420,-2564,-596,23.78,97,-164,196
16460,-2576,-600,23.87,103,-170,192
16480,-2596,-584,23.82,100,-193,246
16460,-2740,-644,23.87,166,-90,193
16556,-2692,-764,23.82,173,-218,203
16508,-2640,-612,23.78,137,-158,223
16396,-2728,-652,23.82,200,-64,185
16484,-2776,-632,23.78,216,-16,178
16452,-2608,-604,23.78,249,52,166
16504,-2780,-628,23.82,208,-13,201
16504,-2700,-676,23.82,208,-14,229
16380,-2644,-544,23.78,132,-105,281
16472,-2884,-796,23.82,184,-95,328
16424,-2760,-624,23.82,243,-211,411
16472,-2860,-704,23.78,271,-278,426
16464,-2904,-792,23.73,234,-273,455
16424,-2992,-284,23.68,304,-266,559
16516,-3024,-1056,23.82,538,-404,688
16264,-3168,-744,23.87,424,-317,625
16300,-3536,-1020,23.82,220,-243,603
16260,-3172,-828,23.73,281,-322,444
16312,-3684,-1112,23.78,311,-319,418
16244,-3636,-1028,23.82,221,-159,203
16284,-3436,-1292,23.78,276,-186,82
16340,-3440,-1024,23.92,214,23,-24
16420,-3400,-1348,23.78,130,101,-111
16344,-3140,-816,23.82,184,184,-113
16424,-3376,-1108,23.87,272,167,-89
16304,-3312,-948,23.78,172,168,-56
16328,-3284,-1028,23.82,232,117,-8
16380,-3304,-952,23.78,253,483,-112
16268,-3244,-624,23.82,129,261,-67
16356,-3088,-596,23.92,138,62,-1
16492,-3016,-632,23.82,208,5,89
16368,-3032,-664,23.82,109,-38,151
16440,-3044,-644,23.87,172,-48,152
16340,-3100,-720,23.78,192,-40,168
16356,-3096,-788,23.73,219,34,187
16424,-2944,-476,23.82,149,-122,195
16396,-3068,-828,23.78,157,-121,228
16256,-3188,-696,23.82,21,-335,240
16384,-3184,-872,23.92,229,5,128
16352,-3232,-816,23.82,187,15,56
16396,-3224,-844,23.92,135,-23,59
16332,-3204,-644,23.82,135,84,70
16444,-2988,-516,23.82,115,-63,70
16356,-3008,-712,23.92,71,-247,158
16516,-3156,-412,23.87,-118,-445,262
16408,-3096,-828,23.82,141,-369,278
16452,-3328,-1140,23.87,25,-653,569
16316,-3360,-828,23.82,190,-209,348
16316,-3280,-1108,23.97,111,-330,323
16332,-3456,-1304,23.78,18,-469,267
16352,-3452,-1176,23.87,0,-371,120
16324,-3232,-1096,23.92,135,-148,84
16084,-3220,-1280,23.82,-121,-178,-44
16296,-2840,-1620,23.82,-10,-543,381
16464,-3140,-1340,23.78,101,-704,489
16456,-3548,-1664,23.92,33,-1042,651
16252,-3232,-1936,23.97,592,-1062,874
16348,-3384,-1796,23.87,949,-692,880
15912,-3780,-1428,23.82,-953,-1405,1167
16148,-4120,-2608,23.82,-863,-1446,671
16060,-4096,-2988,23.92,-685,-2006,515
16196,-3464,-2704,23.87,-761,-2191,446
16128,-3436,-2724,23.82,-1671,-4960,476
17292,-3688,-2356,23.78,-2611,-7029,-8
19848,-5188,-720,23.82,-5097,-9894,1740
20152,-4232,-1968,23.82,-10497,-16027,3227
14504,-4256,-3716,23.87,-6826,279,-965
13288,-3508,-6728,23.78,5398,18211,-4053
18612,-3160,-6580,23.82,3298,27084,-1192
20100,-3460,-4236,23.82,9379,26744,1939
16504,-1864,-3620,23.78,9502,16264,-605
14380,-3812,-5580,23.78,5446,-6229,3371
21148,6624,12208,23.78,9095,-3138,1517
16556,-4832,984,23.78,1708,-10338,4907
15964,-3272,3024,23.78,784,-7026,3154
16352,-2708,3832,23.82,-5301,-7718,1807
17308,-3368,-588,23.82,-2254,-5604,1637
16144,-3772,40,23.92,-807,-5080,1428
18124,-3588,1856,23.82,-2770,-7917,1333
17788,-5452,-64,23.82,-2181,-12246,1511
23968,-5004,4628,23.73,-6204,-16624,4387
17168,-7296,-3400,23.82,-10792,-11508,2921
6748,-5580,-4804,23.78,1713,14702,162
13216,-2308,-4880,23.87,6718,32244,-4442
23196,-6316,-4284,23.78,6507,32767,-3459
15180,-2928,-6776,23.73,2210,17821,-1815
28276,12036,27472,23.73,30055,-7212,5535
14304,-2136,2516,23.78,249,-14172,6740
15496,-9768,-2860,23.73,-1091,-10309,3512
16340,-5552,-2456,23.68,-2875,-5877,1244
15524,-5644,-3180,23.68,-210,-3269,736
16292,-2620,2692,23.78,1219,-2735,1752
19412,-6032,-700,23.87,5747,-7515,2522
22792,-6536,2692,23.78,-5715,-13530,4344
22692,-952,3408,23.78,-11153,-27725,3162
17360,-3056,-192,23.87,-6910,-1547,-2869
11092,-3400,-6068,23.73,7867,25774,-5867
18628,-5324,-6960,23.73,6573,32767,-5512
22716,-4272,-6736,23.78,10524,29339,-6365
13100,-4408,-6904,23.78,4624,-7715,5201
21908,-1116,2576,23.68,5353,-11838,8762
18572,1212,-1732,23.68,-2933,-12591,4433
17092,-3412,464,23.73,-2474,-6494,1814
16436,-2936,-696,23.68,-1355,-4460,94
16600,-2052,-1584,23.78,-563,-3686,-223
17688,-1624,1956,23.68,-781,-8163,-222
18052,-3024,1028,23.68,-2698,-16212,194
25480,-3224,2944,23.68,-2281,-24030,-1928
892,-12248,-28432,23.82,12107,-9723,-9042
7756,-7456,-6568,23.78,16864,15303,-15735
15316,-11224,-7652,23.78,13384,27932,-13424
21324,-11020,-6504,23.82,17592,32767,-1253
17572,-8284,-9244,23.78,17121,18237,3139
14328,-4840,-10312,23.73,11759,-12171,9437
23500,7812,2080,23.78,-667,-11471,7224
18524,1960,60,23.68,4620,-9956,5150
16892,-1676,1820,23.78,-255,-6641,2506
16352,-2980,-1280,23.68,-930,-4467,1870
16560,-3360,-1436,23.78,-435,-3304,1316
15844,-2576,1392,23.68,-2094,-8823,1933
18184,-3884,-1248,23.78,-4117,-12519,1565
22548,-1548,2236,23.82,-3271,-18781,2724
16032,-3072,-5460,23.68,-13117,-10862,563
7324,-5072,-4928,23.78,10074,12202,-1598
12928,-5084,-5580,23.82,10377,30708,-7430
23484,-9592,-7796,23.73,13206,32767,-1885
14836,-5056,-7836,23.78,10601,17614,815
26220,-13960,5380,23.78,25738,-13606,6521
14992,-8700,-1052,23.73,-2770,-11984,7894
15700,-7496,-372,23.73,-2595,-7896,3010
16312,-3408,-144,23.73,-4649,-5521,685
16728,-3132,-452,23.73,-700,-4570,574
15720,-2008,2492,23.82,-372,-9007,1376
17144,-3084,-864,23.78,926,-14514,1302
24516,-1432,1008,23.78,-155,-19863,2887
21096,-15276,-1524,23.78,-3717,-22357,-5678
7036,-7368,100,23.68,6486,6439,-15683
12584,-8968,-3836,23.78,13372,24310,-16336
22412,-9048,-3004,23.73,12602,32767,-8450
21136,-9512,-8260,23.73,4596,26443,-1810
15064,-6724,-11824,23.73,4793,-11732,8485
24004,4812,1800,23.68,5305,-12941,10084
18692,-1612,-2688,23.68,-5192,-10186,5820
16420,-3968,116,23.73,-4588,-3676,2536
15660,-3488,-68,23.68,-4154,-3625,2332
16848,-4236,-1192,23.68,-1967,-3448,1633
17440,-2800,1704,23.73,-3330,-10027,2569
18240,-3148,-888,23.73,-5764,-14554,3830
26240,-8892,164,23.59,-8211,-22648,6705
332,-15920,-26656,23.68,-1751,-9336,-3223
7484,-6340,-5548,23.73,10058,16222,-12815
16032,-10076,-6264,23.73,14151,30293,-12624
21752,-8088,-4356,23.73,5058,32767,-2297
13016,-84,-10100,23.73,-5132,12399,2337
3388,14916,-4484,23.73,17832,-5494,2501
16552,-10692,-11052,23.73,927,-14401,4994
15720,-4840,2404,23.78,-80,-6303,1810
15660,-7004,-1892,23.68,-5695,-5217,1838
16080,-4448,-440,23.64,-2485,-5089,1324
15968,-3360,696,23.64,-3146,-10229,2441
18208,-4084,-360,23.64,-5941,-15623,4269
26776,-3888,-1524,23.73,-5661,-20683,8634
-3044,-14868,-27556,23.68,-5053,-5711,-1209
8596,-6276,-6796,23.64,9253,21294,-7183
15908,-6280,-5940,23.59,8366,32767,-9350
24436,-4056,-7968,23.64,5207,32767,-6551
13884,-4368,-9044,23.68,-96,-7525,4027
23504,-4692,1812,23.64,-1920,-13916,9133
17736,-1104,-1020,23.68,-6626,-10725,4192
16628,-3752,1304,23.59,-5888,-5689,1050
16448,-1968,-604,23.59,-2039,-3689,262
15928,-2940,1868,23.68,-782,-5123,220
18764,1088,-1040,23.64,-2452,-12840,721
22552,-5876,3400,23.64,-3859,-18060,185
24656,-1988,1864,23.78,-5443,-24675,-2298
14092,-1776,3192,23.68,12952,-2951,-15231
10368,-8228,-4836,23.64,20998,18390,-24377
22676,-10904,-1868,23.68,18912,31153,-16607
22948,-8276,-6648,23.73,7382,32767,2543
13944,2152,-4972,23.73,10330,4237,4277
17112,5704,-4748,23.64,3822,-6173,3017
13472,-2616,2924,23.64,-3990,-9749,8044
16244,-4680,1072,23.78,4132,-8671,4853
16316,-3364,-2564,23.64,-1298,-5311,2512
16592,-3000,-1728,23.68,307,-2705,1770
15796,-2924,3088,23.64,-1514,-7743,2706
18208,-4504,-172,23.68,-2762,-14293,2526
26288,-4796,2180,23.68,-8042,-20625,4416
16184,-7212,-7328,23.68,2010,-10261,-239
7108,-4548,-4192,23.73,6671,17640,-6939
15204,-4824,-5628,23.64,4885,32767,-10122
25380,-11444,-10680,23.68,8574,32767,-1795
10004,-3960,-8912,23.59,2820,1897,4913
10388,4648,-4112,23.68,13912,-8155,4335
14188,-7144,-4500,23.59,1740,-14024,6233
16244,-3888,616,23.64,3663,-7237,1753
16452,-3460,-800,23.59,-1520,-3909,814
16508,-3400,-1080,23.59,740,-1754,373
15532,-1204,5092,23.64,-691,-9881,2501
21628,-1000,4176,23.54,-4679,-20522,4253
27744,2184,-1656,23.68,-4990,-22979,1584
13352,-856,2572,23.59,11219,-1362,-11424
8756,-4332,-5136,23.59,13813,25955,-21249
18892,-11956,-17812,23.73,32767,22874,-16064
14968,-12856,-4376,23.59,11966,3956,394
21704,-12252,-7784,23.68,3537,-4366,5971
16792,-1760,-4536,23.64,4480,-1577,5006
16600,-1708,-1372,23.54,3548,-1972,3178
16852,-2432,-2124,23.64,1826,-616,1573
16444,-2192,-2432,23.54,1305,1670,584
16680,-2420,-1824,23.59,830,2518,359
16228,-2556,1512,23.68,821,2864,-241
16632,-2900,-144,23.54,-586,-399,118
16784,-2244,-152,23.59,-84,359,-362
16580,-2328,56,23.54,-675,-779,273
16336,-2604,-488,23.68,69,-172,33
16524,-2380,-264,23.59,-199,-307,24
16548,-2480,-720,23.64,-5,-195,32
16600,-2280,-288,23.54,-94,-158,15
16544,-2364,-524,23.68,9,-222,24
16696,-2380,-552,23.64,57,-156,23
16688,-2292,-456,23.73,1,-117,34
16444,-2336,-360,23.73,98,-95,41
16552,-2224,-552,23.73,145,-196,111
16432,-2128,-576,23.68,142,-325,233
16468,-2408,-888,23.68,70,52,211
16852,-2344,-472,23.68,282,-190,249
16656,-2276,-688,23.64,387,-92,217
16580,-2360,-352,23.64,1,-333,365
16492,-2480,-756,23.59,221,-54,287
16500,-2480,-720,23.68,139,256,117
16452,-2332,-352,23.68,255,97,185
16452,-2332,-520,23.59,319,56,274
16536,-2480,-388,23.64,246,14,353
16460,-2548,-604,23.64,225,-11,288
16508,-2576,-692,23.64,256,45,287
16492,-2580,-392,23.68,234,205,241
16428,-2616,-248,23.59,146,-13,302
16508,-2660,-516,23.73,191,27,222
16364,-2640,-320,23.54,219,-15,210
16460,-2556,-360,23.68,209,23,161
16448,-2612,-260,23.68,143,0,184
16516,-2508,-248,23.68,205,44,124
16512,-2676,-192,23.59,118,-36,169
16432,-2564,-440,23.54,165,-58,154
16344,-2780,-400,23.68,145,-8,133
16468,-2636,-248,23.68,142,21,129
16496,-2644,-296,23.59,205,17,122
16512,-2592,-232,23.68,256,77,121
16524,-2656,-252,23.68,201,80,145
16504,-2640,-56,23.68,194,-23,161
16424,-2668,-168,23.64,85,-40,154
16564,-2668,-220,23.64,138,-139,165
16404,-2616,-272,23.59,153,-47,159
16524,-2620,-60,23.59,103,-40,161
16480,-2600,-236,23.54,165,-108,202
16496,-2620,-124,23.64,146,-62,174
16400,-2596,-192,23.68,104,-156,175
16476,-2588,-368,23.54,137,-101,147
16480,-2528,-124,23.68,172,-94,118
16484,-2640,-312,23.59,131,-116,82
16328,-2704,-308,23.64,149,-105,92
16468,-2780,-96,23.64,172,-92,83
16500,-2924,-252,23.64,250,-118,48
16384,-2552,-280,23.68,77,-128,-67
16468,-2360,-432,23.68,52,-178,-105
16460,-2436,-260,23.64,-69,-158,-258
16388,-2144,-376,23.68,21,-284,-275
16500,-2400,-536,23.59,-116,-326,-392
16468,-2132,-240,23.68,-398,-517,-579
16212,-1716,920,23.64,-1259,-3535,23
16936,-1668,-172,23.68,-1594,-8910,1939
21980,-2504,544,23.68,-8573,-11603,2018
12432,-1884,-2020,23.68,2737,-6533,5545
12672,-1480,2668,23.59,13426,17383,1643
19816,-1152,1524,23.68,-1399,29719,-5109
17196,-2832,-2520,23.73,5787,17634,-3241
13656,-4844,-4072,23.73,5279,-11104,4827
19220,-2436,1024,23.64,2713,-12861,7059
16568,-2532,-3000,23.64,-9553,-8754,3762
16372,-4804,628,23.64,-5154,-4104,1204
15364,-3572,1400,23.64,-2357,-3576,678
16080,-3852,652,23.64,-1549,-5401,1389
18620,-2584,-708,23.64,-3429,-12071,1952
23012,-5988,1260,23.64,-6151,-17599,2913
24240,-6568,2264,23.64,-9549,-24929,1366
11412,-5112,5932,23.68,8576,2579,-8321
11868,-7796,-4696,23.64,10890,27696,-16794
24040,-12768,-4356,23.59,16282,32767,-5947
19056,-13612,-13348,23.64,3498,23712,1903
32767,1464,13204,23.59,21087,-13989,3464
15676,-15364,728,23.59,-6390,-14413,10084
16908,-4564,460,23.54,887,-7266,1179
16220,-1988,312,23.59,-2808,-3738,-169
16188,-2924,1316,23.68,413,-5377,-108
16880,-1608,1304,23.64,-336,-12601,1222
21040,-5264,28,23.64,-1932,-18451,-921
26896,-2648,4008,23.64,-3986,-26838,-1115
12332,-2820,772,23.64,19589,-6590,-10870
8728,-7968,-4552,23.54,15497,22986,-15662
21348,-11488,-5700,23.68,13414,32767,-9490
23956,-6552,-9596,23.54,873,30670,-2008
15316,-4000,-14756,23.64,10029,-14464,10388
22828,1692,1300,23.64,515,-15580,9516
16140,-6120,-2896,23.59,1132,-9811,4611
16976,-1460,-1296,23.59,-2952,-5126,511
16824,-2264,-1612,23.59,704,-4185,357
16660,-1216,3012,23.64,-411,-10699,1775
19500,-3520,1476,23.54,-2236,-19153,1011
29372,-12,-1332,23.64,-2616,-24803,1559
7812,-6160,-13756,23.54,18292,-9502,-12357
9868,-8532,-5244,23.59,12064,23913,-14919
19528,-11532,-6040,23.54,12549,32767,-10150
24460,-5944,-10332,23.59,5056,31189,-3904
14160,-6164,-14416,23.59,13126,-15510,10190
24488,-11176,-9508,23.54,-3294,-18156,15312
16712,-5412,-1464,23.59,4533,-9015,3351
16204,-3572,-1600,23.49,-2927,-3159,773
16476,-3732,-156,23.59,647,-3516,114
17468,-1960,1916,23.54,110,-13733,3084
26068,-7044,7076,23.59,-3872,-21505,1486
23064,-12664,3288,23.59,-6665,-26956,-4614
10776,-5296,8328,23.54,15105,2632,-19928
13576,-12212,-3352,23.45,10045,29091,-18551
24616,-12212,-6980,23.59,14092,32767,-4291
11700,-9728,-14360,23.54,16015,15580,5502
26324,26348,13052,23.54,24644,-5853,4886
15064,-14000,-11128,23.64,-4254,-12476,10976
17068,-2576,1020,23.54,1003,-6248,2101
16316,-1912,388,23.59,-936,-4320,1253
16256,-3264,20,23.45,830,-5553,1420
18140,-48,1584,23.59,-2365,-12238,2636
24604,-4132,3880,23.45,-3376,-18589,389
21912,-6716,2896,23.54,-978,-30906,-947
13440,-2424,7016,23.54,14680,-1163,-14854
12524,-11316,-2792,23.49,10238,26952,-20429
22784,-12308,-4868,23.59,11549,32767,-5893
17432,-6796,-15720,23.54,19692,20502,420
24052,9720,9764,23.45,20730,-9325,9001
17384,-11968,-9936,23.45,6111,-11528,9635
16396,-4420,2136,23.45,1626,-5995,1955
16892,-868,-776,23.54,124,-5629,1651
16744,-2108,320,23.54,827,-5757,1403
21072,16,2056,23.49,-2534,-11452,1888
22524,-5640,3736,23.54,-4057,-19442,1402
24860,-8444,5368,23.59,-4802,-28146,-2034
11384,-3240,5216,23.40,13260,3166,-12233
11780,-7972,-3832,23.59,13626,28399,-17172
24672,-11232,-5552,23.54,14688,32767,-8078
16560,-10648,-13832,23.59,9528,21788,1352
28408,14664,13032,23.49,24194,-10638,3652
15260,1012,2356,23.45,-1195,-10189,6229
16196,-4668,2040,23.49,2629,-6738,2556
16688,-1876,508,23.49,653,-4874,602
17040,-1748,-448,23.54,747,-4688,1080
15988,-1528,2720,23.45,-904,-11083,2320
18188,-2056,-676,23.54,-3049,-16246,1757
26196,-2436,4268,23.45,-2509,-26158,1560
2032,-8896,-23572,23.54,20238,-10884,-9593
9292,-10164,-4640,23.49,9852,21150,-14963
18524,-12404,-6196,23.49,13761,32767,-11933
22836,-5352,-7220,23.45,6863,31465,-5586
22204,-360,-11528,23.45,12899,-8598,6758
20304,5044,1168,23.54,3947,-14794,9164
15460,-4684,-900,23.45,4430,-7150,4501
16584,-2748,-1324,23.54,583,-4479,1294
16316,-2116,-496,23.49,1875,-4164,1103
16096,-1152,2336,23.49,952,-8424,2064
17836,-1544,-524,23.45,-1632,-16101,2152
26108,680,3396,23.45,1187,-23808,799
16284,-8500,-5900,23.49,3972,-11742,-6793
7720,-7424,-2796,23.49,10517,17069,-14211
16548,-8832,-5392,23.45,8386,32767,-13362
21760,-5356,-10556,23.45,12713,32767,-4454
11272,-8620,-13688,23.49,-141,-7433,7985
24132,6496,1608,23.40,14601,-15032,9142
17152,-4744,-1652,23.54,1633,-8349,6121
16088,-3644,956,23.45,-6356,-4701,2159
16580,-3168,-1132,23.49,-531,-4583,1186
16188,-1112,3804,23.49,-14,-8972,2277
17372,-676,172,23.45,-3199,-17270,3068
29456,4516,6784,23.40,-5086,-25267,4230
8864,-13288,-11408,23.45,14287,-11720,-7520
7396,-10716,-4884,23.40,9332,19871,-19767
18460,-17712,-6124,23.49,15059,32767,-11763
21180,-3376,-6192,23.45,2413,32767,-2118
13080,-1364,-15116,23.45,10739,-5487,8557
27144,10876,4544,23.49,5321,-16140,10474
19192,-384,212,23.40,-371,-8351,4918
16908,-636,1004,23.45,-3717,-3868,1501
16756,-2760,-1000,23.45,-174,-4934,1628
16044,-1068,2948,23.45,-668,-9531,2120
18240,-2612,-1072,23.49,-3019,-15628,3231
29416,7920,6324,23.45,-2071,-24438,2774
10188,-15672,-4908,23.54,15876,-11416,-7194
7724,-11476,-4180,23.40,8059,19804,-20100
18260,-16088,-5856,23.49,15908,32767,-13018
22308,-8108,-5696,23.54,8311,32767,-76
12280,-2856,-11448,23.45,7936,-3016,7958
22896,-4740,-920,23.40,28549,-15953,13990
18864,-2220,-3852,23.40,-203,-8694,6005
17100,-616,404,23.40,-2535,-5202,1439
16336,-1812,-360,23.45,195,-3972,1281
16184,-2004,1852,23.49,-45,-6201,1276
20220,840,-140,23.45,-2815,-14048,2237
24872,-2312,5252,23.45,-3194,-21809,1224
19068,-5412,3964,23.45,813,-19554,-5508
8328,-3472,1988,23.45,11585,11815,-11880
14600,-6984,-3944,23.45,6583,32767,-12795
23384,-11356,-9276,23.49,12460,32767,-4863
10508,-6772,-13376,23.40,1533,5500,4980
26536,-8488,-9356,23.49,12525,-16839,7426
17944,1164,-16,23.49,-5132,-9223,5820
16740,-2988,2304,23.40,-4333,-5604,2836
16396,-3476,-452,23.40,-3339,-4904,1931
16360,-3648,64,23.45,-1741,-4449,1381
18820,-2936,624,23.45,-3374,-12023,2666
27036,-5064,6916,23.45,-8454,-20497,3698
25360,-10764,-1436,23.45,-8299,-22925,-61
6696,-2852,2292,23.45,4992,9636,-8965
12284,-6616,-5264,23.45,8097,30464,-13373
23348,-9624,-6824,23.45,9698,32767,-7267
14364,-7884,-12132,23.45,1101,17471,-1088
13196,9296,3744,23.40,16124,-6324,5916
20676,1656,-472,23.35,2500,-13546,4951
16696,-3456,1280,23.45,-2415,-7012,2151
16180,-2168,1680,23.45,-2731,-4349,897
15824,-3312,508,23.35,-798,-4897,1243
15764,-4424,-412,23.49,-3562,-11185,3319
19824,-3936,64,23.45,-6144,-15010,3445
26344,-3720,-1640,23.49,-16319,-12788,5460
8076,-1928,-1224,23.45,-5471,6822,855
10836,-724,-6572,23.35,4416,24687,-4020
20068,-5656,-9988,23.45,12223,25848,-3049
15140,-3380,-7940,23.35,1399,3155,1297
20492,-4028,-1728,23.45,6345,-3601,1546
16648,-2636,-936,23.45,3507,-1750,1723
16644,-3760,640,23.40,1683,-61,991
15976,-2964,2020,23.45,-358,-1085,-398
16540,-3688,1004,23.40,453,-2529,-61
16660,-2756,-828,23.45,-796,-2727,-217
16552,-3432,-2316,23.45,-660,549,-1084
15928,-2380,1180,23.40,108,2722,-1789
16544,-2236,-108,23.45,-262,-1379,-64
16812,-1972,-940,23.40,319,-258,-314
16672,-2028,20,23.49,-154,-711,187
16596,-2084,-824,23.49,151,-306,120
16544,-2176,-320,23.40,115,-354,167
16512,-2224,-640,23.35,175,-133,67
16508,-2212,-496,23.49,205,3,-66
16584,-2012,-580,23.49,243,-118,-67
16576,-1968,-680,23.40,270,-168,-20
16576,-1932,-640,23.45,167,-125,83
16580,-2044,-640,23.45,135,-59,59
16548,-1820,-808,23.45,155,-11,56
16548,-1880,-768,23.35,152,146,26
16588,-1684,-384,23.45,185,173,20
16696,-1736,-400,23.31,179,121,35
16572,-1752,-540,23.49,278,75,93
16644,-1860,-500,23.49,232,76,93
16584,-1804,-404,23.45,229,71,111
16624,-1768,-456,23.45,187,56,108
16592,-1764,-364,23.35,240,134,72
16556,-1764,-360,23.49,171,158,17
16592,-1792,-340,23.40,143,261,22
16656,-1628,-188,23.40,241,116,14
16680,-1660,-196,23.49,224,21,54
16628,-1644,-48,23.40,155,15,85
16572,-1684,-88,23.45,249,-8,78
16548,-1656,-164,23.49,220,-71,95
16676,-1740,-228,23.40,249,-50,83
16536,-1564,40,23.45,166,-62,126
16560,-1600,-72,23.40,162,-115,132
16536,-1664,-100,23.45,126,-197,151
16656,-1656,-220,23.45,85,-247,123
16532,-1540,-268,23.40,68,-237,135
16564,-1660,-228,23.40,49,-248,176
16588,-1560,-188,23.40,18,-304,180
16636,-1668,-276,23.45,97,-294,181
16752,-1652,-456,23.45,52,-203,175
16620,-1620,-592,23.49,28,-233,291
16564,-1664,-628,23.49,15,-104,305
16620,-1796,-528,23.40,158,-12,281
16596,-1772,-360,23.40,154,-167,234
16536,-1876,-576,23.35,215,-254,179
16688,-1736,-644,23.49,171,-218,149
16580,-1756,-788,23.49,197,-120,178
16624,-1768,-716,23.40,186,-7,191
16536,-1840,-580,23.45,149,59,161
16612,-1872,-632,23.45,150,7,117
16616,-1724,-596,23.45,144,4,134
16516,-1752,-604,23.40,175,-17,153
16576,-1808,-556,23.45,135,-84,143
16580,-1868,-400,23.35,149,-88,149
16608,-1756,-532,23.45,155,-136,143
16612,-1716,-560,23.49,113,-97,102
16572,-1848,-628,23.49,130,-48,92
16588,-1868,-600,23.45,108,1,73
16548,-1756,-460,23.40,141,-85,116
16560,-1644,-556,23.40,145,-75,72
16580,-1772,-464,23.40,119,-131,128
16656,-1764,-696,23.45,124,-152,154
16508,-1716,-636,23.45,154,-123,170
16516,-1724,-768,23.40,133,-133,206
16632,-1784,-732,23.40,104,-64,164
16648,-1764,-652,23.49,161,-62,187
16620,-1856,-608,23.45,147,-26,190
16572,-1844,-528,23.45,151,-36,129
16560,-1856,-600,23.45,140,-62,143
16588,-1860,-624,23.45,157,-41,120
16540,-1760,-756,23.40,155,-68,155
16576,-1768,-568,23.49,160,-48,119
16600,-1760,-676,23.49,149,-21,144
16572,-1780,-620,23.54,180,-11,135
16564,-1884,-524,23.54,169,-21,95
16536,-1780,-656,23.54,179,-29,139
16744,-1756,-676,23.45,170,34,141
16472,-1844,-492,23.45,183,8,150
16652,-1740,-620,23.45,189,10,159
16600,-1820,-672,23.45,149,57,143
16592,-1868,-600,23.49,178,53,99
16496,-1780,-512,23.40,115,72,103
16588,-1920,-548,23.49,104,-42,127
16572,-1760,-488,23.45,44,-76,110
16576,-1804,-480,23.49,75,-167,75
