9.73,5.73,2.20,-0.11,-1.27
9.06,5.88,2.63,0.47,-0.70
13.61,8.28,3.84,-1.95,1.61
8.67,6.51,-0.86,-1.77,1.73
8.16,5.10,-0.55,-1.66,1.61
11.69,2.86,-0.71,-1.69,1.29
12.20,4.47,-1.69,-1.55,1.01
9.26,4.43,-1.45,-1.29,1.03
7.10,2.47,-1.57,-0.88,0.94
5.84,1.84,0.00,-0.80,0.65
5.22,3.73,1.37,-0.68,0.54
4.75,4.71,2.75,-0.50,0.51
4.98,4.67,3.49,-0.46,0.52
5.73,5.18,3.33,-0.48,0.54
7.22,5.69,2.43,-0.47,0.51
8.47,4.82,0.98,-0.33,0.42
9.81,4.24,0.55,-0.18,0.36
11.06,4.63,0.71,0.05,0.20
12.16,5.53,0.39,0.37,-0.01
16.36,5.73,1.69,0.40,-0.07
13.69,3.22,-0.24,0.82,-0.10
12.43,2.86,0.31,0.99,-0.31
13.57,2.94,0.98,1.14,-0.54
12.51,4.82,1.33,1.35,-0.67
9.65,4.63,0.39,1.47,-0.79
6.55,2.00,-1.14,1.73,-0.94
5.10,0.71,-1.45,1.92,-1.13
4.39,0.71,-0.43,2.00,-1.29
4.51,2.31,0.94,1.97,-1.52
4.90,3.37,2.28,1.78,-1.63
5.88,4.08,3.37,1.53,-1.61
6.71,4.35,3.45,1.05,-1.39
7.02,4.55,3.41,0.74,-1.04
9.30,5.33,3.92,0.10,-0.71
10.20,6.08,2.71,-0.46,-0.07
10.71,6.71,3.84,-0.77,0.40
13.89,8.08,3.49,-1.54,1.39
8.12,5.69,-0.39,-1.34,1.90
7.57,3.61,-0.55,-1.39,1.70
10.87,2.63,-0.43,-1.52,0.97
11.45,4.28,-0.90,-1.52,1.09
8.98,4.35,-0.82,-1.31,1.28
5.92,1.96,-0.82,-1.07,1.22
5.37,2.51,0.12,-1.01,0.87
5.18,4.55,1.53,-0.88,0.79
4.79,4.90,2.31,-0.69,0.81
4.94,4.24,2.82,-0.65,0.73
5.96,4.39,2.71,-0.70,0.70
7.41,5.45,2.51,-0.73,0.71
8.67,6.00,1.73,-0.66,0.68
10.12,5.57,0.94,-0.48,0.60
11.41,5.30,0.08,-0.20,0.40
14.16,6.32,0.75,-0.00,0.23
16.24,4.90,0.08,0.18,-0.02
14.40,4.00,-1.37,0.72,-0.47
12.94,2.82,-1.29,0.98,-0.76
13.30,3.06,0.39,1.14,-0.93
11.77,4.35,1.37,1.30,-1.02
9.61,4.75,1.22,1.40,-1.18
6.63,2.39,-0.59,1.61,-1.48
4.86,0.75,-0.55,1.75,-1.67
5.33,0.94,0.86,1.76,-1.76
6.00,1.96,1.57,1.65,-1.87
5.61,2.59,2.24,1.61,-1.90
6.20,2.86,2.79,1.36,-1.76
6.75,2.90,2.79,1.01,-1.45
6.55,3.06,2.63,0.80,-1.21
8.39,4.59,3.61,0.22,-0.72
9.85,6.43,2.90,-0.39,0.02
8.28,6.16,1.80,-0.63,0.47
11.14,6.86,4.20,-1.18,0.99
10.04,6.43,0.94,-1.58,1.79
7.26,5.92,0.16,-1.54,1.83
10.67,5.41,0.43,-1.72,1.65
12.47,4.67,-0.98,-1.63,1.49
11.92,4.82,-1.53,-1.53,1.52
7.96,3.37,-2.08,-1.08,1.38
6.24,1.80,-1.33,-0.92,1.21
5.88,3.06,0.31,-0.73,1.04
5.33,4.63,1.80,-0.52,0.98
5.18,5.02,2.63,-0.46,0.90
5.57,5.26,2.79,-0.47,0.82
5.88,5.73,2.67,-0.52,0.84
6.35,6.08,2.43,-0.52,0.84
8.00,5.49,1.84,-0.48,0.65
10.20,5.41,1.10,-0.33,0.33
12.59,5.53,0.59,-0.15,0.13
17.65,5.61,1.10,-0.07,-0.12
14.55,3.06,-2.43,0.35,-0.31
13.61,2.04,-1.88,0.93,-0.81
13.89,2.12,-0.12,1.22,-1.11
13.49,3.41,0.82,1.36,-1.24
12.04,4.75,1.10,1.59,-1.48
8.36,2.79,-0.63,1.93,-1.64
5.92,0.67,-1.14,2.08,-1.69
5.61,0.47,-0.35,2.12,-1.82
4.98,1.45,0.35,2.17,-1.94
4.51,2.47,2.00,2.13,-1.95
5.30,3.30,3.37,1.80,-1.86
5.61,3.96,4.08,1.30,-1.61
6.24,4.63,4.63,0.88,-1.33
7.53,5.10,4.82,0.15,-0.84
9.10,5.84,3.73,-0.31,-0.20
8.87,6.35,2.39,-0.78,0.31
10.98,7.45,3.49,-1.39,1.14
10.00,7.30,0.94,-1.63,1.73
7.92,6.04,0.35,-1.64,2.05
10.32,4.47,-0.27,-1.74,1.68
12.36,3.73,-1.92,-1.65,1.26
11.26,4.39,-2.82,-1.36,1.13
9.49,2.94,-2.16,-1.03,1.12
7.06,2.16,-1.49,-0.96,0.97
5.96,3.10,0.27,-0.82,0.67
5.26,4.63,1.69,-0.64,0.55
4.79,4.39,2.67,-0.58,0.52
4.71,4.35,3.30,-0.63,0.53
5.18,5.26,3.53,-0.74,0.56
6.39,5.77,3.06,-0.79,0.60
7.02,5.26,2.00,-0.73,0.65
8.98,4.86,1.41,-0.66,0.65
10.00,4.90,1.06,-0.43,0.50
11.38,5.18,0.08,-0.06,0.10
12.51,5.14,-0.51,0.30,-0.04
15.57,4.04,1.06,0.43,-0.02
12.75,3.69,-0.16,0.87,-0.30
12.28,3.33,0.67,1.08,-0.60
13.22,3.26,1.26,1.26,-0.87
12.83,4.79,0.98,1.46,-1.07
10.63,3.77,-0.20,1.63,-1.16
8.28,1.49,-0.98,1.87,-1.26
7.14,0.71,-0.82,2.00,-1.40
6.55,1.10,0.12,2.02,-1.53
5.65,1.92,0.86,2.00,-1.60
5.49,2.63,2.00,1.77,-1.55
5.45,3.30,3.06,1.54,-1.48
5.92,3.77,3.65,1.05,-1.28
5.49,3.69,3.10,0.69,-0.99
6.24,4.00,3.26,0.11,-0.77
7.65,4.90,2.98,-0.54,-0.34
7.34,6.00,3.02,-0.88,-0.01
10.04,7.57,4.79,-1.63,0.56
12.32,9.57,3.49,-2.22,1.54
9.10,8.59,0.82,-2.24,1.84
9.85,5.37,-1.37,-2.21,1.54
11.73,3.26,-4.00,-1.96,0.86
11.65,4.00,-4.43,-1.69,0.78
9.61,2.51,-2.67,-1.18,0.75
7.65,2.00,-0.78,-0.88,0.57
6.32,3.73,1.06,-0.74,0.44
5.33,4.55,2.24,-0.59,0.32
4.98,4.24,2.59,-0.53,0.30
4.59,3.77,3.06,-0.55,0.31
5.37,4.47,3.49,-0.65,0.33
6.67,5.06,3.06,-0.69,0.33
7.57,4.67,2.08,-0.66,0.36
8.39,4.31,0.98,-0.54,0.40
9.34,3.77,0.16,-0.40,0.35
10.79,3.92,-0.20,-0.13,0.21
12.04,4.24,-0.12,0.14,0.10
12.63,4.47,0.94,0.31,0.04
12.43,3.41,0.31,0.46,-0.19
11.77,3.77,0.04,0.60,-0.69
14.47,3.96,0.24,0.55,-0.84
13.73,4.12,-0.63,0.61,-0.85
11.10,3.61,-1.14,0.68,-0.81
7.96,2.82,-0.90,0.72,-0.88
6.71,2.71,0.16,0.60,-1.11
6.47,2.67,1.41,0.35,-1.26
6.24,2.75,2.59,0.10,-1.32
5.73,2.90,3.18,-0.36,-1.41
6.43,3.02,3.73,-0.98,-1.45
7.73,3.53,3.53,-1.43,-1.55
6.90,3.45,2.24,-1.85,-1.72
6.83,3.14,2.79,-2.11,-1.78
9.45,4.55,4.79,-2.73,-1.75
11.89,7.41,5.41,-3.38,-1.48
10.67,8.39,2.59,-3.57,-1.15
8.00,7.30,-0.16,-3.38,-0.70
6.94,4.59,-0.86,-3.10,-0.38
7.69,2.55,-0.16,-3.00,-0.30
8.36,3.02,0.31,-2.75,0.02
7.73,5.02,1.06,-2.33,0.30
6.55,5.06,0.43,-2.07,0.21
7.61,2.39,0.00,-1.69,0.02
8.67,2.08,0.47,-1.35,0.03
9.89,4.16,1.61,-1.17,0.10
9.81,5.14,1.69,-0.85,0.26
8.67,4.47,0.86,-0.50,0.29
8.00,3.65,0.82,-0.36,0.28
7.65,3.65,1.33,-0.18,0.32
7.18,4.31,2.47,-0.16,0.34
6.86,4.86,2.51,-0.17,0.33
6.67,4.67,2.43,-0.18,0.39
6.86,4.55,2.55,-0.20,0.45
7.57,4.75,2.08,-0.20,0.55
9.69,5.22,2.16,-0.19,0.69
10.59,4.71,1.02,-0.16,0.78
8.90,3.37,0.63,0.03,0.82
9.30,3.02,2.04,0.03,0.62
10.51,3.73,2.79,0.01,0.43
12.32,6.12,2.71,0.06,0.29
11.49,6.12,0.86,0.27,0.32
9.30,3.22,-0.71,0.39,0.29
7.69,2.12,-0.71,0.50,0.14
7.34,3.37,1.14,0.53,0.05
6.79,5.22,2.82,0.51,0.00
7.61,5.61,4.24,0.30,-0.08
9.06,5.26,5.33,0.05,-0.05
9.85,4.75,4.75,-0.43,-0.06
9.89,4.59,3.57,-0.73,-0.23
9.26,3.53,1.22,-0.75,-0.31
9.02,2.63,0.08,-0.60,-0.21
8.98,2.16,0.27,-0.45,-0.12
9.06,2.75,1.06,-0.35,-0.14
9.02,3.30,1.92,-0.18,-0.21
8.63,3.41,2.47,-0.06,-0.26
8.90,3.65,3.02,-0.07,-0.31
9.18,3.41,2.75,-0.10,-0.42
9.30,3.06,2.35,-0.05,-0.48
9.02,2.79,1.37,0.02,-0.52
9.45,2.67,1.33,0.14,-0.56
10.79,3.41,1.57,0.25,-0.49
9.77,4.04,0.51,0.42,-0.41
8.98,4.47,0.43,0.60,-0.38
9.14,3.37,0.16,0.70,-0.34
8.08,3.41,-0.16,0.90,-0.31
7.65,4.16,-0.71,1.10,-0.51
8.16,4.39,-0.51,1.18,-0.63
8.24,4.39,0.12,1.11,-0.60
7.88,4.79,0.90,0.80,-0.44
7.96,5.81,1.57,0.56,-0.33
7.88,6.63,1.57,0.29,-0.15
7.53,6.47,0.90,0.05,-0.01
6.90,5.49,0.47,-0.10,0.09
6.35,4.94,0.35,-0.29,0.20
6.75,5.14,0.98,-0.47,0.27
7.41,5.77,1.29,-0.55,0.32
7.73,6.08,1.26,-0.64,0.37
8.16,5.88,0.82,-0.65,0.38
8.51,5.30,0.51,-0.64,0.44
8.98,5.37,0.51,-0.62,0.38
9.10,5.45,0.35,-0.55,0.30
9.06,4.86,0.08,-0.36,0.16
9.02,4.08,0.16,-0.17,0.02
8.75,4.00,0.51,-0.05,-0.07
8.59,4.51,0.86,0.10,-0.13
8.71,4.55,1.14,0.24,-0.18
8.67,4.31,1.10,0.32,-0.19
8.87,4.24,1.29,0.39,-0.19
8.79,4.47,1.26,0.46,-0.15
8.47,4.24,1.10,0.49,-0.14
8.36,3.73,0.98,0.52,-0.11
8.32,3.84,1.22,0.52,-0.08
8.36,4.16,1.53,0.50,-0.03
8.43,4.20,1.69,0.46,0.05
8.32,4.12,1.57,0.42,0.10
8.39,4.00,1.65,0.36,0.18
8.43,4.20,1.69,0.28,0.28
8.71,4.43,1.73,0.24,0.30
8.87,4.16,1.37,0.19,0.32
8.98,3.80,1.22,0.16,0.31
8.87,3.61,1.29,0.14,0.30
8.59,3.49,1.41,0.12,0.25
8.63,3.45,1.73,0.07,0.23
9.10,3.80,2.35,-0.00,0.24
9.34,4.08,2.47,-0.11,0.24
9.14,3.88,2.16,-0.18,0.20
8.59,3.14,1.92,-0.24,0.12
8.71,2.90,1.88,-0.30,-0.04
8.75,3.10,1.80,-0.32,-0.16
9.22,3.14,2.04,-0.34,-0.29
9.57,3.26,2.16,-0.37,-0.32
9.73,3.84,2.31,-0.39,-0.29
10.08,4.08,2.35,-0.36,-0.19
9.73,3.73,1.53,-0.26,-0.05
8.94,3.30,0.59,-0.10,-0.01
8.20,3.22,0.39,0.10,-0.01
7.73,3.22,0.55,0.25,-0.04
8.04,3.84,1.84,0.28,-0.07
8.79,4.47,2.28,0.25,-0.08
8.83,4.90,2.12,0.23,-0.05
8.55,4.71,1.37,0.22,-0.03
8.63,4.28,0.78,0.21,-0.02
8.87,4.39,0.67,0.23,-0.02
8.79,4.51,0.78,0.30,-0.04
8.75,4.39,0.78,0.33,-0.09
8.43,4.43,0.94,0.34,-0.12
8.36,4.47,1.29,0.28,-0.16
8.43,4.55,1.53,0.21,-0.19
8.39,4.47,1.57,0.17,-0.19
8.43,4.51,1.49,0.09,-0.16
8.59,4.47,1.37,0.03,-0.14
8.51,4.16,1.22,0.02,-0.10
8.51,4.31,1.33,-0.01,-0.05
8.55,4.39,1.33,-0.01,-0.02
8.39,4.08,1.10,0.00,-0.01
8.36,3.96,1.26,0.01,-0.00
8.63,4.20,1.53,0.01,0.01
8.63,4.51,1.37,0.01,0.03
8.47,4.20,1.26,0.02,0.05
8.55,4.20,1.26,0.03,0.07
8.51,4.39,1.26,0.04,0.08
8.43,4.31,1.14,0.06,0.08
8.55,4.31,1.33,0.06,0.09
8.43,4.31,1.33,0.06,0.08
8.47,4.39,1.41,0.06,0.06
8.67,4.39,1.33,0.06,0.05
8.55,4.35,1.29,0.06,0.04
8.59,4.24,1.29,0.07,0.03
8.63,4.24,1.33,0.07,0.02
8.59,4.31,1.33,0.06,0.02
8.71,4.24,1.26,0.05,0.01
8.59,4.20,1.29,0.05,0.00
8.67,4.12,1.29,0.04,0.00
8.75,4.12,1.33,0.03,0.00
8.59,4.20,1.41,0.03,0.01
8.67,4.08,1.29,0.02,0.01
8.67,4.16,1.41,0.01,0.02
8.63,4.16,1.37,-0.00,0.02
8.63,4.20,1.45,-0.02,0.01
8.67,4.16,1.33,-0.02,0.01
8.63,4.04,1.37,-0.01,0.01
8.55,4.12,1.45,-0.01,0.00
8.63,4.20,1.45,-0.01,-0.01
8.79,4.16,1.45,-0.01,0.00
8.67,4.16,1.29,0.00,0.01
8.67,3.96,1.33,0.02,-0.01
8.67,4.08,1.49,0.03,-0.00
8.63,4.16,1.29,0.04,-0.01
8.71,3.92,1.33,0.05,-0.03
8.75,4.00,1.33,0.06,-0.03
8.75,4.08,1.37,0.07,-0.03
8.75,4.08,1.37,0.09,-0.04
8.67,3.96,1.41,0.10,-0.04
8.67,4.04,1.33,0.11,-0.03
8.63,4.00,1.29,0.11,-0.03
8.71,4.04,1.45,0.10,-0.02
8.87,4.12,1.49,0.10,-0.01
8.90,4.12,1.22,0.11,-0.01
8.51,3.80,1.18,0.13,-0.02
8.63,3.88,1.33,0.13,-0.03
8.79,4.20,1.37,0.10,0.00
8.55,4.43,1.57,0.08,0.05
8.51,4.12,1.49,0.03,0.11
8.39,3.96,1.45,0.00,0.12
8.47,4.00,1.37,-0.02,0.11
8.75,4.04,1.33,-0.03,0.06
8.87,4.00,1.18,0.01,0.02
8.94,3.88,1.29,0.03,-0.01
8.75,3.80,1.33,0.07,-0.03
8.71,3.84,1.41,0.09,-0.04
8.83,3.92,1.57,0.09,-0.04
8.75,4.00,1.53,0.08,-0.03
8.71,3.88,1.37,0.07,-0.01
8.71,3.80,1.45,0.07,0.01
8.71,4.00,1.45,0.07,0.04
8.79,4.16,1.33,0.07,0.05
8.71,3.84,1.49,0.08,0.04
8.63,3.88,1.41,0.08,0.02
8.75,4.16,1.45,0.08,0.01
8.71,4.04,1.37,0.08,-0.01
8.75,3.96,1.45,0.08,-0.02
8.75,3.92,1.45,0.08,-0.02
8.71,3.92,1.41,0.08,-0.03
8.63,4.08,1.45,0.09,-0.04
8.79,4.04,1.53,0.09,-0.05
8.63,3.88,1.41,0.08,-0.03
8.63,3.96,1.57,0.08,-0.02
8.71,3.88,1.49,0.08,-0.02
8.71,3.84,1.45,0.07,-0.02
8.83,3.96,1.53,0.07,-0.02
8.83,4.00,1.49,0.06,-0.00
8.71,3.80,1.37,0.06,0.02
8.67,3.84,1.45,0.07,0.02
8.63,4.04,1.45,0.06,0.03
8.75,3.96,1.49,0.06,0.01
8.79,3.84,1.41,0.06,0.01
8.79,4.00,1.49,0.07,-0.01
8.79,4.12,1.49,0.07,-0.02
8.75,4.00,1.41,0.08,-0.02
8.63,3.96,1.53,0.07,-0.03
8.79,4.04,1.57,0.07,-0.04
8.75,4.04,1.49,0.06,-0.04
8.63,4.00,1.37,0.07,-0.03
8.51,3.88,1.41,0.08,-0.03
8.51,4.00,1.61,0.07,-0.03
8.71,4.04,1.49,0.06,-0.01
8.67,3.96,1.29,0.07,0.00
8.75,3.96,1.53,0.07,0.03
8.83,4.08,1.49,0.09,0.07
8.67,4.16,1.37,0.10,0.09
8.32,4.08,1.37,0.12,0.12
8.24,4.28,1.41,0.12,0.14
8.63,4.47,1.33,0.13,0.13
8.71,4.59,1.06,0.15,0.14
8.67,5.10,1.22,0.15,0.15
8.67,5.10,1.10,0.13,0.16
8.24,4.94,1.06,0.10,0.19
8.32,4.90,0.98,0.06,0.19
7.96,4.43,1.10,0.03,0.18
7.65,4.86,1.22,-0.02,0.08
7.37,4.90,1.45,-0.05,0.04
7.14,4.20,1.61,-0.11,-0.02
8.47,3.77,2.90,-0.30,0.00
8.39,4.55,2.82,-0.38,0.07
8.75,4.31,3.22,-0.48,0.15
9.65,4.20,3.30,-0.56,0.24
9.45,4.16,2.59,-0.57,0.28
8.04,3.22,1.02,-0.39,0.32
6.98,2.35,0.43,-0.22,0.33
7.30,2.43,1.29,-0.02,0.33
8.67,3.22,3.10,-0.00,0.35
9.57,4.16,4.28,-0.09,0.37
8.90,4.35,3.22,-0.21,0.31
9.41,3.57,2.24,-0.32,0.21
9.69,3.22,1.26,-0.34,0.16
10.12,3.53,0.78,-0.35,0.10
10.87,3.49,0.67,-0.28,0.09
11.69,3.92,1.10,-0.29,0.12
13.14,4.90,2.39,-0.41,0.21
13.18,6.04,2.12,-0.53,0.47
11.65,6.04,1.65,-0.58,0.61
10.79,3.22,0.51,-0.53,0.62
10.00,2.43,-0.75,-0.42,0.09
7.57,2.98,-2.20,-0.01,-0.30
6.71,2.86,-1.65,0.19,-0.66
7.22,1.18,-1.29,0.24,-0.80
7.18,1.37,-0.47,0.28,-0.97
6.75,2.82,-0.35,0.42,-0.95
5.30,3.18,-0.20,0.51,-0.87
5.02,2.86,0.12,0.51,-0.72
4.86,3.06,0.24,0.44,-0.54
5.65,3.30,0.63,0.37,-0.38
6.94,3.77,0.59,0.25,-0.12
7.92,4.16,0.43,0.16,0.14
8.55,4.47,0.43,0.12,0.26
8.59,5.02,0.51,0.13,0.43
9.53,5.37,1.14,0.08,0.62
10.71,5.61,1.77,0.03,0.72
12.32,6.39,2.35,-0.08,0.70
15.69,7.10,2.31,-0.25,0.67
13.85,4.79,-0.43,-0.16,0.53
12.47,2.39,-1.65,0.14,0.07
13.10,1.57,-0.90,0.27,-0.13
12.00,2.82,-0.31,0.59,-0.27
10.55,4.28,0.90,0.80,-0.53
8.75,4.08,0.71,0.97,-0.68
6.04,2.75,0.16,1.17,-0.90
4.55,2.16,0.04,1.31,-1.13
4.24,1.88,0.51,1.37,-1.28
4.43,2.04,1.29,1.37,-1.45
5.30,2.71,2.39,1.19,-1.51
6.90,3.77,3.18,0.98,-1.48
8.04,4.35,3.18,0.61,-1.32
8.47,4.59,3.10,0.25,-1.04
10.55,4.75,2.79,-0.05,-0.79
11.26,5.14,1.41,-0.36,-0.37
9.89,4.51,0.75,-0.43,-0.09
13.65,6.04,2.90,-0.93,0.26
11.22,5.88,0.12,-0.98,0.78
9.49,5.88,-0.51,-0.90,0.95
10.63,4.12,-0.71,-0.88,1.07
9.92,4.24,-0.67,-0.89,0.86
9.65,4.51,-0.63,-0.92,0.84
6.55,3.49,-0.67,-0.74,0.98
4.24,2.12,-0.08,-0.79,0.99
3.69,2.71,0.86,-0.82,0.87
3.45,4.00,1.69,-0.78,0.84
4.20,4.39,2.63,-0.81,0.89
5.73,4.98,2.98,-0.84,0.94
7.37,6.08,2.82,-0.92,0.95
8.79,6.24,2.20,-0.89,0.87
10.75,5.53,0.75,-0.80,0.78
11.73,5.10,-0.12,-0.48,0.57
13.81,5.92,-0.51,-0.17,0.37
18.51,5.88,-0.08,0.17,0.04
14.32,3.49,-2.39,0.95,-0.42
12.71,2.35,-0.78,1.17,-0.78
12.79,2.98,1.14,1.34,-1.09
11.49,4.94,1.80,1.47,-1.33
9.30,4.82,1.14,1.58,-1.50
6.55,2.59,-0.20,1.78,-1.66
4.63,1.57,-0.43,1.92,-1.82
4.28,1.41,-0.08,1.96,-1.93
4.28,2.08,0.94,1.97,-2.01
4.94,2.86,1.73,1.84,-2.05
5.30,3.22,2.31,1.69,-2.00
6.12,3.65,3.33,1.31,-1.73
7.02,4.51,3.57,0.81,-1.29
8.55,5.61,3.73,0.42,-0.93
9.49,6.43,3.10,-0.14,-0.29
8.63,6.00,2.39,-0.42,0.23
9.92,6.94,4.12,-0.96,0.95
12.51,7.49,3.02,-1.52,1.83
8.32,6.71,1.02,-1.51,2.13
9.96,5.69,0.39,-1.70,1.94
11.10,3.69,-2.00,-1.56,1.32
10.75,4.20,-2.75,-1.50,1.33
8.28,3.37,-1.49,-1.36,1.50
6.00,2.31,-0.43,-1.30,1.40
5.18,3.96,0.90,-1.30,1.20
4.24,4.94,1.77,-1.15,1.03
4.35,4.82,2.47,-1.13,0.92
4.79,3.69,3.02,-1.05,0.90
5.53,5.65,3.57,-1.18,0.91
6.98,6.79,3.14,-1.15,0.81
9.41,5.73,2.35,-1.09,0.72
11.65,5.18,0.94,-0.82,0.51
14.28,5.53,0.00,-0.52,0.34
19.42,4.94,0.00,-0.06,0.05
16.04,3.92,-2.24,0.83,-0.27
13.77,2.75,-1.33,1.24,-0.56
12.55,2.08,-0.16,1.66,-0.82
11.22,3.30,1.49,1.84,-1.05
9.53,4.75,1.61,1.97,-1.27
7.26,3.77,0.55,2.19,-1.50
5.26,2.12,-0.24,2.30,-1.68
4.31,1.29,-0.27,2.30,-1.79
4.51,1.73,0.67,2.25,-1.91
5.65,2.71,1.73,2.04,-1.98
5.81,3.26,1.96,1.88,-1.98
6.12,3.37,2.94,1.57,-1.77
7.30,3.73,3.57,1.00,-1.36
8.00,4.67,3.88,0.59,-1.04
9.45,5.81,3.92,-0.03,-0.42
10.04,6.35,2.43,-0.37,0.03
8.51,5.61,2.55,-0.67,0.71
12.08,6.86,4.16,-1.51,1.34
10.36,6.79,1.18,-1.73,1.81
9.38,6.55,0.12,-1.74,2.05
10.32,4.47,-1.37,-1.71,1.86
10.32,3.37,-2.94,-1.59,1.40
9.92,4.08,-2.51,-1.49,1.27
7.37,3.61,-1.26,-1.28,1.24
5.77,2.28,-0.27,-1.26,1.12
5.22,3.37,1.14,-1.21,0.91
4.90,4.75,2.00,-1.06,0.84
4.94,4.94,2.79,-0.99,0.82
5.61,5.14,2.79,-0.97,0.78
6.47,6.12,2.51,-0.95,0.71
7.73,6.67,1.92,-0.88,0.66
8.98,6.63,1.22,-0.72,0.56
10.83,5.96,0.35,-0.48,0.28
11.81,5.84,-1.02,0.02,0.08
16.40,6.16,0.75,0.34,-0.09
15.65,4.12,-0.90,0.72,-0.23
14.55,4.00,-0.82,1.26,-0.89
14.16,3.06,-0.31,1.65,-1.30
12.63,3.73,-0.35,1.84,-1.48
10.20,3.80,-0.51,2.14,-1.64
7.02,2.51,-0.90,2.42,-1.72
5.57,2.12,-0.67,2.53,-1.79
4.71,2.16,-0.08,2.59,-1.98
4.31,2.63,0.82,2.54,-2.10
4.12,3.61,2.00,2.42,-2.07
5.06,4.16,2.75,2.07,-1.89
5.96,4.51,3.10,1.55,-1.64
6.12,4.39,2.71,1.21,-1.41
7.30,4.59,2.79,0.68,-0.97
8.32,5.37,2.12,0.26,-0.39
7.96,5.92,0.82,-0.20,0.07
7.10,5.81,1.77,-0.56,0.65
11.49,8.12,5.06,-1.30,1.06
9.26,8.04,1.06,-1.79,1.88
9.02,7.69,1.02,-2.18,2.13
10.63,6.28,0.00,-2.38,2.32
9.89,4.67,-1.29,-2.49,2.06
9.26,4.63,-1.02,-2.57,1.84
6.83,3.73,-1.57,-2.37,1.67
6.24,1.92,-1.06,-2.25,1.54
6.28,1.96,-0.08,-2.07,1.37
6.59,3.37,0.67,-1.89,1.26
7.30,4.39,2.20,-1.62,1.19
7.41,5.30,2.98,-1.44,1.16
7.73,6.24,3.18,-1.33,1.07
8.59,6.20,2.31,-1.08,0.90
10.16,6.08,1.10,-0.83,0.60
12.51,6.28,-0.43,-0.24,0.33
12.94,5.77,-1.26,0.57,0.00
15.77,4.90,0.00,0.83,-0.17
13.14,4.28,-1.53,1.46,-0.52
11.57,3.69,-1.26,1.91,-1.07
12.04,2.47,-0.12,2.10,-1.24
10.98,3.14,0.04,2.26,-1.53
9.45,3.92,0.63,2.40,-1.73
7.18,3.37,0.47,2.49,-1.70
5.73,2.63,0.51,2.49,-1.63
4.90,2.31,0.67,2.43,-1.65
4.28,2.08,0.98,2.37,-1.64
3.92,2.59,1.65,2.20,-1.54
4.04,2.75,1.88,1.94,-1.36
4.12,3.22,2.31,1.75,-1.19
5.45,4.90,3.02,1.31,-0.79
6.24,6.67,2.75,1.08,-0.30
7.65,7.77,3.30,0.65,0.06
8.43,7.45,2.55,0.32,0.92
10.24,7.14,2.28,0.03,1.42
11.57,7.10,1.22,-0.39,2.06
11.92,4.86,0.20,-0.70,2.85
12.28,2.90,0.20,-0.94,3.37
11.41,1.84,0.31,-1.33,3.52
12.94,-1.73,0.12,-1.47,3.01
13.93,-2.00,1.22,-1.73,2.47
15.53,1.41,3.10,-2.15,1.82
17.06,5.84,3.30,-2.33,1.34
16.83,10.04,3.88,-1.95,1.24
15.34,9.57,4.39,-1.29,0.40
11.10,8.63,4.71,-0.51,-0.62
4.24,9.02,4.43,0.26,-1.06
0.43,7.30,4.08,1.15,-1.49
-3.69,5.41,2.59,1.79,-1.80
-5.84,2.67,0.98,2.17,-2.12
-5.37,2.75,1.49,2.62,-2.57
-4.12,4.98,2.67,2.68,-2.62
-1.06,6.63,2.59,2.65,-2.28
1.02,5.26,3.30,3.03,-2.60
3.96,8.63,9.45,3.14,-2.80
18.16,20.01,18.20,2.63,-2.40
17.57,12.79,13.18,3.06,-1.88
17.22,14.16,15.06,3.27,-1.84
17.50,15.97,15.77,2.72,-1.49
19.77,10.28,9.06,1.91,-0.21
13.42,3.65,3.77,1.62,1.21
8.43,0.59,-1.02,0.84,2.54
5.61,-0.90,-4.67,0.13,3.25
3.49,-2.94,-4.98,-0.02,3.47
1.49,-1.73,-0.08,-1.04,3.65
2.20,-2.67,-0.43,-2.70,3.58
1.77,-0.67,0.27,-3.46,3.32
4.24,1.41,2.51,-4.53,3.06
19.61,7.30,6.94,-4.33,2.27
20.01,12.12,7.14,-3.37,1.74
20.01,6.59,7.34,-2.35,0.24
16.87,7.14,9.45,-1.54,-0.97
9.96,7.53,9.34,-0.56,-1.04
4.90,6.04,5.84,0.17,-1.27
-0.39,4.79,3.02,0.63,-1.57
-5.26,4.16,-1.10,1.21,-1.62
-9.45,4.47,-0.43,1.87,-1.67
-8.67,6.12,-0.24,1.92,-1.82
-6.63,7.61,-1.80,2.38,-1.79
-5.84,7.53,0.39,3.02,-1.51
-3.06,8.47,6.28,3.38,-1.99
15.81,19.77,19.89,2.45,-1.76
18.16,18.28,16.48,3.12,-1.88
20.01,17.10,20.01,3.46,-1.76
19.69,12.40,14.20,3.24,-0.66
15.22,3.92,7.53,2.25,0.51
8.59,0.82,2.43,1.90,1.27
4.79,-4.04,-4.00,1.50,1.84
2.94,-5.30,-5.14,0.86,2.21
1.65,-3.61,-1.92,0.09,2.33
2.20,-4.51,-1.84,-1.63,2.58
2.86,-3.14,-1.77,-2.96,2.56
2.86,-1.61,-2.16,-3.78,2.29
11.77,-0.04,3.45,-4.70,2.16
20.01,10.59,7.41,-4.99,1.87
20.01,8.24,7.10,-3.42,1.63
20.01,6.83,9.96,-2.24,0.06
13.69,11.73,13.18,-1.68,-0.31
8.00,8.47,10.59,-0.98,-0.44
2.12,5.14,5.92,-0.52,-0.86
-4.55,5.02,1.29,-0.15,-1.11
-9.96,5.33,-2.08,0.73,-1.09
-10.04,6.32,1.26,1.17,-1.35
-9.81,8.28,-0.75,1.12,-1.24
-5.73,6.75,-2.98,1.39,-0.76
-3.84,6.04,0.55,2.08,-1.02
19.61,12.59,18.51,2.16,-1.45
20.01,20.01,17.57,2.83,-1.50
20.01,13.45,19.69,3.55,-2.35
20.01,14.55,16.44,3.78,-1.92
20.01,4.24,10.04,3.07,-1.15
14.67,3.18,5.26,1.92,0.37
8.63,-0.71,-1.37,1.56,0.97
4.90,-4.39,-6.75,1.46,1.67
0.75,-4.86,-4.08,1.15,2.19
0.08,-4.90,0.35,0.11,2.55
2.16,-7.92,0.27,-1.64,2.34
1.80,-4.04,-0.67,-2.43,1.91
2.08,-2.12,-0.27,-3.37,1.60
4.90,2.71,8.12,-4.79,1.71
20.01,14.47,-0.59,-4.94,2.92
20.01,3.22,3.49,-2.39,1.49
20.01,4.51,5.02,-1.88,-0.33
15.46,14.47,11.18,-1.03,-0.44
7.14,5.61,5.88,-0.37,-0.50
0.55,4.67,3.02,-0.02,-0.58
-5.06,5.69,1.69,0.16,-1.00
-9.26,7.22,-1.77,0.44,-1.00
-9.69,5.84,-0.55,0.83,-0.72
-8.55,7.06,-1.65,0.99,-0.15
-9.69,7.81,-2.24,1.49,0.44
-17.22,5.84,3.33,2.11,0.59
-20.01,10.16,20.01,1.74,1.52
20.01,20.01,20.01,1.90,-1.22
20.01,20.01,20.01,4.91,-4.36
20.01,20.01,14.91,4.99,-5.00
20.01,20.01,18.95,4.99,-5.00
20.01,-3.49,-9.10,4.99,-1.76
20.01,-20.01,5.96,4.79,4.64
20.01,-20.01,11.69,-1.47,5.00
-11.73,-19.89,12.75,-5.00,5.00
15.06,-12.32,5.49,-5.00,5.00
20.01,20.01,-1.45,-5.00,5.00
20.01,-1.02,3.65,-2.65,4.94
10.94,20.01,15.30,-1.16,3.50
-20.01,20.01,11.41,-0.47,3.17
-20.01,20.01,-6.63,2.30,-1.44
-19.85,20.01,20.01,2.50,-5.00
20.01,20.01,20.01,4.97,-5.00
20.01,20.01,20.01,4.99,-5.00
20.01,20.01,19.02,4.99,-5.00
20.01,20.01,-4.39,4.99,-5.00
20.01,20.01,2.51,4.99,-5.00
20.01,-20.01,6.86,4.52,3.46
20.01,-20.01,16.67,-4.03,5.00
19.30,-10.16,20.01,-3.90,5.00
18.59,4.28,19.14,-4.56,5.00
16.44,16.55,20.01,-4.79,5.00
20.01,20.01,5.02,-4.93,4.01
20.01,15.26,-3.10,-3.57,1.86
10.16,15.69,1.29,-4.26,1.40
-1.26,20.01,14.55,-3.38,2.33
-20.01,19.97,3.18,-1.53,5.00
-20.01,13.34,17.02,2.17,-2.23
-20.01,20.01,20.01,4.98,-4.98
10.12,20.01,20.01,4.99,-5.00
20.01,20.01,20.01,4.99,-5.00
20.01,20.01,20.01,4.99,-5.00
20.01,20.01,18.32,4.99,-5.00
20.01,-20.01,10.40,4.97,2.01
20.01,-20.01,20.01,1.80,5.00
16.87,-20.01,20.01,-3.59,5.00
9.02,-7.81,17.97,-5.00,5.00
18.55,4.71,14.95,-5.00,5.00
20.01,20.01,9.06,-4.33,5.00
20.01,8.71,5.41,-1.43,4.98
13.77,20.01,-1.41,-2.33,3.30
-9.49,16.79,17.02,-1.84,3.79
-20.01,20.01,12.83,-1.11,1.17
-20.01,20.01,-5.53,2.02,1.40
-17.02,20.01,15.10,4.97,-5.00
-4.00,20.01,20.01,4.99,-5.00
20.01,20.01,20.01,4.99,-5.00
20.01,20.01,20.01,4.99,-5.00
20.01,20.01,20.01,4.99,-5.00
20.01,-3.30,20.01,4.99,-2.05
20.01,-20.01,18.79,2.91,5.00
0.27,-20.01,20.01,-1.51,5.00
0.82,-13.26,12.40,-5.00,5.00
11.92,-8.94,9.96,-5.00,5.00
20.01,20.01,17.50,-5.00,5.00
20.01,6.47,1.57,-1.25,4.93
20.01,14.98,7.14,-2.17,1.78
17.73,20.01,7.45,-1.17,2.62
-7.73,19.26,16.20,0.49,2.13
-20.01,20.01,7.73,1.01,1.93
-20.01,20.01,-19.22,4.66,-3.51
-12.51,20.01,-2.31,3.98,-5.00
-6.43,20.01,20.01,4.99,-5.00
17.18,20.01,20.01,4.99,-5.00
17.26,20.01,20.01,4.99,-5.00
20.01,20.01,20.01,4.99,-5.00
20.01,-20.01,-1.14,4.99,-2.15
20.01,-20.01,20.01,-0.22,5.00
0.59,-20.01,20.01,-4.80,5.00
19.77,-2.12,13.53,-5.00,5.00
20.01,20.01,20.01,-4.99,5.00
20.01,20.01,15.18,-1.78,5.00
20.01,20.01,3.53,-2.84,2.88
-9.96,17.02,2.24,-0.80,4.98
-2.55,11.61,18.16,-0.39,0.89
-20.01,16.00,5.53,0.66,0.59
-20.01,6.83,-10.71,2.35,-3.59
-2.75,20.01,3.30,0.61,-4.99
-3.61,20.01,-0.35,4.05,-3.87
-1.37,20.01,20.01,4.99,-5.00
-2.12,20.01,20.01,4.99,-5.00
20.01,20.01,20.01,4.99,-5.00
20.01,9.02,20.01,4.99,-4.99
20.01,-20.01,5.65,4.99,-2.57
20.01,-14.91,20.01,2.88,4.75
-11.53,-4.75,8.36,-4.83,5.00
20.01,-11.49,-0.43,-5.00,5.00
20.01,9.38,12.16,-5.00,5.00
20.01,20.01,15.53,-4.77,5.00
19.22,15.81,14.95,-2.28,3.44
20.01,20.01,9.77,-2.80,2.44
-2.43,14.40,5.96,1.08,2.23
-12.04,-1.61,12.28,1.98,-1.09
-20.01,11.45,11.06,1.67,-3.98
-20.01,16.44,-4.31,-0.29,-5.00
-4.16,20.01,-20.01,-0.17,-3.41
-15.10,20.01,-19.53,3.25,0.97
-19.10,20.01,8.47,3.45,0.59
0.00,20.01,20.01,3.49,-2.54
20.01,20.01,20.01,4.98,-5.00
20.01,13.89,20.01,4.99,-5.00
20.01,-13.61,6.28,4.99,-4.73
20.01,-20.01,-3.33,4.99,1.33
2.00,-11.18,7.85,4.11,4.95
-0.16,-19.73,-4.59,-4.27,5.00
18.20,-13.57,-2.12,-5.00,4.20
19.85,10.20,8.28,-5.00,3.31
20.01,20.01,4.86,-4.96,4.08
20.01,6.35,20.01,-3.19,1.71
20.01,20.01,4.47,-4.93,1.42
14.00,6.04,11.61,-0.36,-2.00
-2.63,5.41,11.02,-0.31,-2.75
-10.43,7.22,9.49,-1.44,-3.34
-15.77,2.90,3.33,-1.87,-4.03
-13.14,10.79,-10.43,-1.96,-1.65
-15.85,12.71,-20.01,0.42,-0.82
-20.01,8.79,-9.65,3.13,-1.38
-18.79,20.01,7.06,2.92,-1.61
-7.49,20.01,19.93,2.33,-2.96
13.57,20.01,20.01,1.61,-3.75
20.01,20.01,20.01,4.71,-3.14
20.01,9.06,5.14,4.99,-1.05
20.01,-19.50,-3.45,4.99,0.14
3.26,-14.71,19.93,4.76,2.02
12.16,-19.89,4.35,1.02,3.18
6.79,-20.01,-1.29,-2.60,2.17
5.30,-6.63,2.16,-4.97,1.56
13.96,9.77,-3.30,-5.00,2.09
20.01,20.01,20.01,-5.00,4.94
20.01,20.01,-9.02,-4.88,3.43
17.57,-0.90,13.22,-0.84,-1.78
-6.24,19.97,15.57,-2.01,-1.97
-11.41,12.20,4.24,-1.95,-1.86
-13.81,-5.22,-0.24,-0.88,-3.73
-20.01,4.08,-7.92,-0.24,-2.68
-20.01,4.16,-10.98,2.30,-4.60
-20.01,0.59,0.39,4.12,-4.96
-17.93,20.01,20.01,2.38,-3.61
20.01,20.01,20.01,-2.12,-1.91
20.01,20.01,12.98,4.82,-3.78
20.01,5.18,-6.90,4.99,0.06
20.01,-2.82,-15.26,4.99,0.72
15.93,-0.63,-8.28,4.97,2.37
2.20,-6.20,-7.77,-2.05,3.58
2.94,-11.22,-6.04,-5.00,2.94
2.67,-4.12,-7.81,-5.00,1.82
13.14,5.53,-1.18,-5.00,3.00
20.01,20.01,20.01,-5.00,2.37
20.01,20.01,-0.24,-2.58,3.46
14.98,-2.86,5.69,0.45,-1.49
-8.90,15.46,11.45,0.06,-1.08
-6.75,15.89,7.69,-0.94,-0.48
-10.16,7.30,1.49,-0.21,-0.94
-20.01,4.63,-13.89,1.99,-0.71
-20.01,-7.77,-20.01,4.99,-3.50
-20.01,-0.51,-6.83,4.99,-1.87
-18.95,10.87,16.44,4.99,-1.13
12.59,20.01,20.01,0.19,-0.01
20.01,20.01,20.01,-1.88,-0.35
20.01,11.49,7.45,4.73,-0.35
20.01,-3.57,-4.75,4.99,-0.92
9.02,-5.92,-11.22,4.99,-1.02
-0.24,-6.00,-7.73,3.46,-1.25
-1.80,-7.02,-6.55,-2.62,-0.01
2.39,-8.16,-6.32,-4.99,0.71
-2.20,-2.28,2.28,-5.00,1.13
20.01,20.01,13.53,-5.00,4.14
20.01,20.01,3.10,-2.34,4.46
7.73,-1.10,10.00,1.07,-0.18
-10.75,18.24,12.24,0.96,0.52
-13.26,11.30,1.61,-0.04,-0.60
-18.63,3.45,-13.06,0.43,-1.61
-18.79,-0.27,-20.01,2.24,-2.14
-19.26,-1.02,-13.77,2.74,-1.70
-17.38,4.94,-0.24,2.17,-0.27
-7.14,18.55,20.01,-0.22,0.04
20.01,20.01,20.01,-1.26,0.60
20.01,17.93,15.65,4.47,-1.70
10.36,2.51,4.43,4.99,-1.83
9.96,3.10,-3.88,4.99,-1.52
4.79,-8.16,-11.77,4.85,-0.32
-1.73,-9.22,-7.49,2.95,0.49
-0.86,-11.69,-1.61,-1.14,0.29
0.35,-6.39,-4.04,-4.37,0.51
2.67,-2.31,-2.00,-5.00,0.50
20.01,17.77,15.30,-5.00,1.16
20.01,20.01,7.57,-3.72,4.90
20.01,10.40,7.49,-0.62,1.25
0.55,7.65,8.63,1.05,-0.38
-7.61,14.98,8.55,0.38,-1.32
-5.49,9.02,2.71,-0.32,-1.54
-8.67,6.51,-3.22,-0.94,-1.40
-10.71,7.18,-10.51,-0.31,-0.82
-10.90,4.31,-15.14,0.95,-0.17
-13.38,0.12,-11.69,3.05,-0.18
-15.30,0.27,-2.43,2.74,-0.73
-19.18,5.33,11.18,2.02,-0.50
1.69,18.83,20.01,-0.87,0.04
16.87,20.01,20.01,-0.21,-0.12
20.01,20.01,12.08,1.09,-0.69
20.01,7.41,3.41,4.25,-1.65
12.59,6.51,-1.53,4.53,-0.68
10.55,3.14,-8.08,4.56,0.11
7.22,1.02,-11.38,4.25,1.82
2.00,1.53,-8.32,3.24,2.05
0.27,-3.57,-2.43,1.47,1.32
-0.98,-6.55,-5.14,-1.76,0.85
1.37,-4.98,-7.10,-2.84,0.93
0.71,0.12,-0.82,-3.78,0.90
18.83,19.65,20.01,-5.00,1.03
20.01,20.01,7.65,-5.00,4.92
20.01,3.06,2.04,-2.97,2.02
18.16,7.81,6.79,-1.51,0.97
6.55,20.01,12.32,-0.86,0.92
3.26,18.63,7.73,-0.72,1.13
-0.75,5.69,4.35,-0.40,0.88
-4.59,2.86,1.18,-0.62,0.48
-6.63,6.35,0.16,-0.47,-0.14
-8.51,8.00,-1.10,0.20,-0.16
-8.51,6.00,-2.43,1.15,-0.38
-9.06,2.08,-1.14,2.46,-0.86
-7.14,2.94,3.26,2.60,-0.82
-2.43,12.28,20.01,2.23,-0.77
20.01,20.01,20.01,0.77,-0.80
20.01,20.01,16.63,3.10,-2.70
20.01,4.75,7.06,3.85,-3.10
16.55,6.86,4.04,4.19,-2.64
11.77,6.28,0.98,4.12,-2.02
8.20,2.24,-1.14,3.94,-1.35
5.30,0.00,-1.88,3.68,-0.76
3.84,-0.39,-2.94,3.57,-0.53
2.51,-0.94,-2.98,3.28,-0.25
1.41,-0.94,-1.65,2.85,-0.16
0.39,1.96,3.14,2.33,-0.30
-1.96,6.43,7.73,0.32,-0.08
10.24,16.40,7.34,-2.75,3.54
10.71,20.01,5.88,-2.64,4.81
14.24,9.06,1.14,-1.82,4.11
12.83,4.20,-0.20,-2.27,3.18
12.55,11.38,4.12,-2.09,2.43
7.14,15.26,5.26,-1.07,2.19
4.35,9.34,2.47,-0.61,2.44
1.53,4.79,-0.12,-0.34,2.14
0.43,4.75,-1.14,0.02,1.41
0.00,5.92,-0.24,0.66,0.78
-0.86,7.45,1.49,1.01,0.46
-0.98,6.94,2.35,1.28,0.01
0.55,5.84,4.00,1.33,-0.16
9.45,8.75,10.43,0.88,0.06
16.91,13.02,8.94,0.51,-0.48
16.04,8.16,9.02,1.44,-0.83
17.57,5.18,5.69,1.51,-0.79
12.63,5.77,3.69,2.26,-1.26
7.96,4.04,1.29,2.55,-1.49
6.12,2.59,1.10,2.73,-1.57
5.65,2.16,2.43,2.66,-1.60
5.92,3.65,3.69,2.37,-1.57
7.41,4.35,4.47,1.93,-1.43
9.41,4.43,5.30,1.39,-1.19
10.32,4.04,3.84,1.03,-1.01
10.94,2.90,2.94,0.75,-0.62
10.47,3.49,2.79,0.46,-0.15
10.71,5.37,3.37,0.17,0.24
11.96,7.61,3.10,-0.37,0.96
9.69,7.61,0.12,-0.48,1.91
8.04,5.69,-2.31,-0.12,2.16
8.94,4.98,-1.77,-0.49,1.99
10.55,5.14,-0.71,-0.79,1.78
9.77,5.30,0.31,-0.80,1.75
7.10,4.90,0.08,-1.01,2.10
5.61,4.90,-0.75,-1.16,2.04
5.18,4.35,-0.51,-1.25,1.80
5.96,4.28,-0.27,-1.20,1.36
6.32,4.71,-0.04,-1.07,1.17
6.94,5.45,0.27,-0.77,1.04
7.81,6.12,0.31,-0.51,0.86
8.59,6.20,0.24,-0.28,0.59
7.88,5.53,0.20,0.12,0.09
8.00,6.39,1.14,0.33,-0.14
8.75,7.14,1.73,0.53,-0.28
9.96,6.63,2.08,0.98,-0.62
11.77,6.43,2.86,1.10,-0.75
13.53,6.51,2.63,1.23,-0.94
13.96,5.77,3.18,1.62,-1.07
13.85,4.71,2.90,1.79,-1.14
12.98,4.12,2.94,2.21,-1.26
11.18,3.53,2.04,2.73,-1.47
8.12,2.59,1.06,3.07,-1.60
5.77,1.73,0.75,3.37,-1.76
4.31,2.16,1.57,3.53,-2.00
3.65,3.30,2.43,3.42,-2.09
4.47,3.88,2.94,3.24,-2.15
5.02,5.06,4.16,3.06,-1.76
5.53,6.47,4.86,2.69,-1.49
6.94,6.32,5.10,2.26,-1.04
7.57,6.47,4.86,1.97,-0.68
7.61,8.16,4.43,1.73,-0.50
7.30,8.87,3.65,1.51,-0.07
8.28,11.34,4.59,1.22,0.57
8.16,12.47,0.63,0.89,0.98
6.00,8.55,1.06,1.21,0.87
7.65,6.55,1.80,0.80,0.56
8.12,8.08,1.65,0.53,0.21
6.16,8.55,1.53,0.52,-0.14
4.08,6.51,0.20,0.37,-0.26
2.51,5.26,-0.67,0.02,-0.45
1.65,4.82,-0.82,-0.05,-0.41
1.10,4.71,-0.16,0.06,-0.21
0.86,6.24,1.22,0.01,-0.13
1.65,8.04,0.98,-0.22,-0.44
2.59,8.36,1.22,-0.32,-0.38
3.41,9.14,0.67,-0.30,-0.24
2.82,9.53,-0.59,0.12,-0.15
1.65,10.32,0.31,0.32,0.08
2.39,11.77,1.73,0.37,0.18
2.82,12.91,1.77,0.66,0.06
4.20,15.26,5.37,0.62,0.17
6.98,13.77,5.14,0.65,0.44
5.81,11.26,5.77,0.83,0.14
5.96,12.20,5.73,0.70,0.08
4.31,11.38,4.55,0.81,0.52
5.96,8.20,2.31,0.90,0.50
5.02,6.24,-0.24,1.24,0.14
3.41,4.20,-1.33,1.47,-0.05
2.71,1.49,-2.12,1.56,-0.17
0.90,5.88,-1.45,1.41,-0.27
1.14,7.37,0.12,1.10,0.05
2.55,8.16,0.27,0.81,0.22
2.43,8.39,1.45,0.50,0.36
3.49,7.34,1.26,0.01,0.22
5.18,7.53,1.65,-0.20,0.40
6.51,9.14,0.20,-0.37,0.58
6.90,10.87,-0.55,-0.25,0.48
7.30,12.71,3.26,-0.37,0.43
10.71,17.34,1.26,-0.88,1.08
6.28,3.92,-2.71,-0.07,1.01
7.81,10.24,2.24,-0.69,-0.01
9.14,12.67,2.98,-0.49,0.03
4.86,7.69,-0.08,-0.58,0.22
3.45,5.30,-1.53,-0.65,0.04
1.26,5.92,-1.69,-0.53,-0.18
1.10,6.16,-1.61,-0.39,-0.29
1.06,6.08,-0.78,-0.09,-0.29
1.29,6.86,-0.47,-0.06,-0.32
2.43,7.88,-0.71,-0.06,-0.28
4.28,8.00,-1.45,0.03,-0.29
3.57,7.14,-0.71,0.23,-0.15
3.53,8.16,-0.82,0.25,-0.12
4.04,9.57,0.59,0.39,-0.04
4.51,13.06,4.04,0.43,-0.10
7.81,17.77,6.00,0.22,0.32
7.92,11.45,5.61,0.41,0.82
9.22,11.49,4.12,0.40,0.47
8.47,11.38,3.49,0.68,0.29
6.39,11.06,2.24,1.02,0.13
4.28,10.47,0.24,1.34,0.16
2.12,6.51,-1.57,1.58,0.33
1.14,2.90,-1.80,1.68,0.36
1.10,3.37,-1.18,1.49,0.25
0.86,5.14,-0.08,1.23,0.19
0.86,5.84,0.43,0.67,0.23
4.98,6.51,0.86,0.22,0.33
6.24,5.84,0.90,0.18,0.51
7.06,4.43,0.43,-0.14,0.77
8.39,8.20,1.02,-0.33,0.77
9.69,10.28,1.22,-0.17,1.07
8.16,10.04,-0.08,0.06,1.07
11.22,11.34,1.65,-0.07,1.00
12.67,4.63,2.67,-0.10,1.30
12.40,5.02,4.04,-0.55,0.59
12.43,7.65,4.39,-0.81,0.14
8.59,5.02,2.16,-0.42,-0.35
5.49,5.53,0.78,-0.40,-0.70
3.61,6.63,0.24,-0.34,-0.82
1.41,6.04,-0.31,-0.24,-0.93
0.27,5.26,-0.55,-0.19,-1.04
0.31,4.00,-0.94,-0.19,-0.93
1.22,4.16,-1.61,-0.29,-0.49
3.10,7.65,-1.77,-0.21,0.03
4.16,11.06,0.71,-0.26,0.23
6.08,9.18,-0.04,-0.44,0.30
8.90,7.69,0.43,-0.01,0.15
9.10,9.49,2.59,0.25,-0.09
9.18,10.00,3.14,0.47,-0.43
8.39,11.38,4.00,0.64,-0.45
9.38,9.22,3.49,0.59,-0.04
7.61,7.37,4.51,0.47,0.29
8.75,10.59,5.49,0.30,0.54
8.04,9.89,4.71,0.45,0.67
7.10,7.41,2.47,0.55,0.48
5.84,6.55,0.90,0.72,0.21
4.67,3.53,-0.75,1.12,-0.25
3.37,1.80,-1.49,1.40,-0.51
2.79,2.51,-1.96,1.36,-0.58
2.35,4.04,-1.96,1.06,-0.56
3.49,6.67,-0.47,0.62,-0.42
5.22,8.00,0.71,0.28,-0.15
5.37,8.67,0.43,-0.01,0.25
6.12,8.79,1.26,-0.46,0.29
9.34,10.63,2.16,-0.83,0.46
10.79,9.85,2.08,-0.65,0.83
10.94,12.63,4.71,-0.86,0.98
12.16,8.94,1.84,-0.83,1.04
9.65,4.16,2.12,-0.72,0.40
9.69,6.32,3.37,-1.23,-0.22
8.59,9.69,3.22,-1.18,-0.23
7.18,6.00,1.53,-0.88,-0.05
4.47,2.86,-0.04,-0.97,-0.50
3.57,2.24,0.00,-1.02,-0.91
1.37,3.06,-0.20,-0.85,-1.05
0.98,4.00,0.39,-0.86,-1.03
2.08,7.18,1.06,-0.93,-1.03
2.71,8.90,1.33,-0.75,-0.99
4.43,9.45,1.10,-0.53,-0.84
5.14,10.12,0.90,-0.32,-0.47
4.35,9.18,0.75,0.11,-0.11
4.90,8.28,1.57,0.18,0.03
7.37,9.65,2.79,0.25,0.19
8.67,13.26,6.51,0.47,0.27
10.59,13.02,5.81,0.49,0.66
8.79,8.12,5.57,1.15,0.54
9.26,11.10,5.26,1.03,0.44
7.61,9.57,3.96,1.21,0.37
6.98,8.04,2.28,1.21,0.34
5.53,5.30,0.63,1.39,0.52
3.06,2.39,-0.86,1.33,0.34
2.20,4.43,-0.90,1.28,0.06
1.10,3.53,-1.02,1.08,0.12
0.55,3.45,0.12,0.73,0.22
2.47,7.02,0.71,0.38,0.32
5.26,6.04,1.10,0.36,0.39
4.28,6.98,2.12,-0.08,0.39
5.65,11.14,3.26,-0.13,0.06
8.55,8.00,3.61,-0.03,-0.05
2.90,12.20,-0.71,0.19,0.24
-19.57,15.34,-0.75,-0.45,-0.42
5.26,18.40,-0.75,0.05,-2.55
16.20,8.32,4.28,-0.09,4.12
9.22,-11.77,16.28,0.02,0.65
12.24,10.71,-2.04,-3.00,-1.50
8.12,10.36,-2.82,-0.98,-1.75
4.43,6.35,-1.37,-0.46,-1.64
2.43,5.53,-0.78,-0.65,-1.43
0.98,4.31,-2.24,-0.98,-0.92
0.04,5.33,0.12,-0.98,-1.11
0.35,5.22,0.82,-1.21,-1.24
0.98,5.73,-1.41,-1.44,-1.27
3.88,14.40,-3.10,-1.10,-1.14
3.26,14.59,-2.12,-0.35,-0.53
2.82,13.34,-4.63,0.49,-0.33
4.20,13.26,-1.96,0.64,-0.22
2.31,10.75,-1.26,0.88,-0.06
2.63,12.94,0.78,0.72,-0.32
6.16,15.14,3.33,0.89,-0.15
4.04,12.75,3.77,1.21,0.37
4.94,10.24,2.63,1.10,0.24
5.02,13.14,3.30,1.04,0.22
5.10,12.32,3.30,1.08,0.34
4.24,9.89,1.18,1.39,0.45
1.65,5.77,-0.82,1.58,0.27
1.10,3.14,-0.86,1.60,0.06
0.47,1.77,-1.73,1.25,-0.24
0.63,3.30,-0.04,1.13,-0.33
1.06,4.75,0.82,0.86,0.12
4.04,7.45,-0.24,0.43,0.17
4.28,9.77,-0.43,0.36,0.01
2.55,9.26,0.86,0.43,0.20
3.73,12.59,0.51,0.20,-0.23
3.41,13.45,-1.41,0.36,-0.49
2.08,13.02,-2.35,0.16,-0.27
3.73,16.36,1.57,-0.62,0.05
6.39,15.61,2.35,-0.59,0.10
4.94,11.18,3.02,-0.01,-0.08
4.67,9.89,2.90,-0.33,-0.53
3.80,8.47,1.88,-0.70,-0.71
2.28,8.79,0.27,-1.17,-1.05
1.84,6.39,0.31,-0.98,-1.00
-0.55,5.92,-0.43,-0.84,-1.04
-0.51,3.96,-3.22,-0.65,-0.81
-1.29,4.00,-2.90,-1.06,-0.91
-0.04,7.49,-1.84,-1.19,-0.66
1.61,11.53,-2.71,-1.20,-0.21
0.86,8.36,-1.14,-0.53,0.25
1.37,8.71,-1.18,-0.51,0.25
2.00,10.75,-0.47,-0.37,0.38
1.10,14.32,-1.57,-0.09,0.33
2.47,17.93,-1.96,0.38,0.12
0.27,12.24,0.20,0.97,0.54
1.92,14.32,0.98,0.53,0.42
3.45,17.89,1.22,0.21,0.27
2.82,15.65,2.04,0.67,-0.01
2.59,12.04,1.41,0.73,-0.21
1.88,8.94,1.22,0.99,-0.20
1.26,5.61,-0.94,1.29,-0.15
1.14,2.79,-1.57,1.34,-0.09
2.08,0.31,-3.33,1.07,-0.07
0.04,3.53,-1.80,1.03,-0.28
-0.16,4.12,-2.71,0.88,-0.36
1.10,7.81,-6.00,0.65,-0.48
1.49,9.65,-4.12,0.70,-0.26
-1.92,8.47,-3.57,0.69,-0.33
-14.91,17.02,1.69,1.71,-1.67
-2.59,3.88,-4.67,0.89,-4.47
5.53,-9.45,-5.84,-4.20,3.80
6.83,20.01,10.16,-0.89,1.35
-4.04,14.95,4.04,2.04,0.72
1.77,11.89,-2.82,1.81,0.01
-1.02,16.95,-3.33,0.30,-0.65
4.94,16.67,-1.18,-0.90,-0.52
0.59,7.22,-2.98,-1.84,-0.39
1.88,6.00,-2.28,-2.82,-0.64
0.63,4.39,-1.73,-2.87,-0.21
0.55,5.14,-0.78,-2.75,0.01
-0.55,5.14,-0.78,-2.05,-0.07
-0.67,3.37,-1.73,-2.01,-0.12
-0.59,6.24,-1.84,-1.72,-0.03
0.47,10.47,-0.90,-1.12,-0.02
-5.57,11.10,-0.94,-0.40,0.32
-0.67,11.61,-0.94,-0.37,0.69
-1.41,13.57,-2.00,0.29,0.74
-0.51,13.34,-2.98,0.64,0.13
-1.61,12.98,-3.30,0.88,0.03
-1.18,14.59,-3.02,0.61,0.82
2.00,15.14,-2.59,0.10,1.38
4.04,17.77,-2.00,0.95,0.67
1.65,12.59,-2.00,1.77,0.28
1.88,9.49,-3.22,1.68,0.24
3.10,7.26,-4.55,1.51,0.61
1.53,5.65,-3.92,1.87,0.62
1.41,3.80,-4.51,1.65,0.38
0.98,4.28,-3.84,1.34,0.05
1.37,1.65,-3.96,1.25,-0.12
2.08,1.26,-4.98,1.35,0.14
3.49,6.79,-5.57,2.03,-0.10
5.30,7.81,-7.92,2.67,-0.06
5.41,8.16,-9.10,2.27,0.02
7.06,8.24,-8.90,1.55,-0.48
5.45,6.98,-8.75,0.92,-0.24
4.98,5.02,-9.85,-0.78,0.09
9.30,5.73,-8.79,-1.36,0.88
8.90,6.35,-9.14,-1.39,1.71
7.69,6.79,-7.73,-1.06,1.87
8.90,7.88,-6.83,-0.57,0.79
8.32,6.94,-6.51,-0.28,0.40
4.24,6.39,-4.79,-0.16,0.06
1.29,2.51,-3.77,-0.49,0.03
-0.24,5.18,-3.10,-0.72,0.05
-2.35,2.59,-3.57,-0.93,-0.04
0.63,2.63,-3.65,-1.25,-0.11
1.26,4.08,-4.16,-1.00,-0.31
2.12,6.59,-6.43,-0.32,-0.13
4.12,4.31,-8.12,-0.12,-0.55
3.18,8.43,-7.10,-0.18,0.22
5.37,10.67,-7.02,-0.32,0.78
4.59,10.79,-6.75,-0.04,0.64
3.57,9.65,-3.96,0.03,0.47
2.16,12.28,-2.08,0.39,0.92
5.57,14.98,0.24,0.34,0.44
7.96,12.47,-1.84,0.97,0.14
6.67,13.10,-2.04,1.07,-0.20
7.26,12.32,-0.24,0.84,-0.02
3.96,9.10,-0.39,0.87,-0.03
4.75,7.41,-0.31,0.62,-0.26
4.86,4.00,-2.79,1.02,-0.32
2.43,0.63,-4.28,1.43,-0.02
3.22,2.00,-2.79,0.90,0.69
2.55,2.04,-2.94,1.43,0.84
1.33,0.43,-4.51,1.81,0.73
5.14,7.34,-5.14,0.56,1.61
7.14,8.67,-4.20,0.42,1.93
9.34,11.57,-3.84,0.85,0.76
10.59,12.36,-3.77,1.19,-0.05
11.14,10.63,-4.67,1.40,-0.20
9.57,10.00,-4.94,1.45,0.11
7.49,6.83,-5.30,0.40,0.42
10.24,6.16,-3.57,-0.82,0.92
10.94,7.26,-2.98,-0.75,0.57
11.14,5.33,-2.24,-1.23,0.93
7.77,4.47,-2.67,-1.21,1.45
6.43,3.92,-2.31,-1.16,0.86
3.18,2.31,-3.02,-0.71,0.48
0.31,2.86,-3.84,-1.29,0.44
-3.02,8.08,-2.59,-2.06,-1.27
3.30,10.32,-1.49,-2.39,-4.32
6.32,-4.16,-6.63,-0.82,-3.59
0.47,1.33,-10.16,-1.57,-0.09
8.28,7.61,-6.47,-2.22,0.40
4.43,5.02,-5.69,-0.64,-0.17
4.04,6.32,-6.79,-0.37,0.24
5.06,11.34,-7.34,-0.47,0.44
5.57,11.89,-8.00,-0.24,-0.28
3.53,7.26,-8.83,0.38,-0.10
5.73,9.02,-9.53,0.01,0.35
7.41,12.94,-8.00,0.53,-0.36
4.82,12.47,-7.65,1.03,-0.92
4.90,11.06,-5.65,0.95,-1.20
3.61,8.39,-5.33,1.43,-1.76
2.08,0.90,-6.12,1.43,-1.58
2.71,1.14,-6.00,1.15,-1.11
1.84,1.61,-6.08,1.17,-1.01
2.43,0.20,-2.67,0.98,-0.92
0.78,2.43,-2.82,1.14,-0.58
2.86,7.26,-4.00,0.80,-0.33
3.18,5.88,-5.92,0.41,0.06
6.55,8.90,-6.00,0.11,0.27
6.32,8.90,-6.00,0.30,0.56
6.35,11.02,-4.63,-0.12,0.50
7.61,10.32,-4.24,-0.21,0.35
5.26,9.73,-4.79,0.34,0.54
6.75,12.63,-3.61,-0.64,0.64
8.08,11.92,-4.16,-0.75,0.42
7.57,8.79,-3.92,-0.86,0.35
7.34,8.12,-3.06,-0.73,0.42
5.10,5.45,-2.20,-0.95,0.40
4.67,5.69,-2.35,-0.38,0.30
1.02,4.12,-3.53,-0.16,0.23
-0.31,4.00,-2.71,-0.50,0.13
-0.86,3.06,-3.30,-0.80,-0.04
2.28,6.12,-4.20,-1.01,-0.20
1.96,5.61,-5.26,-0.77,-0.19
4.75,8.55,-5.14,-0.87,-0.03
3.92,11.10,-5.30,-0.33,-0.20
3.80,10.67,-5.10,-0.07,-0.55
2.55,10.36,-5.57,0.20,-0.89
5.22,11.45,-5.77,0.19,-0.90
2.35,12.98,-6.35,0.71,-0.68
7.37,15.34,-4.75,0.32,0.11
3.77,15.10,-3.96,0.75,-0.09
3.92,11.53,-3.18,0.81,-0.36
3.26,10.87,-3.45,0.86,-0.34
4.71,6.28,-2.20,1.03,-0.44
2.51,1.22,-3.96,1.94,-0.90
0.78,0.08,-4.24,1.70,-0.87
1.02,0.43,-2.94,1.25,-0.48
-0.71,2.79,-2.63,0.90,0.11
0.82,4.71,-2.79,0.43,0.60
3.80,7.49,-3.41,0.12,0.62
4.71,8.55,-4.67,0.11,0.85
5.30,10.40,-4.90,-0.02,0.76
5.14,14.08,-8.08,-0.51,0.34
6.24,9.34,-6.24,-0.73,0.26
7.22,14.59,-4.20,-0.22,0.30
5.84,13.42,-2.51,0.35,0.32
7.41,11.02,-2.67,0.32,-0.05
7.61,8.43,-5.10,0.15,-0.08
7.69,10.59,-3.22,-0.90,0.04
6.90,8.87,-2.16,-1.13,-0.24
3.30,6.94,-2.94,-0.81,-0.82
1.33,5.02,-0.43,-0.29,-1.41
1.57,5.02,-2.08,0.82,-2.07
1.69,1.57,-2.04,-0.03,-1.97
0.16,5.65,-0.71,-0.63,-1.01
-0.08,6.35,-2.28,-0.01,-0.65
-0.24,5.53,-4.00,0.39,-0.74
-0.16,7.02,-5.77,-0.29,-0.35
2.71,10.59,-3.77,-0.93,-0.22
1.18,12.32,-1.61,-0.76,-0.13
1.96,13.30,2.35,-0.28,0.37
0.55,16.36,-1.10,0.86,0.00
-2.63,15.89,-1.41,0.51,-0.15
1.73,14.71,1.61,-0.94,-0.02
1.80,15.49,2.63,-0.80,0.33
1.92,14.04,3.02,-0.60,0.34
1.02,10.24,2.47,-0.15,0.12
1.61,8.20,1.18,-0.35,0.07
1.18,5.69,-0.59,-0.49,0.09
1.06,4.35,-1.92,-0.97,-0.07
1.49,4.35,-1.49,-1.01,0.07
0.27,4.79,-0.75,-0.79,-0.06
0.16,5.96,-0.20,-0.83,-0.80
-0.27,5.61,-0.43,-0.80,-0.96
0.39,6.90,-1.37,-1.47,-0.17
4.43,12.83,0.12,-2.16,0.17
4.75,15.34,-0.08,-1.90,0.15
4.31,13.38,-1.18,-1.67,-0.26
2.94,12.24,-2.16,-1.18,0.05
2.00,12.24,-2.31,-1.90,0.65
7.34,16.36,-1.29,-2.18,0.57
5.49,13.42,-2.24,-1.36,-0.08
4.04,12.24,-1.73,-1.17,-0.19
3.02,10.98,-2.08,-1.71,0.23
1.22,8.43,-1.37,-0.73,-0.48
-0.94,7.10,-0.35,-0.69,-1.14
-1.57,3.18,-0.20,-0.94,-1.54
-2.31,2.90,-0.47,-1.00,-1.73
-1.57,3.73,-0.82,-1.35,-1.45
-2.71,6.20,-0.94,-1.15,-0.77
-3.33,8.20,-2.12,-0.85,-0.25
-2.43,11.73,-1.02,-0.54,0.15
-2.59,13.85,-2.47,-0.18,0.26
-0.24,13.81,-0.35,0.12,-0.01
-0.35,13.77,-1.02,0.71,-0.16
0.63,16.79,-1.41,1.30,0.02
1.14,18.83,-2.43,1.29,-0.05
0.47,15.06,-0.78,1.30,0.13
1.02,15.06,0.31,1.78,-0.82
0.51,9.89,1.37,2.14,-0.29
-0.86,7.81,0.43,2.62,-0.20
-1.53,7.37,-2.08,2.53,-0.54
0.71,2.35,-0.82,3.23,0.12
0.94,4.28,-1.96,3.18,0.61
-0.59,5.10,-5.69,1.61,0.29
0.90,5.73,-4.28,1.39,0.47
1.45,5.88,-1.45,1.91,0.75
-0.04,7.77,-3.02,0.91,0.46
-0.90,11.53,-0.78,0.87,0.12
0.39,12.79,-1.84,-0.24,0.41
2.16,14.51,-2.35,-0.80,0.75
1.80,13.93,-2.00,-0.93,0.88
2.90,15.65,0.00,-0.82,0.54
4.39,17.97,2.24,-1.22,-0.12
3.41,15.22,-0.04,-1.78,-0.20
4.00,11.73,-0.71,-1.34,-0.28
2.31,11.10,-0.51,-0.64,-0.69
0.51,9.34,-0.35,-0.19,-0.74
-1.61,6.59,0.47,-0.48,-1.01
-1.84,4.79,1.02,-1.46,-1.23
-0.75,3.61,-1.92,-1.80,-1.32
-0.59,3.69,-2.16,-0.95,-1.25
-1.10,4.71,-0.39,-0.68,-1.14
-2.55,7.57,-0.86,-0.88,-0.74
-3.26,9.89,-1.53,0.03,0.03
-3.26,12.91,0.71,0.70,0.86
-1.49,12.94,1.73,-0.22,1.49
-0.94,12.28,6.24,-0.01,1.00
0.08,9.45,6.51,0.01,0.92
1.41,10.87,8.24,1.42,1.63
0.00,12.24,8.32,1.92,2.65
-1.45,13.02,10.79,2.03,2.15
0.90,10.43,10.16,0.69,1.44
0.98,8.63,8.08,0.72,1.96
-0.98,6.24,5.41,0.63,1.85
1.69,0.86,3.53,0.35,1.17
2.98,-0.82,2.94,0.10,1.98
0.47,3.02,1.92,0.68,2.17
0.94,4.20,2.82,0.15,2.02
0.43,4.16,2.75,0.39,1.57
0.31,4.47,4.00,0.60,1.41
-0.63,3.57,4.98,-0.31,1.40
2.16,3.96,7.81,-1.08,0.67
4.51,6.32,10.12,-0.86,0.29
7.34,5.37,12.28,-0.81,0.18
7.49,5.30,11.89,0.12,0.74
3.84,7.14,12.79,0.49,0.80
5.06,1.69,13.57,-0.50,-0.75
7.85,-0.71,11.77,-0.18,-0.84
6.16,3.53,11.02,0.18,-0.57
5.22,3.65,8.59,0.22,-0.72
3.65,4.12,7.10,0.40,-1.03
2.35,4.51,5.30,0.65,-1.67
2.75,-1.61,3.02,1.21,-1.06
-2.67,1.14,4.28,1.12,-0.32
-1.33,2.39,5.57,0.64,-0.49
-1.29,2.47,7.41,0.89,-0.18
-1.41,-0.55,5.33,1.27,0.08
-3.10,0.47,6.20,0.82,0.80
-1.14,2.55,10.32,0.13,0.59
0.39,3.84,14.67,0.07,0.57
0.51,1.45,14.28,0.25,1.30
1.96,-1.10,13.57,0.57,1.61
-0.67,-0.31,15.46,0.29,1.85
2.67,-0.75,15.61,-0.30,1.42
0.31,-1.65,13.14,0.42,1.73
-0.94,-0.94,11.73,0.42,2.09
-0.90,0.78,8.67,-0.35,2.02
2.16,-0.20,8.24,-0.26,1.14
1.84,0.94,4.98,-0.23,1.05
1.57,3.10,1.69,-0.67,1.34
1.84,0.78,0.94,-0.94,1.49
2.59,2.55,2.86,-1.02,1.24
4.55,2.90,4.98,-0.72,0.86
3.73,3.57,6.39,-0.71,0.92
4.43,2.67,8.16,-0.59,0.73
4.94,2.24,8.94,-0.58,0.65
6.04,0.04,11.18,-0.35,0.56
6.94,0.67,12.20,0.21,-0.10
5.22,-1.18,12.32,0.48,-0.30
5.69,-2.94,14.63,0.56,-0.74
4.94,-0.90,13.49,0.60,-1.21
3.41,-1.61,11.73,0.61,-1.25
3.69,-1.77,11.89,0.50,-1.31
2.86,-0.24,11.18,0.14,-1.13
1.84,0.47,8.63,-0.57,-0.77
0.67,0.75,5.84,-0.78,-0.61
0.82,1.29,3.88,-0.67,-0.73
0.55,2.31,2.94,-0.51,-0.64
0.98,2.12,2.79,-0.44,-0.53
2.24,1.57,3.37,-0.32,-0.42
3.22,0.59,5.14,0.10,-0.17
3.57,-0.63,6.98,0.41,0.11
3.33,-1.73,10.47,1.08,0.11
2.47,-0.75,13.53,0.99,0.47
2.55,0.55,12.75,0.29,1.04
2.16,-0.12,11.41,-0.02,2.19
3.61,-5.37,13.89,0.21,2.16
3.45,-4.51,14.40,0.16,1.70
1.26,-2.94,13.38,0.56,1.07
1.49,-1.06,12.28,0.81,0.59
0.71,2.20,9.30,0.87,0.43
0.43,3.77,7.22,0.03,1.15
0.24,2.67,4.28,-0.49,1.66
1.33,0.98,2.90,-0.62,1.65
2.16,0.90,1.84,-0.24,1.35
3.02,0.12,2.90,0.10,1.08
4.04,0.04,4.35,0.22,0.62
4.39,0.12,7.77,0.47,0.53
5.26,-2.16,11.41,0.31,0.64
6.24,-4.43,13.89,0.09,0.38
5.61,-3.45,14.04,-0.16,-0.06
5.84,-2.59,12.36,-0.36,-0.16
4.94,-5.30,14.00,0.29,-0.54
4.20,-4.55,16.79,0.61,-1.30
2.82,-2.39,14.47,0.23,-1.33
2.20,-2.20,11.92,0.12,-1.14
1.96,-2.63,11.49,0.50,-1.13
1.65,-1.57,11.92,0.42,-1.24
0.59,0.24,8.47,-0.62,-0.99
-0.43,1.10,4.24,-1.72,-0.43
-0.43,-1.10,1.61,-1.80,-0.26
0.20,0.63,0.24,-0.73,-0.55
0.82,1.65,-0.04,-0.31,-0.74
1.02,2.94,1.41,0.25,-0.36
1.22,1.26,2.63,0.36,0.12
1.53,-0.63,5.45,0.56,0.59
1.18,-4.67,12.59,1.79,0.58
1.84,-1.14,14.98,1.41,0.36
1.45,0.67,13.22,0.72,0.92
2.00,-1.22,13.69,0.67,1.99
2.63,-5.02,16.95,0.75,2.16
2.55,-3.77,16.59,0.42,1.48
1.73,-2.28,14.95,0.37,0.76
1.22,-0.82,12.28,0.28,0.38
1.02,1.84,9.10,0.19,0.41
1.10,3.02,6.28,-0.42,0.98
1.53,1.88,3.22,-1.03,1.54
1.84,0.67,1.61,-0.82,1.52
2.90,-0.24,1.18,-0.17,0.98
4.43,-0.90,4.31,0.39,0.15
4.31,-1.26,5.18,0.35,-0.10
5.30,-0.51,9.14,0.48,-0.20
5.10,-3.88,10.47,0.55,-0.09
6.04,-4.94,15.77,0.43,-0.57
5.06,-3.77,15.10,-0.51,-0.48
3.65,-4.51,12.32,-0.75,-0.42
3.33,-6.12,15.97,0.37,-0.95
2.43,-4.24,16.28,0.33,-1.48
1.18,-2.75,14.55,0.17,-1.24
1.06,-3.26,11.57,-0.25,-0.78
0.75,-3.14,9.61,-0.04,-0.75
0.39,-1.80,8.04,-0.07,-0.89
0.20,-0.67,5.14,-0.55,-1.01
-0.39,0.86,3.69,-0.64,-0.87
-0.27,0.75,2.31,-0.54,-0.76
0.16,0.47,1.88,-0.39,-0.78
0.67,0.35,2.08,-0.13,-0.61
1.41,0.24,3.49,0.07,-0.40
0.86,-1.57,5.37,0.47,0.12
1.18,-4.82,9.02,1.09,0.30
1.10,-3.92,12.79,1.34,0.22
1.88,-2.90,11.85,0.51,0.66
1.65,-1.33,10.08,0.36,1.23
2.04,-2.67,12.59,0.89,1.64
4.31,-7.30,17.73,0.40,1.66
3.41,-6.94,16.95,-0.14,0.97
2.00,-5.61,13.85,-0.09,0.43
1.37,-2.16,10.98,0.22,-0.43
0.78,2.39,8.32,0.12,-0.55
0.47,4.16,6.32,-0.37,-0.05
0.86,2.59,4.31,-0.97,0.82
1.49,1.29,3.18,-0.97,0.95
2.00,0.67,3.02,-0.94,0.90
2.47,-0.59,3.33,-0.86,0.82
3.33,-1.29,4.67,-0.49,0.62
4.43,-2.20,6.47,-0.19,0.48
5.02,-3.37,8.55,-0.30,0.59
5.84,-7.30,11.30,-0.18,0.67
6.28,-8.28,12.79,-0.05,0.00
6.20,-5.41,9.77,-0.34,-0.46
5.22,-8.04,12.24,0.38,-0.61
5.22,-7.02,13.89,0.78,-1.34
3.37,-5.57,12.75,0.78,-1.51
2.43,-5.22,11.89,0.86,-1.51
2.12,-4.00,11.57,1.08,-1.69
1.06,-2.12,10.43,0.88,-1.67
0.12,0.00,8.55,0.39,-1.49
-0.75,1.41,5.53,-0.52,-0.97
-1.06,1.33,2.86,-0.76,-0.53
-0.63,0.47,1.77,-0.57,-0.43
-0.20,-0.08,1.84,-0.09,-0.35
-0.08,-1.22,3.30,0.57,-0.12
-0.27,-2.82,5.61,0.99,0.08
-0.31,-3.88,9.49,1.21,0.38
0.24,-2.98,10.00,0.94,1.20
0.75,-3.84,10.12,0.05,1.95
2.35,-5.77,13.26,-0.87,2.72
5.30,-7.26,16.55,-1.78,3.08
4.00,-10.40,10.63,-4.01,3.91
2.63,-15.18,6.90,-2.92,3.06
3.26,-14.91,4.63,-2.23,1.91
3.69,-10.24,5.84,-0.40,0.57
3.02,-5.22,5.84,0.05,0.17
2.24,-2.00,4.00,-0.19,0.19
2.35,-2.16,3.49,-0.64,0.18
3.06,-2.59,2.20,-0.86,0.15
3.92,-2.59,1.26,-0.81,0.16
4.98,-6.86,3.14,-0.57,-0.41
4.86,-6.12,0.24,-0.57,-0.58
6.71,-7.14,2.20,-0.18,-0.44
5.92,-10.04,2.31,-0.01,-0.09
6.00,-14.32,4.51,0.02,-0.11
7.65,-11.38,4.00,-0.11,-0.46
5.65,-15.61,4.43,0.10,0.07
5.41,-17.06,5.65,0.24,-0.30
4.94,-15.10,6.04,0.44,-0.58
3.84,-13.06,5.88,0.65,-0.64
3.18,-11.92,5.30,0.83,-0.74
2.94,-11.10,5.33,0.98,-0.92
2.79,-8.16,4.71,1.04,-1.43
2.08,-5.26,4.98,1.00,-1.89
1.65,-3.33,5.14,0.89,-2.07
0.82,-2.79,4.63,0.37,-2.07
2.24,-5.65,9.06,-0.21,-2.26
3.14,-2.31,8.36,-2.27,-2.25
0.82,-0.04,3.37,-3.78,0.31
0.94,-2.00,-4.16,-3.64,0.88
2.20,-5.53,-6.04,-1.87,-0.17
2.67,-4.43,-3.26,-0.16,-0.31
3.77,-4.51,-1.06,-0.11,0.33
4.08,-5.49,-0.47,0.42,1.60
5.96,-15.14,0.94,-0.94,2.22
6.47,-18.01,-0.86,-2.34,2.32
2.98,-17.61,-2.16,-1.56,2.95
4.24,-19.53,-2.04,-0.45,1.52
4.59,-13.42,-0.78,0.06,0.45
4.55,-7.49,-0.04,0.76,-0.25
3.80,-2.63,-0.27,0.92,-0.03
3.69,-3.30,0.08,1.23,0.28
5.14,-3.10,1.92,1.37,-0.10
5.33,-2.08,3.14,0.82,0.10
4.31,-3.96,1.29,0.28,0.43
7.18,-6.16,1.41,0.10,-0.09
7.14,-7.88,1.96,-0.43,0.39
7.30,-13.49,3.14,-1.07,0.64
7.26,-16.91,0.31,-2.20,0.49
8.43,-15.61,-2.98,-2.22,0.55
4.90,-17.10,-2.79,-1.22,0.63
4.43,-17.06,-3.57,-0.97,0.01
3.88,-15.57,-3.57,-0.64,-0.29
2.98,-14.55,-2.55,-0.22,-0.49
2.82,-11.45,-2.94,-0.03,-0.66
2.04,-9.45,-2.04,0.11,-0.69
1.73,-7.65,-1.61,0.09,-1.16
1.88,-5.37,-1.88,0.39,-1.55
3.69,-4.47,-1.33,0.81,-1.60
0.75,-4.20,0.90,1.08,-0.90
-0.82,-4.90,-0.35,0.87,-1.18
1.65,-4.43,-0.94,0.76,-1.97
2.94,-3.73,-0.12,0.82,-1.50
2.20,-5.69,0.94,0.96,-0.20
0.08,-8.83,2.75,0.69,0.47
3.73,-10.40,-0.12,-0.23,0.52
4.28,-8.71,0.98,0.22,0.85
5.10,-12.04,2.67,-0.06,1.47
11.38,-15.49,0.75,-1.41,2.19
4.71,-16.32,0.12,-1.75,3.84
2.31,-16.95,0.16,-1.36,3.47
0.47,-17.50,0.51,0.03,0.85
6.39,-9.49,2.20,0.74,-0.21
2.94,-7.22,3.92,0.75,-0.15
4.08,-4.67,2.63,-0.13,-0.48
3.61,-4.63,1.10,-0.25,-0.77
4.08,-3.18,1.10,-0.05,-1.01
5.33,-2.67,0.82,0.01,-0.79
5.22,-5.49,1.49,-0.00,-0.30
6.86,-6.67,3.45,0.24,-0.51
6.47,-6.43,3.65,0.05,-0.08
6.79,-8.98,3.73,0.20,0.33
7.14,-12.51,7.34,1.19,0.20
4.86,-13.18,9.34,0.74,-0.34
5.65,-14.75,10.94,0.90,-0.61
5.49,-10.79,12.08,0.95,-0.98
3.69,-8.24,11.06,0.87,-0.73
2.71,-8.20,10.16,0.95,-0.81
2.75,-5.49,9.57,1.29,-1.54
1.84,-2.82,9.89,1.38,-1.88
2.31,-1.06,10.40,0.63,-1.93
-0.94,-1.61,5.57,0.10,-2.20
-0.35,-0.04,5.26,-0.73,-2.28
0.59,1.53,5.81,-0.72,-1.97
1.14,2.39,7.10,-0.92,-1.04
-0.12,0.67,4.82,-1.54,-0.32
1.73,1.45,0.94,-1.75,-0.30
3.26,3.18,3.84,0.25,-0.34
2.71,3.88,7.92,0.83,0.07
4.12,6.00,6.28,0.44,0.11
5.45,2.31,6.51,1.12,0.74
6.32,1.26,9.45,2.34,-0.05
1.77,4.12,13.89,3.12,-0.33
-0.71,4.16,11.41,0.88,0.25
0.00,2.12,9.85,0.89,0.47
0.12,3.53,10.90,1.75,0.08
1.10,5.84,10.16,1.04,0.04
0.55,4.28,9.34,0.95,0.13
1.29,3.14,7.88,0.03,0.57
2.55,1.69,6.47,-0.66,0.61
2.82,2.35,5.88,-0.57,0.40
3.18,2.51,6.16,-0.37,0.31
3.53,3.77,6.90,0.05,0.21
3.77,3.14,7.57,0.27,0.28
3.10,3.22,9.34,0.61,0.45
1.96,3.10,9.92,0.62,0.38
0.39,3.80,10.63,0.61,0.32
0.00,2.98,7.61,-0.18,0.20
2.94,2.59,8.71,-0.07,-0.08
1.61,3.53,11.10,1.07,-0.17
0.86,3.80,10.12,1.12,-0.24
1.06,4.43,9.30,0.57,-0.42
0.71,3.49,8.63,0.34,-0.37
1.41,3.22,10.04,0.95,-0.37
0.75,3.61,10.20,1.22,-0.43
-0.75,4.28,9.41,0.81,-0.34
-1.02,3.88,8.39,-0.48,-0.11
-0.04,2.39,6.55,-0.75,0.00
0.00,3.02,6.75,-0.53,0.03
-0.20,3.45,7.14,-0.32,0.15
-0.82,3.33,6.94,-0.37,0.25
-0.20,3.77,7.65,-0.29,0.19
0.24,3.61,9.69,0.59,0.11
-1.88,4.47,10.63,0.67,0.00
-0.39,3.88,8.87,0.04,0.55
0.27,2.94,8.16,0.05,0.29
-1.65,3.96,9.89,0.73,0.31
-1.41,2.75,11.06,1.06,0.39
-1.10,2.39,10.83,0.85,0.41
0.47,0.39,9.14,0.37,0.43
0.98,1.69,9.69,0.25,0.24
0.94,1.22,9.61,0.03,0.51
0.75,-0.04,7.61,-0.68,0.53
1.77,-0.20,6.28,-1.17,0.37
2.04,-0.43,6.47,-0.91,0.28
1.61,0.82,7.65,-0.41,0.03
1.22,0.90,7.88,-0.01,0.03
1.29,1.73,9.41,0.50,0.66
1.61,1.10,11.53,1.06,1.27
0.63,-0.71,12.63,0.25,0.54
-4.43,-1.18,12.32,-0.19,-0.16
-3.10,-0.86,7.37,-1.20,-0.08
1.18,-1.80,7.34,-0.99,-0.16
-0.78,-0.98,10.08,0.33,-0.19
-1.37,-1.84,10.87,0.17,0.42
-1.18,-3.57,11.06,-0.17,0.41
-1.92,-3.02,8.75,-0.32,0.62
1.33,-4.08,7.85,-0.70,0.78
0.47,-3.02,9.22,0.08,0.38
-0.47,-3.41,9.38,0.07,0.25
-0.27,-4.86,9.26,-0.55,-0.08
-1.06,-4.24,5.84,-1.20,-0.29
-0.31,-4.55,6.59,-0.70,-0.35
-1.65,-3.45,8.83,0.29,-0.45
-1.73,-2.47,8.32,-0.73,-0.25
-0.51,-2.47,6.32,-1.01,-0.01
0.98,-5.10,8.67,0.13,0.09
-0.04,-7.37,12.40,-0.34,-0.51
-1.57,-2.35,10.20,-1.12,-0.35
1.53,-0.12,8.00,0.46,0.35
3.33,-6.94,10.47,1.30,0.54
5.45,-10.63,11.22,1.34,0.89
4.98,-10.04,10.24,2.02,0.54
-0.78,-1.73,7.61,3.09,0.37
2.00,-4.28,8.12,1.27,0.50
-0.78,-4.47,11.38,0.48,0.18
6.59,0.55,8.94,0.62,-0.35
0.90,-0.31,9.61,4.43,0.06
-2.90,-1.96,9.92,4.95,-0.75
-3.57,-1.18,5.88,3.63,-0.59
-4.43,-0.90,5.45,1.88,-0.99
-6.67,0.59,6.86,0.14,-1.23
-3.53,1.88,6.75,-1.52,-1.34
-3.84,5.77,14.32,-2.56,-1.90
-3.61,0.90,9.02,-2.06,-3.34
-2.12,1.49,11.41,-2.11,-4.01
2.08,1.06,12.67,-1.15,-4.98
3.73,-3.69,11.10,0.37,-4.71
2.04,-0.67,13.30,1.40,-3.74
2.12,1.65,12.00,2.46,-2.95
1.18,-3.10,9.61,2.70,-3.84
2.51,-3.06,8.32,3.08,-4.01
0.20,0.59,11.38,2.97,-3.39
-1.69,-2.16,12.79,0.49,-4.02
3.22,-4.35,10.63,0.24,-3.69
2.00,-1.73,9.14,1.88,-2.17
-0.04,-2.12,6.83,2.53,-1.85
-1.26,-1.92,6.08,2.57,-1.82
-3.06,1.10,5.61,1.35,-1.64
-4.08,0.35,7.26,0.53,-1.57
-5.92,-2.71,7.22,-1.06,-2.26
-2.47,-1.53,7.61,-2.00,-2.53
-0.59,0.43,9.89,-2.17,-2.18
-0.47,0.43,9.73,-2.28,-1.60
1.29,0.35,11.85,-2.47,-0.51
0.67,3.18,12.94,-1.64,-0.72
1.29,2.20,11.02,0.18,-1.33
-0.43,2.59,11.14,0.34,-1.47
-0.16,2.86,10.51,0.06,-1.63
-0.31,-0.55,8.28,-0.28,-2.03
1.37,-0.12,8.98,-0.98,-1.92
0.27,1.10,10.87,-1.64,-0.57
1.06,0.90,9.10,-1.43,-0.32
-0.08,3.57,11.26,-0.73,-0.34
-1.10,-2.28,10.40,-1.22,-1.04
3.33,-5.33,6.90,-1.63,-1.57
2.94,0.67,10.55,-1.39,-0.04
2.90,3.92,14.16,-1.91,0.20
3.41,-2.28,9.81,-0.72,-0.27
2.31,-0.39,9.77,1.48,-0.04
1.84,1.10,8.98,1.79,0.24
0.71,1.96,7.10,2.08,0.31
-1.73,-2.94,6.32,1.25,0.21
-2.82,1.02,9.49,0.06,0.39
0.08,-1.65,9.26,-1.18,-0.21
0.12,-0.24,9.85,-0.94,-0.24
0.00,-0.20,9.96,-0.84,-0.13
0.94,-2.00,9.06,-1.15,0.08
1.06,-1.49,11.02,-0.55,-0.12
-0.78,-1.61,12.20,-0.37,-0.04
1.37,-4.71,11.61,-0.92,0.65
3.84,-2.35,7.26,-2.14,0.71
3.33,-1.92,8.83,-1.21,1.83
2.35,-1.84,7.34,-0.57,2.30
2.82,-0.35,10.75,-0.65,2.21
4.28,-2.82,7.85,-1.06,1.65
4.51,-2.79,6.43,-0.31,2.07
2.63,-3.18,7.10,-0.16,2.46
2.51,-2.20,8.39,-0.57,2.00
-2.24,-0.94,9.38,-0.87,1.50
2.51,-0.31,8.71,-1.84,0.72
7.26,-0.59,10.40,-1.43,1.24
4.67,-1.10,8.28,0.76,2.58
2.12,-0.75,8.47,0.74,1.87
-0.12,-0.75,7.77,1.18,0.88
4.12,-3.06,7.65,0.35,-0.13
4.24,-1.41,8.59,-0.81,0.15
2.67,-0.08,9.02,-0.88,0.54
1.14,-1.92,7.37,-0.29,0.30
4.94,-1.41,8.08,-0.41,-0.71
4.08,-0.16,9.65,-0.80,0.31
3.02,-0.75,8.87,-0.32,0.25
2.86,-3.33,8.16,-0.08,0.19
4.98,-2.28,8.71,-0.42,0.15
5.14,-1.57,8.94,-0.53,0.57
5.41,-2.00,8.24,0.00,0.96
4.35,-2.82,8.79,0.61,0.43
4.16,-4.35,7.92,0.81,0.05
2.98,-2.90,7.96,0.36,0.36
2.71,-4.04,7.37,0.29,0.01
4.79,-3.45,8.67,0.68,0.04
3.77,-2.31,9.14,1.60,-0.36
2.71,-3.10,7.88,1.18,-0.26
3.26,-3.92,8.43,0.77,0.15
3.61,-3.30,8.83,0.83,0.71
3.30,-3.06,9.77,1.88,0.71
4.12,-5.22,8.87,2.49,0.83
-0.90,-4.16,8.16,2.61,0.76
-1.26,-4.12,8.71,0.77,0.29
0.31,-3.22,8.20,0.14,0.26
-0.12,-3.61,8.94,-0.09,0.70
-0.55,-3.96,8.16,-0.12,0.58
-0.82,-3.88,9.02,-0.45,-0.07
-0.78,-1.65,7.92,-0.76,0.49
0.20,-1.84,7.85,-1.07,0.84
0.00,-1.77,7.77,-0.70,1.65
-0.08,-3.49,8.75,-0.89,2.17
0.04,-8.04,10.04,-0.85,1.45
2.20,-2.55,8.63,-0.91,-0.57
3.41,-1.65,9.02,0.08,0.22
0.94,-2.39,9.18,0.91,0.61
-0.24,-4.12,9.10,0.83,0.73
0.55,-5.53,8.75,0.34,0.51
1.22,-3.69,8.94,0.21,0.16
-0.63,-2.98,8.75,0.55,0.41
-1.92,-4.47,8.39,0.37,0.46
-0.75,-4.28,8.83,0.06,0.36
0.86,-2.82,8.90,0.16,0.35
0.20,-2.31,8.63,0.59,0.69
-1.26,-4.12,8.55,0.41,0.77
-0.12,-3.61,8.94,0.07,0.24
-0.12,-2.24,8.90,0.15,0.21
-0.86,-2.98,8.59,0.22,0.33
-0.75,-3.49,9.02,0.11,0.21
-0.08,-2.43,9.18,0.07,-0.02
-0.63,-2.67,9.14,0.29,0.14
-0.71,-4.04,8.94,0.40,0.31
-1.18,-3.77,8.90,0.45,0.11
-1.06,-2.16,9.14,0.38,0.06
-1.29,-3.41,8.83,0.42,0.45
-1.69,-4.04,8.83,0.39,0.43
-1.26,-2.90,9.30,0.26,0.12
-0.98,-2.82,8.98,0.39,0.37
-1.92,-4.00,8.75,0.53,0.55
-2.00,-4.47,8.87,0.57,0.55
-2.24,-4.00,8.63,0.56,0.52
-2.71,-4.55,8.55,0.56,0.54
-2.39,-5.06,8.59,0.42,0.41
-2.39,-4.12,8.83,0.48,0.32
-2.82,-3.49,8.71,0.53,0.37
-2.71,-4.16,8.47,0.52,0.32
-2.86,-4.63,8.47,0.52,0.44
-2.94,-4.08,8.47,0.48,0.44
-2.86,-3.77,8.24,0.50,0.46
-3.10,-4.04,8.20,0.60,0.68
-4.08,-4.04,7.81,0.78,0.72
-4.63,-3.49,7.61,0.62,0.57
-4.90,-3.80,7.73,0.43,0.48
-4.67,-3.88,7.73,0.28,0.54
-4.39,-3.96,7.37,0.29,0.42
-4.98,-3.45,7.06,0.29,0.25
-4.98,-2.63,7.10,0.11,-0.15
-4.47,-3.33,7.10,-0.06,-0.29
-4.51,-3.26,7.41,-0.09,-0.38
-4.08,-3.88,7.18,-0.21,-0.65
-4.00,-5.02,7.61,-0.27,-0.46
-3.88,-4.90,7.88,-0.23,-0.35
-3.33,-5.53,7.81,-0.18,-0.15
-3.26,-5.81,7.69,-0.03,0.25
-3.77,-5.73,7.65,0.03,0.63
-4.04,-5.77,7.88,-0.01,0.95
-4.31,-5.30,7.57,0.03,1.43
-4.47,-5.61,7.65,-0.04,1.73
-4.86,-5.14,7.30,0.18,1.63
-6.12,-4.67,7.61,0.33,1.18
-6.12,-3.92,7.37,0.23,0.45
-5.22,-3.41,7.22,-0.11,-0.06
-4.94,-3.92,7.02,-0.13,-0.23
-4.94,-4.24,7.10,-0.20,-0.24
-5.02,-3.45,7.02,-0.32,-0.41
-4.82,-3.73,6.90,-0.51,-0.30
-4.24,-4.43,6.94,-0.57,-0.07
-3.53,-4.31,7.22,-0.48,0.19
-3.84,-5.26,7.57,-0.34,0.53
-5.30,-6.20,7.49,-0.03,0.77
-5.02,-5.18,7.45,-0.17,0.44
-3.77,-4.59,7.69,-0.26,0.32
-4.71,-5.30,7.69,0.02,0.56
-4.51,-4.94,7.49,-0.00,0.50
-5.14,-4.31,7.65,-0.06,0.30
-3.84,-4.28,7.18,-0.15,0.75
-5.26,-5.02,7.73,0.21,1.11
-4.90,-5.06,7.53,0.13,1.13
-4.51,-3.37,7.37,0.17,0.72
-4.63,-3.61,7.18,0.47,0.83
-5.49,-3.73,7.37,0.61,1.02
-5.96,-3.14,7.61,0.48,0.95
-6.16,-2.82,7.61,0.48,0.42
-5.18,-3.22,7.14,0.48,0.21
-5.33,-3.65,6.90,0.74,0.34
-6.63,-2.75,7.18,0.84,0.58
-6.79,-2.94,7.14,0.52,0.51
-6.98,-2.79,7.22,0.43,0.18
-6.55,-2.59,7.02,0.31,0.03
-6.16,-2.79,6.83,0.48,0.16
-6.55,-2.94,6.83,0.65,0.26
-7.02,-2.28,6.59,0.70,0.13
-7.45,-1.88,6.43,0.65,0.12
-7.37,-2.47,6.28,0.53,0.11
-7.37,-2.16,6.39,0.54,0.05
-6.98,-1.80,6.08,0.48,0.09
-8.28,-1.96,6.04,0.32,0.09
-7.61,-1.65,6.08,0.05,-0.09
-6.63,-1.49,6.12,0.07,0.02
-7.45,-2.43,6.32,0.25,0.38
-7.45,-2.12,6.35,0.22,0.44
-7.73,-1.96,6.32,0.30,0.42
-8.16,-1.65,6.28,0.24,0.17
-7.57,-1.73,6.28,0.12,-0.11
-7.34,-1.41,6.16,0.13,-0.20
-7.77,-1.61,6.08,0.18,-0.09
-7.92,-1.65,6.12,0.13,-0.21
-7.49,-1.61,6.00,0.11,-0.24
-7.57,-1.65,5.77,0.21,0.03
-7.88,-1.92,5.96,0.15,-0.10
-7.61,-1.73,6.00,0.05,-0.24
-7.34,-1.53,6.04,0.13,-0.08
-7.77,-1.77,6.08,0.17,-0.00
-7.81,-1.96,6.20,0.11,-0.02
-8.12,-2.00,6.20,0.09,-0.05
-7.85,-2.04,6.39,-0.01,-0.08
-7.14,-1.73,6.04,0.07,-0.09
-7.77,-1.65,5.49,0.28,-0.08
-8.04,-1.88,6.39,0.00,0.04
-7.92,-1.61,6.43,-0.01,-0.05
-7.18,-1.92,6.16,0.01,-0.14
-7.88,-1.92,5.88,0.14,-0.08
-7.88,-1.49,5.84,0.05,0.01
-7.49,-1.96,6.00,0.02,-0.00
-7.41,-1.77,5.84,0.08,-0.01
-7.92,-1.80,5.84,0.12,-0.05
-7.73,-1.84,5.88,0.02,-0.07
-7.34,-1.92,6.00,0.07,-0.05
-8.24,-1.84,6.04,0.10,0.00
-7.41,-2.20,5.96,0.19,0.03
-8.24,-2.04,6.08,0.15,0.01
-7.73,-1.69,6.16,0.07,-0.07
-7.53,-2.08,6.12,0.06,-0.07
-8.16,-1.57,6.00,0.13,-0.03
-8.04,-1.37,5.84,0.04,-0.04
-7.45,-1.65,5.92,-0.05,-0.15
-7.22,-2.08,5.88,0.15,0.07
-8.00,-1.61,5.33,0.46,0.04
-8.67,-1.33,5.96,0.09,0.03
-7.41,-1.80,6.00,0.01,-0.13
-7.18,-2.04,6.00,0.09,-0.08
-8.08,-1.88,5.96,0.25,0.07
-8.24,-1.14,4.51,0.16,0.01
-7.77,-1.65,5.81,0.05,-0.10
-7.81,-2.08,5.84,0.10,-0.06
-7.81,-0.59,6.12,0.13,-0.03
-7.81,-1.10,5.49,0.08,0.03
-7.92,-1.80,5.65,0.08,-0.01
-7.73,-1.69,6.00,0.11,0.06
-7.92,-1.45,5.84,0.20,0.11
-8.36,-1.26,5.69,0.20,0.06
-7.69,-1.80,5.69,0.10,-0.07
-7.34,-2.67,5.96,0.09,-0.06
-8.08,-1.53,6.67,-0.11,-0.09
-8.08,-2.12,5.92,-0.02,-0.17
-7.73,-1.69,5.49,-0.10,-0.20
-8.04,-1.69,5.88,-0.05,-0.08
-8.00,-1.73,5.88,-0.04,-0.09
-7.45,-2.20,5.77,0.02,-0.09
-7.53,-1.92,6.00,0.05,0.06
-8.43,-1.41,5.84,0.14,0.10
-8.04,-1.45,5.77,-0.04,-0.08
-7.45,-2.24,6.04,-0.14,-0.09
-7.65,-1.61,5.96,-0.04,0.00
-7.30,-1.61,5.81,0.06,-0.00
-8.43,-2.59,6.04,-0.23,0.27
-8.63,-1.92,6.35,-0.08,0.12
-7.06,-1.45,6.16,-0.15,0.02
-7.18,-2.04,6.28,0.01,0.12
-7.49,-1.92,6.16,0.08,0.10
-7.96,-1.18,6.04,0.11,0.11
-7.61,-1.80,5.88,-0.09,0.01
-7.69,-1.37,6.51,-0.07,0.02
-7.69,-1.96,6.63,0.20,0.03
-7.61,-2.04,6.20,0.16,0.10
-7.45,-1.10,5.88,0.29,0.18
-7.88,-1.06,6.12,0.24,0.27
-7.34,-1.53,6.67,0.14,-0.20
12.51,-13.49,-9.38,0.16,0.31
-9.69,3.02,1.49,0.69,0.38
-9.49,-0.59,3.92,-0.06,0.30
-7.41,-0.90,5.37,-0.51,-0.10
-5.88,-1.53,5.81,-0.09,-0.16
-9.77,-1.92,6.28,0.01,-0.09
-8.63,-4.28,7.85,-0.32,0.31
-6.47,-2.39,6.55,-0.25,0.57
-10.28,-2.00,6.16,-0.08,0.66
-12.20,6.51,3.96,0.22,-0.15
-5.33,-1.69,6.71,-0.50,-0.47
-7.10,-0.43,6.08,-0.06,0.15
-8.47,2.16,5.10,-0.19,-0.09
-6.47,-0.39,7.34,-0.62,-0.57
-6.83,-1.88,7.18,-0.35,-0.32
-7.53,-1.22,7.49,-0.17,0.12
-6.98,-0.24,7.26,-0.14,0.14
-6.32,-0.20,6.63,-0.05,0.11
-7.65,0.04,5.84,0.08,0.31
-7.02,0.35,5.69,-0.09,0.41
-6.04,0.59,6.08,0.02,0.43
-7.81,0.63,6.20,-0.14,0.67
-7.65,2.31,6.86,-0.83,0.20
-6.28,1.96,6.71,-1.10,0.12
-4.35,-0.35,5.96,-1.03,0.30
-4.75,2.31,6.71,-0.47,0.26
-6.04,2.12,6.28,-0.15,0.25
-6.32,1.37,6.12,-0.24,-0.04
-6.20,0.47,6.59,-0.45,-0.21
-5.73,0.20,6.67,-0.64,-0.49
-5.77,-0.55,6.16,-0.51,-0.53
-5.45,-0.59,5.61,-0.57,-0.61
-4.63,-0.78,5.96,-0.56,-0.77
-5.02,-2.39,5.57,-0.38,-0.85
-3.80,-1.45,5.30,-0.48,-0.77
-2.55,-1.18,4.75,-0.46,-0.64
-2.94,-4.16,5.37,-0.45,-0.89
-4.35,-4.31,5.14,-0.30,-0.87
-3.65,-0.78,5.10,-0.34,-0.19
-5.81,-2.75,5.96,-0.65,0.12
-5.18,-6.47,7.30,-0.90,0.08
-3.80,-5.22,6.08,-0.55,0.48
-3.77,-4.43,6.47,-0.35,0.71
-4.55,-5.26,8.47,-0.35,0.64
-4.55,-6.79,9.06,-0.22,0.40
-4.71,-6.32,8.75,-0.15,0.15
-3.45,-6.24,8.98,-0.12,-0.07
-3.65,-6.24,9.65,0.02,-0.07
-3.77,-7.92,10.51,0.01,-0.23
-3.33,-7.34,10.32,0.01,-0.20
-2.71,-6.39,10.32,0.26,-0.06
-3.96,-6.35,10.12,0.14,-0.14
-3.22,-6.83,10.12,-0.11,-0.34
-2.35,-7.41,9.77,-0.11,-0.40
-2.55,-6.94,9.30,0.08,-0.20
-3.69,-7.57,9.34,0.16,-0.15
-3.22,-7.30,9.06,0.10,-0.33
-3.37,-6.71,8.28,0.17,-0.27
-3.80,-6.55,7.88,0.16,-0.26
-3.18,-6.75,7.45,0.05,-0.37
-3.14,-6.67,7.30,0.09,-0.36
-3.14,-6.24,6.98,0.16,-0.26
-3.26,-6.00,6.94,0.18,-0.21
-3.57,-6.59,7.02,0.15,-0.18
-3.49,-6.35,6.98,0.12,-0.18
-3.30,-6.12,6.98,0.12,-0.13
-3.65,-6.32,6.83,0.12,-0.07
-3.84,-6.24,7.06,0.05,0.02
-3.26,-6.00,6.90,-0.00,-0.01
-2.94,-6.08,6.79,-0.00,-0.00
-3.10,-6.59,6.94,0.05,0.04
-3.22,-6.43,6.83,0.03,0.02
-3.14,-6.39,6.83,0.02,-0.01
-3.02,-6.63,6.86,0.04,0.00
-3.41,-6.98,7.06,0.08,0.03
-3.41,-6.32,6.90,0.10,0.03
-3.73,-6.47,7.14,0.07,0.03
-3.45,-6.86,7.14,0.01,0.08
-3.37,-6.59,7.02,0.04,0.06
-3.22,-6.47,6.94,0.09,0.06
-3.53,-6.32,6.83,0.11,0.11
-3.30,-6.51,6.83,0.08,0.04
-3.41,-6.35,6.86,0.10,0.06
-3.65,-6.47,7.14,0.11,0.05
-3.57,-6.16,7.02,0.11,0.11
-3.73,-6.35,7.06,0.13,0.12
-3.80,-6.24,7.10,0.14,0.13
-3.96,-6.28,7.10,0.08,0.09
-4.04,-6.63,7.30,-0.00,0.12
-3.69,-7.06,7.37,-0.06,0.08
-3.45,-7.34,7.57,-0.03,0.05
-3.65,-7.26,7.92,0.04,0.07
-3.69,-7.49,7.88,0.10,0.01
-4.04,-6.79,7.53,0.23,-0.05
-3.57,-5.53,6.63,0.40,-0.30
-3.37,-5.37,4.94,0.52,-0.57
-3.57,-7.10,3.69,0.29,-0.59
