-11.49,3.84,5.33,-0.30,-3.92
-12.91,2.31,3.73,0.49,-0.65
-10.47,-0.55,2.86,1.61,-3.19
-8.75,-0.55,2.82,1.27,-3.03
-7.88,0.59,2.59,1.04,-2.85
-7.69,0.98,2.39,0.73,-2.64
-7.69,0.39,1.96,0.33,-2.28
-8.79,0.51,2.08,0.17,-1.96
-8.79,0.94,2.55,-0.10,-1.53
-8.24,1.96,2.82,-0.29,-1.14
-10.28,3.10,3.14,-0.29,-0.85
-11.38,3.57,3.41,-0.22,-0.46
-10.87,4.24,3.65,-0.13,-0.08
-9.89,5.88,4.51,-0.02,0.09
-12.67,7.14,4.24,0.18,0.28
-11.81,3.45,3.22,0.16,0.85
-13.34,2.98,2.86,0.14,1.28
-13.77,2.12,2.43,0.10,1.92
-12.63,0.31,2.08,-0.07,2.44
-10.28,-0.51,1.77,-0.28,2.74
-8.20,-0.04,1.69,-0.58,3.10
-7.61,0.00,1.49,-0.75,3.30
-6.67,0.63,1.65,-0.96,3.22
-6.47,1.69,2.24,-1.00,3.10
-7.65,1.65,2.16,-0.97,2.89
-8.00,2.00,2.43,-0.95,2.29
-9.69,2.55,2.47,-0.83,1.58
-12.51,1.80,2.51,-0.70,1.01
-9.14,1.45,3.49,-0.53,0.13
-10.79,3.73,3.92,-0.00,-0.69
-12.16,2.86,5.10,0.25,-1.38
-9.73,2.59,5.69,0.64,-2.08
-10.87,4.08,5.53,1.16,-2.57
-12.98,4.16,5.18,1.23,-2.92
-11.73,0.47,3.80,1.14,-3.16
-9.14,-0.75,2.94,0.96,-3.14
-7.06,1.02,2.35,0.70,-3.16
-7.14,2.47,2.16,0.59,-3.04
-7.88,2.39,2.43,0.41,-2.90
-8.39,3.49,2.63,0.04,-2.50
-8.12,4.08,2.94,-0.18,-1.97
-8.28,4.59,3.92,-0.12,-1.68
-9.61,5.45,4.35,0.09,-1.30
-9.53,6.20,4.51,0.24,-0.89
-9.81,5.06,4.12,0.38,-0.57
-8.83,4.75,3.96,0.45,0.04
-12.12,3.02,2.35,0.34,0.81
-13.18,0.16,1.73,0.17,1.34
-14.71,-0.12,1.80,0.02,2.18
-13.65,0.63,2.39,-0.14,2.79
-13.38,0.90,2.51,-0.26,3.03
-12.55,-0.12,2.08,-0.61,3.37
-9.61,-0.39,2.24,-0.88,3.58
-7.06,0.27,2.20,-0.99,3.58
-7.53,0.27,2.12,-1.10,3.55
-6.79,0.78,2.39,-1.20,3.30
-7.41,1.84,2.04,-1.11,2.70
-9.49,1.45,2.20,-0.88,1.76
-9.81,2.51,2.04,-0.78,1.09
-10.51,2.86,2.47,-0.52,0.11
-8.94,2.55,3.37,-0.16,-0.72
-10.94,3.33,3.30,0.15,-1.26
-11.14,3.37,4.79,0.70,-2.11
-9.89,2.86,5.84,1.29,-2.65
-13.34,4.71,5.96,1.54,-2.85
-13.38,3.10,4.59,1.43,-3.25
-9.92,-0.43,2.86,1.27,-3.32
-7.45,-0.55,2.00,1.00,-3.24
-6.24,1.37,2.04,0.75,-3.14
-5.81,1.96,2.12,0.59,-3.01
-5.77,1.84,2.24,0.40,-2.71
-8.55,2.63,2.63,0.23,-2.19
-11.26,4.35,3.14,0.15,-1.87
-11.02,4.16,3.45,0.13,-1.33
-10.51,3.77,3.45,0.12,-0.72
-10.04,4.00,3.45,0.16,-0.36
-14.00,3.18,2.20,0.19,0.31
-12.79,-0.16,1.73,-0.08,1.16
-13.18,-0.86,1.37,-0.20,1.71
-15.34,-0.24,1.73,-0.45,2.51
-14.00,0.98,2.55,-0.53,3.00
-11.96,1.53,2.55,-0.62,3.27
-10.67,0.16,1.65,-0.85,3.49
-8.83,0.00,1.61,-1.09,3.37
-6.12,1.49,1.77,-1.19,3.20
-5.77,1.69,1.73,-1.09,2.90
-6.55,1.65,1.77,-1.05,2.64
-7.41,1.88,1.37,-0.97,2.18
-9.18,2.28,1.26,-0.83,1.59
-11.18,2.20,1.41,-0.78,1.12
-9.41,1.37,2.16,-0.68,0.35
-8.00,2.04,2.98,-0.29,-0.25
-11.92,3.37,3.41,0.08,-0.79
-11.22,3.33,5.14,0.73,-1.60
-11.14,4.82,5.84,1.33,-2.02
-13.57,5.92,5.57,1.49,-2.18
-11.18,3.18,4.43,1.32,-2.42
-9.26,1.37,2.43,1.29,-2.47
-8.47,2.35,2.47,1.25,-2.50
-6.94,2.47,2.63,0.98,-2.35
-6.12,1.45,2.75,0.80,-2.20
-6.47,1.92,3.10,0.53,-1.88
-7.53,2.67,3.45,0.31,-1.49
-7.30,3.06,3.73,0.22,-1.22
-8.67,3.18,3.61,0.22,-0.82
-10.08,3.14,3.37,0.19,-0.43
-9.89,2.51,3.61,0.16,-0.14
-14.79,3.88,2.16,0.20,0.25
-13.42,1.18,2.28,-0.17,0.75
-15.53,1.69,1.73,-0.28,1.08
-15.02,2.04,1.65,-0.42,1.50
-13.65,1.29,1.96,-0.44,1.83
-10.47,-0.47,1.84,-0.55,2.08
-7.49,-0.08,1.73,-0.80,2.40
-6.08,1.22,1.49,-0.87,2.39
-6.43,1.45,0.98,-0.92,2.39
-6.79,1.57,0.71,-0.96,2.19
-8.16,1.65,0.78,-0.94,1.97
-9.81,1.61,0.86,-0.90,1.58
-10.40,2.16,1.29,-0.82,1.06
-11.49,2.39,1.49,-0.69,0.66
-11.49,1.84,2.59,-0.44,0.02
-11.92,2.79,3.45,-0.01,-0.60
-11.06,3.14,4.71,0.38,-1.09
-7.77,3.06,5.10,0.97,-1.55
-9.85,3.92,4.82,1.41,-1.83
-11.96,2.90,4.24,1.50,-2.07
-11.14,0.24,3.22,1.45,-2.15
-9.89,-0.27,2.86,1.35,-2.08
-8.36,0.39,2.71,1.30,-2.03
-7.57,0.47,2.20,1.09,-1.83
-6.94,0.04,2.24,0.85,-1.55
-7.41,0.82,2.43,0.61,-1.31
-8.16,1.33,2.59,0.46,-0.96
-8.90,0.86,2.82,0.37,-0.72
-8.75,1.26,3.37,0.28,-0.41
-10.04,1.84,3.26,0.28,-0.11
-10.20,0.63,3.14,0.20,0.12
-10.47,1.37,3.33,0.11,0.41
-14.83,4.08,2.79,0.09,0.53
-11.89,1.61,2.90,-0.07,0.64
-12.32,1.29,2.79,-0.22,0.99
-13.69,2.24,2.31,-0.33,1.24
-13.34,0.12,2.12,-0.42,1.45
-10.24,-1.41,2.28,-0.60,1.80
-7.61,-0.55,2.08,-0.76,1.98
-6.75,0.35,1.73,-0.85,1.95
-6.35,1.37,1.41,-0.91,1.91
-6.47,1.73,1.26,-0.89,1.60
-7.88,2.12,0.94,-0.86,1.34
-8.71,2.24,1.22,-0.84,0.97
-8.55,2.16,1.37,-0.79,0.76
-10.32,2.51,1.65,-0.61,0.37
-12.12,2.59,1.77,-0.42,-0.07
-12.04,1.77,2.55,-0.30,-0.39
-12.43,2.39,3.18,-0.01,-0.84
-11.10,3.06,4.04,0.37,-1.29
-9.34,2.43,4.51,0.62,-1.51
-9.22,2.59,4.51,0.92,-1.67
-10.55,2.24,4.16,1.06,-1.74
-11.26,-0.12,3.45,1.02,-1.61
-9.81,-1.92,2.86,0.80,-1.29
-8.24,-0.90,2.67,0.62,-1.10
-7.69,0.24,2.59,0.48,-1.03
-7.49,1.53,2.55,0.28,-1.04
-7.96,2.04,2.79,0.16,-1.04
-7.81,1.96,3.06,0.11,-1.02
-7.77,2.28,3.53,0.10,-0.92
-7.92,2.63,3.73,0.10,-0.82
-7.88,2.35,3.88,0.16,-0.72
-8.59,1.96,3.57,0.23,-0.55
-9.85,0.71,2.79,0.17,-0.38
-9.89,-0.63,2.63,-0.01,-0.04
-14.55,1.37,2.04,-0.03,0.09
-13.89,-0.63,1.49,-0.25,0.30
-11.57,-1.22,2.04,-0.58,0.73
-13.89,0.78,2.12,-0.56,1.10
-14.32,0.08,2.98,-0.57,1.34
-11.57,-0.35,3.02,-0.64,1.71
-9.30,-0.39,2.90,-0.69,1.68
-8.43,0.24,2.12,-0.72,1.54
-8.36,1.14,1.53,-0.76,1.24
-7.92,2.16,1.06,-0.81,0.88
-8.00,2.20,0.71,-0.85,0.61
-8.51,2.39,0.75,-0.95,0.10
-8.04,2.94,1.06,-1.00,-0.39
-8.90,3.14,0.63,-1.00,-0.72
-9.34,3.06,0.55,-1.12,-1.26
-8.75,3.30,0.51,-1.22,-1.54
-9.57,3.61,0.35,-1.29,-1.89
-10.28,4.47,0.51,-1.42,-2.19
-9.38,4.51,1.10,-1.49,-2.22
-11.14,5.77,1.65,-1.46,-2.21
-14.67,6.83,3.10,-1.27,-2.33
-11.10,4.04,4.79,-0.96,-2.27
-6.86,4.43,6.51,-0.35,-1.89
-7.69,9.26,7.77,0.08,-1.81
-8.39,6.63,6.51,0.26,-1.68
-8.71,3.65,4.79,0.26,-1.45
-7.18,1.06,2.98,0.17,-1.08
-6.86,2.90,4.00,0.16,-0.85
-7.41,3.41,4.51,0.04,-0.67
-6.86,2.51,4.75,-0.10,-0.57
-7.26,3.22,4.71,-0.13,-0.48
-7.92,4.94,4.71,-0.07,-0.41
-6.98,4.16,4.55,-0.03,-0.35
-6.59,3.18,4.51,0.09,-0.20
-7.92,3.22,4.20,0.24,-0.09
-13.26,4.43,2.67,0.30,-0.08
-11.41,1.26,3.02,0.02,-0.05
-9.96,0.51,2.59,0.07,0.09
-9.73,1.41,2.43,0.00,0.26
-10.12,1.14,2.04,-0.18,0.37
-10.20,0.82,1.88,-0.30,0.48
-9.85,2.12,2.31,-0.31,0.42
-9.14,2.43,2.75,-0.30,0.39
-8.79,2.24,2.55,-0.29,0.38
-8.79,2.28,2.35,-0.27,0.35
-8.98,2.20,1.96,-0.25,0.25
-8.79,2.35,1.73,-0.24,0.13
-8.87,2.51,1.96,-0.19,0.03
-9.10,2.82,1.96,-0.09,-0.11
-8.67,2.71,2.00,-0.04,-0.18
-8.55,2.59,1.96,0.05,-0.23
-9.61,2.71,2.28,0.19,-0.29
-10.32,2.47,2.43,0.27,-0.35
-9.49,2.28,3.06,0.40,-0.41
-9.18,2.08,3.37,0.51,-0.44
-9.34,2.59,3.88,0.54,-0.43
-10.04,2.08,3.88,0.58,-0.37
-10.12,0.94,3.96,0.59,-0.28
-10.12,1.02,4.28,0.57,-0.22
-10.16,0.82,4.24,0.45,-0.11
-9.81,0.59,4.24,0.27,-0.01
-9.53,0.82,4.04,0.18,0.04
-9.89,0.94,3.88,0.10,0.07
-9.18,0.63,4.04,-0.02,0.11
-8.83,0.90,4.12,-0.06,0.13
-8.28,1.49,3.96,-0.08,0.12
-10.32,2.86,3.45,-0.03,0.04
-10.51,2.75,3.26,-0.11,-0.21
-8.71,0.71,2.75,-0.22,-0.18
-9.22,1.57,2.39,-0.22,-0.14
-9.92,1.77,2.12,-0.20,-0.15
-9.69,0.71,2.04,-0.24,-0.06
-9.30,1.29,2.51,-0.20,-0.02
-9.41,2.16,2.79,-0.10,0.07
-9.38,1.96,2.86,-0.01,0.16
-9.18,1.33,2.79,0.04,0.22
-9.06,1.41,2.75,0.10,0.25
-9.30,1.92,2.82,0.12,0.20
-9.30,1.92,2.86,0.13,0.15
-9.53,1.57,2.94,0.13,0.09
-9.69,1.57,2.94,0.13,0.03
-9.77,1.49,3.10,0.12,0.01
-9.77,1.33,2.94,0.09,-0.01
-9.61,1.29,2.94,0.08,-0.02
-9.41,1.57,2.98,0.06,-0.04
-9.41,1.73,2.90,0.05,-0.07
-9.45,1.73,2.79,0.05,-0.09
-9.34,1.77,2.75,0.04,-0.12
-9.41,1.61,2.63,0.04,-0.13
-9.57,1.61,2.75,0.05,-0.13
-9.65,1.88,2.75,0.07,-0.13
-9.57,1.77,2.82,0.09,-0.10
-9.49,1.69,2.71,0.11,-0.08
-9.57,1.73,2.71,0.11,-0.07
-9.61,1.73,2.75,0.10,-0.05
-9.65,1.61,2.82,0.10,-0.03
-9.57,1.49,2.79,0.09,0.00
-9.57,1.73,2.90,0.08,0.02
-9.57,1.84,2.90,0.07,0.03
-9.57,1.77,2.90,0.07,0.03
-9.69,1.88,2.94,0.07,0.02
-9.53,1.84,2.86,0.06,0.00
-9.61,1.77,2.90,0.05,-0.01
-9.77,1.69,2.75,0.04,-0.00
-9.69,1.49,2.67,0.02,0.02
-9.73,1.61,2.55,0.00,0.05
-9.69,1.65,2.59,-0.01,0.06
-9.65,1.84,2.75,-0.02,0.07
-9.73,1.77,2.79,-0.02,0.06
-9.61,1.61,2.75,-0.03,0.06
-9.61,1.53,2.55,-0.04,0.06
-9.53,1.45,2.59,-0.04,0.07
-9.57,1.45,2.71,-0.05,0.07
-9.49,1.49,2.67,-0.06,0.07
-9.49,1.69,2.90,-0.04,0.05
-9.41,1.80,2.90,-0.02,0.02
-9.41,1.84,2.82,0.01,-0.02
-9.41,2.04,2.94,0.04,-0.05
-9.45,2.04,2.94,0.06,-0.10
-9.41,2.00,2.98,0.08,-0.14
-9.49,1.92,2.94,0.09,-0.15
-9.57,1.80,2.82,0.09,-0.15
-9.61,1.80,2.94,0.09,-0.13
-9.61,1.96,2.90,0.08,-0.10
-9.53,1.88,2.86,0.06,-0.07
-9.53,1.80,2.90,0.05,-0.02
-9.49,1.77,2.86,0.03,0.01
-9.65,1.84,2.75,0.02,0.05
-9.53,1.69,2.82,0.01,0.08
-9.57,1.77,2.86,-0.00,0.10
-9.41,1.84,2.86,-0.00,0.13
-9.53,1.73,2.82,-0.00,0.15
-9.57,1.65,2.79,-0.01,0.15
-9.53,1.69,2.82,-0.01,0.15
-9.41,1.69,2.94,-0.01,0.14
-9.53,1.69,2.90,0.01,0.12
-9.49,1.84,2.90,0.01,0.09
-9.45,1.80,2.94,0.03,0.07
-9.45,1.73,2.90,0.04,0.03
-9.30,1.73,2.90,0.05,-0.00
-9.34,1.88,2.90,0.07,-0.02
-9.57,1.88,3.02,0.08,-0.04
-9.45,1.77,2.86,0.09,-0.06
-9.26,1.88,2.98,0.11,-0.09
-9.34,2.04,2.94,0.12,-0.11
-9.38,1.92,2.98,0.13,-0.12
-9.45,1.80,2.75,0.13,-0.12
-9.49,1.65,2.75,0.12,-0.09
-9.41,1.77,2.79,0.11,-0.07
-9.49,1.88,2.79,0.11,-0.05
-9.49,2.08,2.79,0.11,-0.03
-9.53,1.88,2.79,0.11,-0.01
-9.49,1.80,2.71,0.11,-0.00
-9.57,2.08,2.79,0.11,0.02
-9.53,2.08,2.82,0.11,0.02
-9.49,1.92,2.82,0.11,0.02
-9.53,1.88,2.75,0.11,0.02
-9.57,1.92,2.75,0.09,0.03
-9.53,1.92,2.75,0.08,0.03
-9.61,2.00,2.71,0.08,0.04
-9.57,1.88,2.79,0.07,0.03
-9.53,2.08,2.79,0.07,0.01
-9.57,2.24,2.79,0.07,-0.01
-9.69,2.08,2.71,0.07,-0.01
-9.57,1.92,2.75,0.06,-0.02
-9.49,1.96,2.75,0.06,-0.02
-9.57,1.92,2.75,0.06,-0.00
-9.65,2.16,2.79,0.05,-0.01
-9.53,1.96,2.79,0.04,-0.02
-9.41,1.92,2.71,0.05,-0.03
-9.61,2.00,2.75,0.05,-0.03
-9.49,1.88,2.79,0.05,-0.03
-9.53,1.92,2.79,0.04,-0.02
-9.53,1.92,2.75,0.04,-0.01
-9.49,2.00,2.67,0.04,-0.00
-9.45,1.96,2.71,0.04,-0.00
-9.53,2.08,2.79,0.04,-0.00
-9.57,1.88,2.75,0.05,-0.00
-9.53,1.77,2.67,0.05,0.00
-9.49,1.96,2.75,0.05,0.00
-9.57,1.88,2.75,0.06,0.01
-9.53,1.88,2.75,0.06,0.00
-9.61,1.92,2.75,0.06,0.00
-9.49,1.84,2.79,0.06,-0.01
-9.53,1.88,2.79,0.06,-0.01
-9.45,1.92,2.82,0.05,-0.03
-9.49,1.92,2.82,0.05,-0.04
-9.57,1.88,2.79,0.06,-0.04
-9.57,1.80,2.67,0.05,-0.03
-9.53,1.92,2.71,0.05,-0.03
-9.57,1.96,2.75,0.05,-0.02
-9.61,2.04,2.79,0.05,-0.01
-9.41,1.84,2.63,0.05,-0.01
-9.53,2.04,2.63,0.05,-0.01
-9.49,2.08,2.71,0.06,-0.01
-9.41,1.88,2.75,0.08,-0.01
-9.49,2.04,2.67,0.09,-0.01
-9.57,1.92,2.71,0.09,0.00
-9.65,1.96,2.75,0.09,-0.00
-9.61,1.88,2.82,0.08,0.01
-9.57,2.00,2.75,0.08,0.01
-9.57,1.84,2.79,0.07,0.00
-9.61,1.88,2.75,0.07,0.00
-9.49,2.04,2.67,0.06,-0.00
-9.53,1.88,2.63,0.06,-0.01
-9.49,1.80,2.63,0.05,-0.01
-9.53,1.92,2.71,0.06,-0.01
-9.57,2.00,2.67,0.06,-0.00
-9.61,1.88,2.67,0.07,-0.00
-9.57,1.92,2.63,0.07,-0.01
-9.61,1.96,2.67,0.08,-0.01
-9.57,1.96,2.67,0.09,-0.01
-9.57,1.80,2.63,0.09,-0.02
-9.57,1.96,2.71,0.08,-0.01
-9.49,1.88,2.67,0.08,0.00
-9.57,1.96,2.75,0.08,0.01
-9.61,1.88,2.79,0.07,0.01
-9.57,1.84,2.79,0.06,0.01
-9.69,1.88,2.79,0.06,0.01
-9.45,1.80,2.71,0.05,0.02
-9.69,2.04,2.71,0.05,0.01
-9.53,1.84,2.71,0.05,0.01
-9.49,1.69,2.79,0.05,-0.00
-9.45,1.84,2.79,0.05,0.02
-9.53,1.77,2.67,0.05,0.02
-9.61,1.92,2.71,0.06,0.01
-9.69,1.84,2.67,0.05,0.02
-9.61,1.77,2.71,0.06,0.02
-9.49,1.77,2.75,0.06,0.03
-9.53,1.80,2.75,0.06,0.03
-9.53,1.73,2.67,0.06,0.02
-9.53,1.77,2.71,0.06,0.01
-9.65,1.73,2.71,0.06,0.01
-9.61,1.77,2.63,0.05,0.02
-9.61,1.77,2.67,0.05,0.01
-9.53,1.77,2.75,0.04,0.01
-9.57,1.69,2.75,0.04,0.00
-9.61,1.73,2.75,0.05,-0.01
-9.61,1.77,2.67,0.05,-0.01
-9.49,1.73,2.67,0.05,-0.02
-9.45,1.80,2.67,0.06,-0.02
-9.65,1.84,2.63,0.06,-0.01
-9.65,1.88,2.82,0.07,-0.02
-9.49,1.96,2.67,0.07,-0.02
-9.45,1.80,2.79,0.07,-0.01
-9.49,1.73,2.75,0.06,-0.01
-9.57,2.20,2.79,0.07,-0.01
-9.53,1.96,2.63,0.08,-0.02
-9.61,1.88,2.79,0.08,-0.03
-9.49,1.92,2.71,0.08,-0.02
-9.57,1.80,2.71,0.07,-0.00
-9.53,1.88,2.79,0.06,0.01
-9.57,2.04,2.63,0.05,0.01
-9.53,1.92,2.79,0.05,0.02
-9.41,2.00,2.59,0.06,0.02
-9.65,1.96,2.63,0.06,0.02
-9.61,1.92,2.67,0.07,0.00
-9.57,1.84,2.75,0.07,0.00
-9.61,1.84,2.67,0.08,-0.00
-9.57,1.80,2.63,0.07,-0.01
-9.57,1.77,2.71,0.06,-0.01
-9.57,1.96,2.82,0.06,-0.01
-9.49,1.96,2.71,0.06,-0.00
-9.65,1.80,2.63,0.06,-0.01
-9.57,1.80,2.71,0.05,-0.01
-9.57,1.92,2.75,0.05,-0.01
-9.65,2.04,2.79,0.06,-0.01
-9.53,1.84,2.71,0.05,-0.01
-9.53,1.73,2.63,0.05,-0.00
-9.61,1.96,2.71,0.05,-0.00
-9.26,1.73,2.71,0.06,0.01
-9.65,2.00,2.75,0.07,0.00
-9.61,2.04,2.79,0.10,-0.03
-9.57,2.12,2.90,0.12,-0.06
-9.81,1.96,2.90,0.13,-0.07
-9.65,1.61,2.71,0.09,-0.05
-9.34,1.22,2.71,0.03,0.02
-9.77,1.96,2.82,0.03,0.04
-9.53,2.12,3.02,0.03,0.05
-9.41,1.92,2.82,0.05,0.03
-9.57,2.08,2.71,0.06,0.00
-9.61,1.80,2.79,0.05,0.00
-9.69,1.65,2.67,0.02,0.05
-9.61,1.53,2.67,-0.01,0.10
-9.53,1.45,2.47,-0.06,0.18
-9.38,1.37,2.55,-0.08,0.22
-9.34,1.88,2.67,-0.07,0.23
-9.30,2.04,2.82,0.01,0.19
-9.45,2.55,3.10,0.09,0.12
-9.49,2.43,3.22,0.19,0.00
-9.57,2.12,3.02,0.22,-0.08
-9.81,1.92,2.82,0.21,-0.16
-9.69,0.86,2.71,0.11,-0.20
-9.65,0.43,2.71,0.02,-0.14
-9.38,1.61,2.86,-0.01,-0.07
-9.49,1.80,2.67,-0.03,0.01
-9.18,1.57,2.39,-0.05,0.02
-9.22,1.69,2.71,0.01,-0.00
-9.57,2.35,3.02,0.10,-0.04
-9.61,2.90,2.98,0.15,-0.07
-9.69,2.51,2.90,0.25,-0.14
-9.49,2.04,2.59,0.25,-0.21
-9.22,1.45,2.51,0.22,-0.21
-9.73,1.14,2.67,0.19,-0.13
-9.65,1.02,2.67,0.11,0.04
-9.73,1.33,2.71,0.09,0.11
-9.77,2.04,3.02,0.10,0.15
-9.45,2.43,3.10,0.14,0.08
-9.26,2.82,3.14,0.17,0.01
-9.49,2.20,2.79,0.18,-0.09
-9.65,1.45,2.63,0.15,-0.12
-9.96,1.22,2.55,0.11,-0.08
-10.24,0.75,2.31,0.00,0.06
-9.89,0.08,2.16,-0.10,0.22
-9.73,1.06,2.71,-0.09,0.28
-9.73,2.55,3.10,-0.02,0.26
-9.30,2.67,3.10,0.00,0.17
-8.98,2.47,2.98,0.07,0.08
-9.45,2.12,2.86,0.11,-0.04
-9.73,1.69,2.71,0.10,-0.08
-9.77,1.22,2.67,0.05,-0.05
-9.92,0.78,2.35,-0.02,0.02
-9.81,0.31,2.39,-0.06,0.10
-9.61,1.26,2.67,-0.04,0.15
-9.49,1.96,2.75,0.01,0.12
-9.18,2.28,2.63,0.02,0.07
-9.45,1.69,2.59,0.06,-0.02
-9.92,1.57,2.67,0.05,-0.08
-9.73,1.26,2.59,0.02,-0.07
-9.49,1.33,2.63,0.00,-0.04
-9.45,1.45,2.47,-0.01,-0.01
-9.30,1.37,2.51,-0.00,-0.00
-9.81,2.00,2.82,0.07,-0.06
-9.69,2.67,3.22,0.14,-0.12
-9.49,2.28,3.02,0.19,-0.19
-9.34,1.84,2.75,0.22,-0.25
-9.18,1.92,2.94,0.21,-0.26
-9.22,1.96,2.98,0.20,-0.27
-9.57,1.88,2.79,0.17,-0.22
-9.34,1.33,2.51,0.12,-0.14
-8.94,0.94,2.55,0.07,-0.00
-9.26,1.33,2.67,0.13,0.10
-9.89,2.35,2.82,0.17,0.10
-9.49,3.33,2.86,0.22,0.05
-8.83,2.71,2.75,0.27,0.00
-9.26,1.96,2.43,0.30,-0.00
-9.65,1.73,2.16,0.28,0.04
-10.04,1.57,2.08,0.25,0.14
-10.16,1.41,2.00,0.19,0.22
-10.36,1.65,2.00,0.15,0.33
-10.36,1.61,1.96,0.12,0.40
-10.24,1.69,2.28,0.10,0.46
-10.20,2.24,2.31,0.10,0.45
-9.73,2.20,2.28,0.10,0.42
-9.77,1.80,2.16,0.10,0.34
-9.81,1.65,2.08,0.06,0.26
-10.16,1.45,2.12,0.03,0.22
-10.04,1.33,2.28,-0.02,0.18
-9.89,1.33,2.28,-0.04,0.17
-9.85,1.73,2.35,-0.05,0.15
-9.69,1.69,2.39,-0.06,0.08
-9.41,1.69,2.24,-0.05,-0.02
-9.38,1.84,2.31,-0.03,-0.09
-9.45,2.08,2.39,0.02,-0.16
-9.65,2.00,2.35,0.05,-0.26
-9.77,2.12,2.28,0.09,-0.31
-9.57,2.35,2.51,0.14,-0.37
-9.38,1.80,2.12,0.16,-0.39
-9.77,1.45,2.04,0.14,-0.40
-9.89,1.26,2.35,0.12,-0.35
-9.92,1.41,2.39,0.12,-0.28
-9.65,1.61,2.47,0.11,-0.15
-9.77,2.20,2.43,0.12,-0.09
-9.77,2.39,2.55,0.11,-0.08
-9.49,1.96,2.67,0.10,-0.09
-9.34,1.96,2.39,0.11,-0.07
-9.61,1.92,2.47,0.09,-0.04
-10.12,1.80,2.39,0.06,0.01
-9.92,1.26,2.39,0.02,0.08
-10.04,1.77,2.55,0.02,0.11
-9.81,1.96,2.55,0.01,0.12
-9.61,1.96,2.59,0.01,0.11
-9.45,1.80,2.47,0.00,0.09
-9.65,1.45,2.35,-0.02,0.08
-9.73,1.26,2.28,-0.04,0.10
-10.04,1.22,2.35,-0.06,0.13
-9.77,1.80,2.55,-0.04,0.14
-9.14,1.65,2.39,0.00,0.13
-9.22,2.04,2.35,0.06,0.06
-9.34,2.35,2.31,0.08,-0.03
-9.69,1.77,2.28,0.09,-0.07
-9.92,1.61,2.28,0.11,-0.11
-10.04,1.69,2.20,0.09,-0.11
-10.20,1.92,2.24,0.10,-0.12
-9.85,1.84,2.51,0.10,-0.15
-9.45,1.84,2.55,0.12,-0.17
-9.49,2.20,2.43,0.14,-0.18
-9.81,1.61,2.35,0.12,-0.17
-10.00,1.57,2.55,0.11,-0.15
-10.00,1.88,2.47,0.10,-0.13
-9.65,1.92,2.51,0.08,-0.10
-9.57,1.65,2.35,0.06,-0.07
-9.92,1.45,2.28,0.01,-0.03
-10.16,0.75,2.28,-0.09,0.06
-10.00,1.10,2.43,-0.14,0.12
-9.92,1.45,2.39,-0.19,0.18
-9.53,1.61,2.39,-0.21,0.18
-9.57,2.12,2.39,-0.22,0.15
-9.61,2.20,2.51,-0.22,0.09
-9.57,2.24,2.51,-0.19,0.05
-9.61,1.96,2.47,-0.18,0.04
-9.26,1.33,2.31,-0.20,0.08
-8.87,0.82,2.28,-0.21,0.14
-9.18,1.41,2.59,-0.18,0.19
-9.45,2.00,2.86,-0.13,0.19
-9.92,2.63,3.14,-0.08,0.12
-9.61,2.63,3.30,0.00,-0.00
-9.45,1.73,3.06,0.04,-0.09
-9.38,1.49,3.10,0.03,-0.13
-9.18,1.49,2.94,0.03,-0.17
-9.61,1.92,3.30,0.08,-0.21
-9.81,2.31,3.26,0.09,-0.23
-9.49,1.96,2.94,0.06,-0.24
-9.34,1.33,2.67,0.02,-0.23
-9.53,1.77,2.90,0.02,-0.23
-9.38,2.08,2.86,0.03,-0.20
-9.45,2.24,2.71,0.04,-0.20
-9.10,1.65,2.51,0.03,-0.18
-8.94,1.29,2.59,-0.01,-0.14
-9.02,1.29,2.71,-0.04,-0.09
-9.41,1.65,2.79,-0.05,0.00
-9.92,2.24,2.86,-0.02,0.01
-9.61,2.31,3.06,0.01,-0.04
-9.34,2.59,3.18,0.07,-0.14
-9.57,3.02,3.41,0.14,-0.21
-9.85,2.51,3.30,0.16,-0.25
-9.53,1.88,3.30,0.18,-0.29
-9.26,2.43,3.41,0.18,-0.29
-9.41,2.63,3.14,0.16,-0.26
-9.34,1.69,2.90,0.12,-0.23
-9.41,2.00,2.86,0.09,-0.19
-9.61,2.43,2.90,0.07,-0.15
-9.57,1.92,2.63,0.06,-0.10
-9.38,1.77,2.71,0.05,-0.06
-9.38,2.12,2.55,0.06,0.03
-9.53,1.61,2.35,0.04,0.13
-9.61,1.57,2.35,0.01,0.18
-9.57,1.73,2.59,-0.02,0.26
-9.53,1.53,2.51,-0.05,0.35
-9.85,1.88,2.55,-0.05,0.37
-9.57,1.77,2.71,-0.05,0.38
-9.53,1.77,2.75,-0.03,0.34
-9.49,2.00,2.75,-0.01,0.30
-9.45,2.00,2.86,0.01,0.20
-9.53,2.20,3.02,0.06,0.08
-9.49,2.12,3.06,0.07,0.00
-9.57,2.16,3.02,0.11,-0.10
-9.30,2.12,2.94,0.13,-0.17
-9.30,2.00,2.67,0.15,-0.22
-9.53,1.84,2.59,0.15,-0.27
-9.69,1.77,2.55,0.15,-0.28
-9.65,1.77,2.71,0.14,-0.25
-9.69,1.77,2.67,0.12,-0.19
-9.49,1.88,2.59,0.10,-0.16
-9.57,1.92,2.67,0.08,-0.10
-9.38,1.80,2.71,0.07,-0.04
-9.45,2.16,2.63,0.07,-0.01
-9.45,2.35,2.79,0.09,0.02
-9.61,2.39,2.82,0.12,0.03
-9.49,2.24,2.82,0.14,0.02
-9.34,1.88,2.79,0.14,0.05
-9.57,1.73,2.63,0.13,0.08
-9.69,1.73,2.59,0.11,0.09
-9.69,1.77,2.71,0.09,0.09
-9.69,1.88,2.82,0.08,0.10
-9.53,1.92,2.82,0.08,0.11
-9.45,2.04,2.82,0.08,0.10
-9.57,2.35,2.98,0.10,0.08
-8.75,2.86,3.92,0.16,0.07
-8.87,2.51,4.16,0.15,0.31
-9.34,2.28,4.39,-0.17,0.45
-8.83,7.18,5.02,-0.52,0.41
-7.53,9.89,6.51,-0.77,1.07
-9.22,11.10,7.92,-1.09,1.67
-10.55,9.73,6.83,-1.39,2.58
-10.32,8.90,7.53,-1.80,3.14
-10.08,10.51,7.69,-1.93,3.38
-11.30,10.87,6.67,-2.04,3.65
-11.53,9.41,5.84,-2.06,3.65
-9.77,8.63,5.53,-2.01,3.59
-7.77,7.81,4.98,-1.81,3.43
-6.35,7.37,4.31,-1.52,2.87
-6.47,5.30,3.57,-1.41,2.56
-4.47,4.12,3.49,-1.24,2.13
-3.69,3.53,2.82,-0.99,1.83
-3.30,1.26,3.41,-0.78,1.45
-2.04,2.00,4.43,-0.49,1.13
-1.02,2.63,5.22,-0.30,0.87
-0.90,1.18,6.51,-0.09,0.66
-0.12,1.14,6.98,0.12,0.63
0.00,1.37,7.57,0.14,0.55
0.16,2.12,8.24,0.17,0.39
-0.16,1.77,8.32,0.12,0.39
-0.16,2.20,8.43,0.08,0.36
0.31,3.18,8.75,0.03,0.28
0.51,3.69,8.98,0.04,0.17
0.67,3.92,9.14,0.03,0.12
0.59,3.30,9.14,0.03,0.05
0.43,2.71,9.14,0.03,-0.02
0.31,2.28,9.38,-0.00,-0.08
0.75,2.59,10.00,-0.12,-0.18
0.86,2.86,10.28,-0.21,-0.20
0.75,2.35,10.24,-0.31,-0.39
0.59,2.12,9.85,-0.44,-0.55
0.63,1.73,9.38,-0.52,-0.61
0.86,2.59,9.57,-0.63,-0.71
0.94,2.79,9.18,-0.68,-0.79
1.18,2.67,8.59,-0.70,-0.84
1.10,3.80,8.24,-0.69,-0.86
1.41,3.92,7.96,-0.63,-0.84
1.53,3.77,7.77,-0.60,-0.82
1.49,4.28,7.41,-0.55,-0.76
1.61,4.71,7.26,-0.41,-0.65
1.77,5.14,7.30,-0.32,-0.58
1.96,4.63,7.61,-0.23,-0.43
2.12,4.04,7.41,-0.19,-0.31
2.04,4.75,7.88,-0.11,-0.22
2.04,4.82,8.20,-0.08,-0.12
2.16,4.00,8.39,-0.09,-0.10
2.28,4.00,8.75,-0.10,-0.07
2.12,3.73,8.83,-0.11,-0.09
2.16,3.61,8.87,-0.14,-0.10
2.35,3.61,8.75,-0.19,-0.17
2.31,3.26,8.71,-0.22,-0.20
2.35,3.10,8.51,-0.23,-0.22
2.51,3.26,8.59,-0.24,-0.31
2.39,3.14,8.55,-0.27,-0.39
2.39,2.82,8.51,-0.27,-0.44
2.47,3.53,8.47,-0.29,-0.50
2.51,3.26,8.43,-0.30,-0.59
2.59,3.53,8.28,-0.31,-0.63
2.51,3.61,8.08,-0.31,-0.68
2.71,4.00,8.04,-0.32,-0.73
2.55,4.43,7.77,-0.28,-0.73
2.75,4.94,7.61,-0.22,-0.70
2.43,4.79,7.41,-0.15,-0.66
2.47,4.04,7.22,-0.05,-0.59
2.59,4.43,7.53,-0.02,-0.46
2.59,4.82,7.65,-0.00,-0.39
2.47,4.90,7.88,0.04,-0.28
2.67,4.55,7.92,0.05,-0.20
2.67,4.71,8.00,0.05,-0.17
2.51,4.86,7.96,0.05,-0.12
2.55,4.20,7.96,0.08,-0.07
2.59,4.04,7.88,0.08,-0.08
2.43,4.35,8.04,0.07,-0.08
2.63,4.43,7.96,0.10,-0.10
2.59,4.35,7.92,0.13,-0.11
2.43,4.35,7.96,0.14,-0.12
2.43,3.88,7.81,0.14,-0.14
2.28,4.35,7.88,0.17,-0.16
2.16,3.92,7.61,0.19,-0.14
2.12,3.77,7.53,0.21,-0.15
2.20,5.02,7.88,0.23,-0.18
2.20,4.79,7.88,0.31,-0.17
2.24,5.30,8.28,0.34,-0.21
1.65,5.06,8.39,0.35,-0.25
1.80,5.02,8.59,0.33,-0.24
1.65,5.45,8.55,0.32,-0.20
1.26,4.71,8.36,0.24,-0.11
1.33,4.31,8.36,0.17,-0.02
1.53,5.22,8.20,0.13,0.05
1.26,4.94,7.45,0.14,0.12
1.33,4.12,7.14,0.18,0.13
1.45,3.06,6.39,0.23,0.12
1.41,3.18,5.69,0.30,0.10
1.18,2.67,5.10,0.46,0.09
0.98,3.88,5.22,0.70,-0.17
0.35,4.00,5.22,0.84,-0.49
0.04,4.00,5.49,0.97,-0.68
-0.59,4.24,4.67,1.34,-0.93
-2.67,2.94,4.39,1.57,-1.25
-3.30,4.55,5.73,1.68,-1.57
-3.06,6.55,6.00,1.77,-1.91
-4.75,4.94,5.45,1.93,-2.17
-5.92,5.30,6.59,2.16,-2.33
-5.61,6.04,7.14,2.02,-2.83
-7.88,4.35,6.35,2.05,-2.89
-8.98,5.69,7.02,2.09,-2.95
-9.22,6.32,6.86,1.68,-2.79
-9.41,4.28,5.96,1.64,-2.43
-9.34,2.31,4.79,1.63,-2.36
-10.71,4.24,4.71,1.35,-2.29
-10.59,6.32,5.02,1.14,-2.39
-10.55,8.79,5.26,0.81,-2.56
-11.61,7.45,4.55,0.61,-2.38
-10.16,5.18,4.28,0.65,-2.27
-10.24,5.02,3.92,0.38,-2.21
-10.40,5.26,3.96,0.18,-1.75
-9.34,5.88,3.69,0.16,-1.56
-10.90,5.84,3.37,0.12,-1.16
-12.43,3.73,2.90,0.24,-0.61
-10.79,1.65,3.06,0.27,-0.45
-10.04,2.51,3.61,0.17,-0.11
-9.45,3.02,3.53,0.04,0.39
-8.94,3.69,3.18,-0.06,0.72
-9.85,4.31,2.67,-0.19,1.21
-11.61,3.45,2.31,-0.24,1.63
-12.28,1.84,1.80,-0.30,1.93
-11.69,0.27,1.45,-0.42,2.30
-12.12,-2.04,0.55,-0.53,2.56
-11.30,-2.82,0.51,-0.84,2.68
-8.59,0.00,0.86,-0.99,2.49
-7.96,1.18,0.98,-0.96,2.41
-7.10,1.57,1.14,-0.83,2.25
-6.12,1.49,1.37,-0.65,1.87
-6.94,1.26,1.80,-0.54,1.56
-7.22,1.26,2.16,-0.42,1.23
-9.02,3.22,3.49,-0.10,0.80
-13.26,4.63,4.00,0.29,0.40
-10.63,2.47,5.10,0.68,-0.32
-9.92,3.96,5.96,1.23,-0.96
-10.90,6.00,5.96,1.60,-1.33
-10.43,6.47,5.57,1.88,-1.88
-8.59,5.30,4.12,1.99,-1.97
-7.34,3.80,2.39,2.02,-1.88
-6.55,1.73,1.02,1.96,-1.59
-6.43,0.63,1.02,1.92,-1.39
-7.41,-0.24,0.75,1.78,-0.96
-14.71,-0.35,2.16,1.68,-0.86
-19.22,0.63,5.45,1.33,-1.10
-10.90,-1.65,5.14,0.30,-0.92
-8.28,0.27,4.71,-0.32,-0.07
-7.53,3.69,3.92,-0.63,0.18
-8.36,3.77,2.16,-0.71,0.42
-10.28,0.55,0.94,-0.80,0.62
-11.85,-0.43,0.75,-0.91,0.59
-11.34,-0.90,1.02,-1.15,0.71
-9.96,-0.24,1.45,-1.26,1.00
-9.02,0.43,1.37,-1.31,1.16
-7.77,1.14,1.49,-1.40,1.31
-6.32,1.26,1.96,-1.43,1.32
-8.39,3.10,2.47,-1.20,1.11
-10.71,4.04,2.82,-0.68,0.61
-9.53,3.80,3.69,-0.39,0.08
-7.85,3.30,4.24,-0.16,-0.28
-6.71,3.49,4.35,0.17,-0.72
-6.28,3.30,3.37,0.36,-0.99
-6.86,3.41,3.33,0.43,-1.41
-7.53,4.04,3.45,0.62,-1.91
-8.47,3.61,3.61,0.82,-2.25
-8.90,3.10,3.92,0.99,-2.65
-8.87,2.47,3.88,1.00,-2.84
-9.34,2.47,3.57,0.96,-2.82
-10.12,2.04,2.86,0.85,-2.52
-9.41,0.55,2.59,0.72,-2.04
-9.92,0.39,2.43,0.65,-1.70
-11.10,0.55,2.55,0.57,-1.16
-14.75,1.88,2.28,0.56,-0.61
-15.69,0.90,2.08,0.47,-0.15
-10.28,-1.10,2.12,0.22,0.53
-8.43,0.82,2.24,-0.11,1.20
-9.34,3.18,2.43,-0.27,1.51
-11.22,4.00,2.12,-0.32,1.79
-11.85,1.77,1.65,-0.36,1.91
-11.22,0.82,2.00,-0.48,1.98
-9.49,1.65,2.24,-0.59,1.89
-8.24,2.59,2.35,-0.60,1.84
-7.96,2.47,2.04,-0.55,1.78
-8.04,2.04,1.45,-0.53,1.67
-8.08,1.57,1.26,-0.56,1.57
-7.77,1.53,1.14,-0.56,1.36
-8.04,1.45,1.14,-0.58,1.10
-8.98,1.41,1.26,-0.65,0.89
-10.04,2.31,1.10,-0.65,0.50
-12.55,1.41,1.29,-0.59,0.06
-10.47,0.63,2.28,-0.60,-0.28
-12.83,3.57,2.82,-0.30,-0.80
-12.91,4.47,4.55,0.12,-1.46
-10.04,3.26,5.22,0.39,-1.73
-10.83,3.53,5.49,0.79,-1.92
-12.16,2.86,4.59,0.87,-2.05
-11.89,0.31,2.75,0.80,-1.87
-8.79,-2.00,2.28,0.60,-1.64
-6.79,-0.20,1.88,0.48,-1.59
-6.08,1.53,1.92,0.27,-1.51
-6.43,2.35,2.28,0.17,-1.42
-7.92,3.10,2.75,0.21,-1.35
-9.38,2.67,3.30,0.31,-1.24
-7.85,2.20,3.77,0.41,-1.03
-8.36,2.59,4.08,0.45,-0.87
-8.83,2.79,3.57,0.40,-0.65
-10.04,2.51,3.18,0.38,-0.39
-16.36,4.00,2.43,0.51,-0.24
-17.38,0.31,2.20,0.31,0.21
-9.57,-3.84,2.82,-0.08,1.03
-10.87,-0.27,2.86,-0.27,1.55
-12.87,2.08,3.33,-0.42,2.09
-12.51,-0.27,2.20,-0.64,2.49
-10.08,-1.69,2.39,-0.87,2.66
-8.28,-0.43,2.59,-1.13,2.59
-7.14,0.59,2.75,-1.21,2.55
-6.55,1.14,2.59,-1.19,2.50
-6.43,1.53,2.31,-1.06,2.30
-7.57,2.35,1.77,-0.97,2.06
-8.47,2.55,1.69,-0.89,1.62
-7.53,2.43,1.88,-0.79,1.15
-8.32,3.14,2.59,-0.62,0.80
-10.47,3.65,2.43,-0.36,0.22
-10.98,1.84,2.67,-0.19,-0.40
-12.59,2.98,3.06,-0.01,-0.85
-12.83,4.39,4.16,0.42,-1.75
-9.81,3.14,4.94,0.70,-2.39
-9.14,2.94,4.79,0.91,-2.58
-12.12,2.35,4.51,1.06,-2.83
-11.73,-0.39,3.49,0.96,-2.70
-9.65,-2.08,2.67,0.85,-2.54
-8.12,0.08,2.51,0.63,-2.38
-7.57,1.92,2.16,0.35,-2.22
-7.53,2.35,1.73,0.24,-2.09
-7.92,2.28,2.08,0.21,-1.91
-8.90,2.82,2.59,0.23,-1.76
-9.41,2.71,2.90,0.27,-1.53
-8.87,2.71,3.02,0.27,-1.27
-9.02,2.55,3.18,0.33,-1.06
-9.26,2.16,3.10,0.40,-0.71
-10.24,1.57,3.02,0.39,-0.37
-10.98,1.84,3.10,0.37,-0.15
-11.02,1.61,3.37,0.38,0.19
-14.91,2.35,2.75,0.35,0.51
-11.61,0.00,2.51,0.14,0.79
-10.71,0.51,2.43,-0.12,1.31
-12.36,1.69,2.59,-0.27,1.78
-12.51,1.96,2.24,-0.38,2.00
-12.28,1.02,2.04,-0.49,2.25
-10.32,0.59,1.80,-0.57,2.24
-8.75,1.14,1.80,-0.64,2.21
-7.61,1.06,1.61,-0.70,2.24
-6.71,1.26,1.26,-0.67,2.20
-6.86,2.39,1.06,-0.58,2.04
-8.39,3.02,0.78,-0.53,1.76
-8.98,2.51,0.71,-0.54,1.48
-8.63,2.35,0.82,-0.50,1.05
-9.73,2.59,1.29,-0.32,0.60
-11.53,3.10,1.77,-0.21,0.22
-11.14,1.84,2.16,-0.12,-0.33
-12.20,2.59,3.18,0.18,-0.85
-14.75,4.39,3.73,0.51,-1.36
-9.06,2.82,4.55,0.80,-1.85
-8.43,2.59,4.04,0.99,-1.98
-12.63,3.30,3.41,1.03,-2.08
-10.94,0.51,2.00,0.80,-1.94
-9.85,-1.41,1.33,0.66,-1.61
-7.96,-1.02,1.45,0.57,-1.51
-7.88,1.22,1.65,0.45,-1.36
-7.92,1.73,1.69,0.21,-1.15
-7.85,1.77,1.92,0.12,-1.03
-7.77,2.12,2.31,0.09,-0.89
-7.81,2.55,2.71,0.07,-0.82
-7.88,2.94,2.98,0.04,-0.72
-8.51,2.82,3.14,0.07,-0.66
-9.69,3.18,3.41,0.12,-0.64
-11.30,3.14,3.49,0.24,-0.60
-12.51,2.39,3.18,0.32,-0.52
-12.40,1.77,3.53,0.36,-0.37
-16.87,2.71,2.71,0.39,-0.12
-10.87,-0.67,1.88,-0.02,0.45
-10.24,-0.04,1.73,-0.17,0.92
-12.32,2.20,1.18,-0.33,1.43
-12.43,0.86,1.06,-0.44,1.78
-10.79,-0.16,0.94,-0.54,1.95
-8.71,0.24,1.26,-0.68,2.12
-7.57,1.77,1.57,-0.72,2.08
-6.63,2.43,1.49,-0.70,2.10
-6.75,2.55,1.06,-0.68,2.05
-7.34,2.55,0.55,-0.68,1.93
-8.59,2.12,0.20,-0.67,1.80
-9.85,1.37,0.35,-0.72,1.49
-10.63,1.49,0.51,-0.74,1.25
-13.69,1.26,0.86,-0.65,0.81
-12.75,0.39,2.04,-0.60,0.33
-12.12,2.08,2.90,-0.44,0.06
-14.20,3.33,3.57,0.03,-0.55
-9.45,2.47,4.20,0.30,-1.05
-6.35,2.59,4.51,0.51,-1.16
-9.73,3.77,4.67,0.99,-1.23
-12.28,3.10,3.92,1.13,-1.59
-10.32,0.47,3.30,1.05,-1.60
-7.77,-0.04,2.75,0.94,-1.59
-6.83,0.63,2.47,0.84,-1.55
-6.67,1.45,2.28,0.72,-1.53
-6.83,1.92,2.31,0.53,-1.45
-7.02,2.20,2.47,0.44,-1.34
-7.45,1.92,2.90,0.41,-1.26
-8.47,2.16,3.45,0.44,-1.15
-9.41,2.86,3.96,0.48,-1.09
-11.02,2.67,3.69,0.57,-0.95
-11.73,1.49,3.26,0.57,-0.71
-11.77,0.75,3.45,0.53,-0.43
-16.28,2.12,2.35,0.47,-0.04
-11.10,-2.00,1.96,-0.11,0.72
-12.98,-0.59,1.49,-0.35,1.23
-13.18,-0.12,1.61,-0.56,1.90
-13.06,-0.16,1.53,-0.64,2.34
-11.02,-0.90,1.65,-0.74,2.56
-8.04,-0.51,1.96,-0.96,2.64
-5.88,1.10,2.20,-1.06,2.66
-5.45,2.20,2.12,-1.00,2.62
-6.04,2.63,1.92,-0.86,2.38
-6.83,2.67,1.96,-0.72,2.06
-7.45,2.79,2.24,-0.62,1.76
-8.24,3.73,2.39,-0.42,1.18
-9.30,4.28,2.39,-0.15,0.43
-10.40,3.53,2.71,0.07,-0.07
-10.00,3.49,3.14,0.35,-0.82
-15.57,5.69,2.86,0.72,-1.46
-11.06,2.47,4.47,0.92,-2.31
-10.43,0.55,4.51,1.26,-2.45
-14.04,0.20,4.35,1.37,-2.42
-12.59,-2.75,2.82,1.13,-2.08
-9.41,-2.82,2.47,0.85,-1.62
-7.34,0.82,2.28,0.73,-1.48
-6.51,2.35,1.61,0.52,-1.36
-5.81,1.37,0.90,0.23,-1.33
-6.16,0.98,1.33,0.15,-1.36
-7.53,2.43,1.96,0.19,-1.42
-8.83,3.45,2.82,0.22,-1.44
-8.83,3.53,3.65,0.24,-1.40
-9.89,3.69,4.12,0.41,-1.31
-11.06,3.61,4.20,0.57,-1.17
-11.34,3.84,3.77,0.62,-1.00
-13.65,3.61,2.86,0.73,-0.64
-16.79,0.24,1.65,0.56,-0.12
-12.32,-3.37,1.37,0.13,0.45
-11.06,-2.63,1.18,-0.29,1.29
-12.51,0.75,1.65,-0.53,1.87
-12.24,0.12,1.41,-0.71,2.16
-10.63,-0.55,1.57,-0.93,2.52
-9.14,-0.20,1.61,-1.09,2.61
-7.85,0.31,2.04,-1.33,2.62
-6.32,1.14,1.96,-1.35,2.63
-5.92,2.20,1.77,-1.23,2.50
-6.83,3.14,1.49,-1.04,2.22
-7.41,3.06,1.33,-0.93,1.81
-7.49,2.82,1.49,-0.87,1.48
-8.08,3.18,2.04,-0.64,0.90
-10.67,4.08,2.20,-0.34,0.14
-12.16,3.49,2.59,-0.18,-0.47
-10.90,3.49,3.37,0.10,-1.25
-13.61,4.24,3.41,0.56,-2.10
-9.77,2.28,4.59,0.73,-2.46
-10.36,2.39,4.20,1.16,-2.62
-14.20,2.00,3.84,1.34,-2.77
-12.59,-0.63,2.51,1.19,-2.69
-10.28,-2.12,2.24,0.98,-2.24
-7.57,-0.94,1.45,0.76,-1.98
-6.63,0.16,1.41,0.60,-1.81
-6.63,1.41,1.37,0.38,-1.70
-6.67,2.08,1.88,0.26,-1.54
-7.37,2.55,2.90,0.19,-1.45
-8.12,3.57,3.61,0.21,-1.33
-8.67,3.10,4.04,0.22,-1.10
-11.10,3.10,3.84,0.18,-0.90
-11.92,3.02,3.49,0.16,-0.51
-11.53,2.04,3.30,0.27,-0.22
-11.96,1.88,3.57,0.33,0.37
-14.63,2.00,2.86,0.13,0.98
-10.63,-0.90,2.08,-0.24,1.46
-12.16,0.98,1.92,-0.48,2.34
-13.42,2.16,1.84,-0.65,2.86
-12.40,0.59,2.00,-0.80,2.97
-9.61,-1.33,1.69,-1.08,3.21
-6.39,-0.24,1.49,-1.18,3.28
-4.75,1.14,1.73,-1.17,3.27
-5.10,2.20,1.80,-1.02,3.24
-5.69,2.24,1.77,-0.83,3.03
-6.00,2.67,1.96,-0.68,2.71
-7.92,3.96,1.96,-0.32,2.01
-10.00,5.22,2.47,0.11,0.94
-13.02,4.71,2.55,0.40,0.06
-10.75,2.35,2.55,0.69,-1.19
-10.36,1.61,1.88,0.96,-2.22
-8.87,-0.12,2.39,1.06,-2.71
-10.98,-0.59,2.86,1.38,-2.98
-18.79,0.20,3.30,1.74,-3.25
-18.08,1.33,3.96,1.20,-3.13
-17.57,2.51,4.47,0.73,-2.80
-17.93,5.96,4.90,0.44,-2.68
-16.99,8.20,5.45,0.41,-2.61
-14.28,8.43,4.08,0.25,-2.29
-9.69,6.28,1.92,-0.36,-1.96
-2.16,7.53,0.63,-1.06,-1.73
5.41,9.38,4.12,-0.83,-0.58
11.06,10.36,4.63,-0.71,0.25
5.22,10.40,2.31,-0.21,1.54
0.08,8.90,1.18,0.17,2.35
-4.47,13.14,2.12,0.34,2.86
-20.01,15.30,2.51,0.66,4.06
-20.01,5.73,3.41,-0.23,3.12
-20.01,6.00,3.65,0.00,3.16
-20.01,9.85,4.59,0.08,2.79
-17.93,6.79,4.04,0.37,2.18
-10.36,-0.04,1.84,0.49,1.89
-2.31,-6.20,0.39,0.48,1.66
-0.90,-5.10,-1.69,0.64,1.33
-6.75,-1.73,-2.47,0.72,0.74
-8.28,-5.61,-2.82,0.22,0.20
-5.61,-7.77,-2.08,-0.02,-0.36
-7.81,-1.92,-1.06,0.16,-0.88
-18.44,4.20,3.61,0.64,-2.11
-20.01,7.77,3.22,0.07,-2.27
-20.01,5.53,5.14,0.06,-2.12
-20.01,14.20,5.81,-0.00,-2.37
-14.91,12.36,4.82,-0.25,-2.49
-7.49,6.75,2.31,-0.45,-2.25
-0.39,2.55,1.41,-1.24,-1.75
5.10,4.20,0.82,-1.75,-1.18
7.57,9.85,2.67,-1.37,-0.77
8.87,9.92,3.77,-0.69,-0.01
7.57,7.18,3.37,-0.22,0.93
4.75,7.88,2.35,0.05,1.58
-1.73,15.42,2.71,0.65,2.29
-20.01,20.01,0.59,1.14,2.89
-20.01,10.90,2.98,0.77,2.08
-20.01,7.88,4.67,0.94,2.52
-20.01,9.38,2.59,0.71,2.35
-14.91,3.92,3.18,0.90,2.19
-6.55,-4.12,1.80,1.01,2.17
-1.96,-7.30,-1.14,0.87,2.24
-3.49,-4.28,-1.84,0.66,1.75
-6.00,-2.79,-2.63,0.37,1.20
-6.39,-5.88,-2.63,-0.01,0.96
-5.06,-4.67,-0.94,-0.37,0.36
-10.40,0.51,1.26,0.03,-0.66
-19.57,14.24,3.10,-0.15,-1.59
-18.71,6.79,3.61,-0.25,-1.70
-20.01,12.08,3.96,-0.54,-2.19
-17.69,17.65,6.35,-0.72,-2.39
-11.22,13.02,4.35,-0.98,-3.00
-7.18,7.30,2.39,-1.12,-3.07
-0.82,4.31,2.35,-1.60,-2.91
4.47,5.49,3.33,-2.30,-2.24
8.75,8.04,3.02,-1.73,-1.38
9.53,9.85,2.35,-0.98,-1.00
10.04,8.63,0.31,-0.75,-0.12
6.79,7.88,-0.67,-0.15,1.36
-0.51,16.36,1.37,0.38,2.06
-20.01,20.01,2.55,1.55,3.08
-20.01,11.92,2.82,0.89,2.83
-20.01,9.14,5.45,1.29,3.36
-20.01,11.06,5.10,1.16,2.78
-14.08,8.04,5.92,1.73,2.25
-6.04,-1.96,2.20,2.01,2.31
-3.84,-8.71,-2.24,1.69,2.29
-6.51,-5.81,-4.12,1.38,1.45
-9.96,-5.96,-5.73,0.90,0.23
-8.16,-9.34,-4.24,0.20,-0.65
-6.39,-6.24,-1.41,-0.15,-1.37
-9.49,-1.10,0.39,-0.01,-2.41
-20.01,8.90,4.16,0.21,-4.25
-20.01,8.67,3.84,-0.30,-4.36
-20.01,10.20,6.12,0.30,-4.16
-20.01,14.95,6.35,-0.35,-3.70
-16.24,12.67,4.24,-0.26,-3.58
-8.67,7.88,0.94,-0.65,-2.87
-0.12,6.67,1.88,-1.59,-2.64
9.26,9.81,1.37,-1.61,-2.32
12.55,16.28,1.29,-1.16,-1.60
14.32,14.79,2.51,-0.81,0.04
9.30,12.71,0.04,-0.53,1.54
3.73,19.34,5.02,0.14,3.48
-14.87,20.01,6.24,1.10,5.00
-20.01,20.01,9.65,1.70,5.00
-20.01,11.18,3.18,0.14,5.00
-20.01,12.87,3.53,0.20,5.00
-18.63,8.39,4.79,0.90,4.22
-8.36,-5.41,-0.24,1.76,3.08
-7.69,-18.87,-10.12,1.89,2.42
-16.36,-8.55,-14.79,2.60,0.52
-16.08,-8.00,-4.82,3.11,-2.03
-14.28,-10.47,-7.37,1.99,-4.02
-20.01,-6.83,-1.96,2.14,-4.99
-20.01,-2.20,1.69,2.20,-5.00
-20.01,9.89,8.00,1.23,-5.00
-20.01,15.73,8.63,0.52,-5.00
-20.01,20.01,5.10,0.19,-5.00
-12.36,20.01,1.92,-0.30,-4.53
5.81,18.08,-0.98,-1.07,-3.53
20.01,20.01,-4.90,-2.20,-2.52
20.01,20.01,10.71,1.35,2.39
2.39,17.18,9.18,0.56,4.99
-0.55,20.01,7.88,-0.58,5.00
-20.01,20.01,13.69,0.09,5.00
-20.01,20.01,8.43,-0.24,5.00
-20.01,17.42,5.81,-0.08,5.00
-20.01,16.20,-4.47,0.26,5.00
-19.97,0.55,-7.30,1.40,4.18
-8.39,-12.59,-8.28,1.32,2.89
-14.79,-15.97,-13.85,1.20,2.53
-20.01,-3.37,-8.83,2.94,-1.43
-20.01,-10.71,-2.20,1.67,-2.93
-20.01,-2.86,-1.73,1.30,-4.59
-20.01,6.35,5.10,1.73,-5.00
-20.01,14.71,7.85,0.67,-5.00
-20.01,20.01,5.57,0.19,-5.00
-20.01,20.01,-1.29,-0.58,-5.00
-10.16,20.01,-2.98,-1.35,-5.00
9.34,13.81,2.04,-2.70,-4.42
20.01,20.01,-9.85,-3.84,-3.95
20.01,20.01,10.40,0.40,2.88
7.69,20.01,4.51,-0.51,4.97
-1.73,20.01,-0.12,0.69,5.00
-20.01,20.01,12.67,2.44,5.00
-20.01,17.26,3.45,1.44,5.00
-20.01,11.77,-5.53,1.83,5.00
-18.91,-4.00,-6.79,1.79,4.92
-9.77,-20.01,-13.53,2.33,3.74
-18.12,-14.08,-12.94,2.97,0.47
-20.01,-5.65,-10.43,3.12,-3.67
-20.01,-10.43,-0.82,2.19,-4.39
-18.95,-3.26,2.28,1.28,-5.00
-20.01,-2.12,-0.27,1.50,-5.00
-20.01,12.91,2.31,0.51,-5.00
-20.01,14.98,1.77,-0.62,-5.00
-20.01,20.01,-3.45,-0.92,-5.00
-6.43,16.00,-3.65,-1.14,-4.94
4.63,4.90,-2.20,-2.68,-2.35
16.91,20.01,-1.80,-2.42,-1.68
20.01,20.01,4.43,-1.50,-0.94
20.01,20.01,-0.24,-1.12,2.99
16.16,20.01,-4.55,0.72,4.98
0.39,20.01,-1.33,2.20,5.00
-20.01,20.01,6.59,4.80,5.00
-20.01,12.32,-6.35,2.02,5.00
-20.01,7.06,-5.10,2.19,5.00
-15.30,2.04,-4.94,3.06,5.00
-15.02,-20.01,-16.04,3.55,4.62
-20.01,-3.14,-18.91,3.28,0.77
-20.01,-6.86,3.65,2.95,-3.27
-18.01,-15.06,-3.65,2.13,-4.19
-20.01,-2.00,1.41,2.20,-4.97
-20.01,6.90,2.31,1.18,-5.00
-20.01,14.71,-0.39,0.20,-5.00
-20.01,12.16,1.41,0.37,-4.39
-20.01,20.01,-1.65,-1.06,-4.97
-8.83,15.34,-0.94,-1.54,-4.87
6.67,4.00,-0.98,-3.92,-2.87
20.01,20.01,-0.35,-4.35,-3.43
18.04,20.01,9.06,-3.05,-0.47
20.01,20.01,1.80,-2.78,1.80
14.55,20.01,-1.88,-1.09,4.13
-4.94,20.01,-1.41,0.18,5.00
-20.01,20.01,1.18,2.60,5.00
-20.01,5.14,0.78,1.79,5.00
-20.01,10.67,-3.61,2.31,5.00
-20.01,0.75,-10.51,2.66,5.00
-10.08,-13.49,-6.59,3.04,5.00
-14.98,-9.22,-11.10,3.40,3.98
-20.01,-8.20,-4.24,3.80,-0.17
-17.81,-13.89,-3.26,1.71,-1.92
-18.91,-4.67,1.88,2.24,-3.03
-16.75,-0.75,2.63,1.63,-4.36
-20.01,1.41,3.10,1.30,-5.00
-20.01,20.01,0.71,0.25,-5.00
-20.01,7.41,1.29,-0.58,-4.22
-20.01,20.01,0.94,-1.66,-4.70
-9.34,9.38,1.10,-2.98,-4.17
4.55,11.92,0.39,-4.07,-3.54
13.96,20.01,0.00,-4.46,-2.27
19.46,20.01,2.75,-3.52,-0.16
20.01,20.01,-11.18,-2.40,1.88
13.42,20.01,-14.44,0.13,4.63
-6.67,20.01,-14.20,1.88,5.00
-20.01,20.01,-14.24,4.75,5.00
-20.01,18.59,3.30,3.81,5.00
-20.01,12.63,1.06,3.36,5.00
-20.01,9.45,0.78,4.08,5.00
-18.91,-11.61,-2.59,3.37,5.00
-20.01,-14.44,-10.87,3.09,4.83
-20.01,-10.59,-11.89,2.75,1.21
-20.01,-11.38,-1.84,1.38,-1.66
-12.83,-2.55,2.39,0.34,-3.70
-11.73,1.49,1.22,0.61,-5.00
-14.51,2.82,0.47,0.49,-5.00
-20.01,13.34,-3.92,0.77,-5.00
-20.01,20.01,3.57,0.02,-5.00
-20.01,2.51,2.24,0.07,-5.00
-20.01,12.83,1.33,-0.14,-5.00
-6.83,11.14,-2.59,-1.82,-4.17
2.16,10.71,-0.08,-2.33,-2.46
2.55,19.85,1.37,-2.44,-1.94
13.10,20.01,4.00,-2.31,-0.19
20.01,20.01,-4.08,-2.21,0.61
6.08,20.01,-5.57,0.04,3.09
-7.14,20.01,-1.18,1.26,4.72
-20.01,20.01,-5.02,2.49,5.00
-20.01,-4.98,-1.14,1.61,5.00
-20.01,-1.02,2.67,1.43,5.00
-20.01,-1.29,-2.04,1.40,5.00
-12.55,-12.36,-0.67,0.50,5.00
-5.81,-11.61,-2.08,0.09,4.45
-20.01,-10.79,-2.59,0.42,3.44
-10.59,-11.73,-1.37,-0.22,2.10
-11.85,-8.36,0.16,-0.22,0.11
-7.53,-6.43,0.39,0.04,-0.99
-9.81,1.10,1.65,0.37,-2.84
-20.01,10.28,1.06,1.38,-4.99
-20.01,14.79,8.00,1.08,-5.00
-20.01,5.41,7.49,1.34,-5.00
-20.01,11.30,6.83,1.06,-4.98
-13.30,6.86,2.75,0.64,-4.43
-5.14,3.96,0.98,-0.96,-3.35
2.16,16.32,2.75,-1.78,-3.14
10.32,20.01,6.55,-2.00,-2.28
19.46,20.01,4.47,-2.09,-0.39
7.45,19.02,-3.37,-1.08,1.73
-4.39,13.30,-3.41,-0.63,2.48
-20.01,17.53,-6.75,0.81,3.06
-20.01,-4.63,1.88,0.16,4.77
-20.01,-7.69,1.06,0.36,4.87
-20.01,1.45,0.47,0.62,4.66
-19.06,-6.59,-0.78,0.00,4.99
-7.06,-11.10,-0.47,-0.17,4.47
-0.39,-12.63,-1.26,-0.40,4.25
-6.16,-5.30,-2.39,-0.08,3.45
-12.51,-5.30,-1.77,-0.14,2.69
-7.73,-7.34,-0.27,-0.59,1.28
-6.00,-6.43,0.94,-0.48,-0.30
-12.75,0.59,3.45,0.08,-1.85
-20.01,15.30,4.39,0.72,-4.98
-17.02,5.88,8.87,1.05,-4.99
-20.01,6.43,5.61,0.73,-5.00
-20.01,11.85,4.86,-0.19,-4.82
-16.00,9.26,4.04,-0.03,-4.18
-8.79,8.00,2.63,-0.53,-2.57
0.08,9.77,1.88,-1.36,-2.21
6.59,11.89,2.63,-1.22,-1.70
12.87,11.18,3.30,-1.25,-0.91
12.51,11.49,1.29,-0.98,-0.09
7.69,13.38,-0.20,-0.70,0.78
0.82,15.18,0.59,0.23,1.57
-20.01,17.69,-5.77,0.92,2.49
-20.01,-0.94,-2.31,-0.40,3.63
-20.01,2.67,0.67,0.27,4.14
-20.01,7.57,2.35,0.54,4.54
-19.61,2.35,1.69,0.57,4.86
-9.49,-4.82,1.88,0.30,4.21
-2.59,-8.79,-0.20,0.39,3.78
-0.71,-9.02,-1.26,0.70,3.70
-6.08,-5.30,-2.94,0.73,2.86
-10.40,-5.18,-3.61,-0.16,1.46
-10.79,-6.24,-2.43,-0.75,0.29
-7.92,-4.20,-0.51,-0.90,-0.95
-20.01,6.79,3.30,0.05,-3.26
-19.81,10.75,6.90,0.39,-4.98
-20.01,3.41,8.12,1.00,-4.95
-20.01,6.47,5.73,-0.07,-5.00
-19.34,8.71,4.39,-0.15,-5.00
-14.12,6.71,1.33,-0.00,-5.00
-9.77,0.39,1.49,0.05,-4.99
-7.92,-0.12,0.47,-0.25,-4.45
-6.39,3.88,1.10,-0.66,-3.12
-2.75,8.83,2.00,-1.07,-2.42
0.43,13.89,1.53,-1.54,-1.68
3.37,15.02,1.37,-1.47,-0.83
-2.59,12.16,1.41,-1.10,-0.08
-20.01,9.38,-5.18,-0.90,1.05
-20.01,-9.26,-1.53,-0.06,3.49
-20.01,-9.02,-0.94,-0.05,3.88
-20.01,-0.20,2.28,-0.32,4.88
-18.20,2.47,0.63,-0.51,5.00
-17.38,2.00,0.71,-0.60,5.00
-12.43,0.08,0.75,-0.55,5.00
-6.55,-2.71,0.55,-0.31,4.98
-8.20,-6.08,-0.47,-0.45,4.72
-7.14,-4.94,-0.71,-0.86,4.19
-5.33,-2.00,0.47,-0.84,3.27
-4.75,0.16,1.92,-0.61,2.70
-5.49,3.61,3.49,-0.32,2.09
-14.04,10.04,1.33,0.71,0.47
-19.18,6.00,6.04,1.17,-1.00
-12.83,8.71,5.06,1.30,-1.84
-13.49,10.20,6.71,1.39,-2.39
-11.18,9.22,6.04,1.32,-2.94
-9.10,5.73,4.12,1.46,-3.10
-7.45,4.00,1.96,1.46,-2.76
-4.04,2.75,2.00,1.31,-2.25
-3.57,3.37,2.04,1.16,-1.76
-5.30,4.79,1.49,0.98,-1.32
-5.57,5.14,1.14,0.88,-1.03
-6.63,3.73,0.39,0.82,-0.49
-11.18,4.98,-0.20,0.79,-0.19
-16.55,3.92,-1.10,0.69,0.01
-16.79,2.16,-1.45,0.37,0.30
-17.69,0.94,-1.73,0.23,0.52
-17.53,-0.59,-2.16,-0.12,0.97
-12.91,-1.61,-1.14,-0.44,1.46
-8.87,-1.14,-1.22,-0.50,1.79
-6.98,-0.63,-1.37,-0.44,1.82
-7.53,0.00,-1.41,-0.33,1.65
-6.71,0.04,-1.33,-0.25,1.51
-6.43,-0.55,-1.14,-0.12,1.26
-7.18,0.12,-0.16,0.06,1.01
-8.08,1.69,0.59,0.23,0.70
-11.65,1.57,0.90,0.29,0.10
-14.08,0.51,1.77,0.47,-0.12
-10.75,0.04,2.94,0.72,-0.21
-12.28,2.59,4.12,0.95,-0.36
-15.26,3.06,3.84,0.92,-0.50
-14.44,-1.80,2.82,0.87,-0.31
-10.79,-2.00,3.61,0.72,0.17
-8.94,0.75,4.20,0.49,0.36
-7.41,1.77,3.73,0.36,0.44
-6.28,1.88,3.41,0.24,0.31
-5.73,2.35,3.26,0.15,0.24
-5.18,3.26,2.94,0.11,0.19
-6.00,3.80,2.39,0.13,0.10
-8.71,4.47,1.80,0.19,-0.05
-12.47,4.51,0.90,0.21,-0.15
-13.96,3.69,0.86,-0.01,-0.14
-12.43,3.84,0.08,-0.20,0.04
-15.10,3.80,-0.82,-0.33,0.18
-15.61,0.51,-1.92,-0.57,0.56
-12.12,-2.39,-0.86,-0.71,0.98
-8.39,-0.51,0.27,-0.71,1.47
-6.98,0.63,0.12,-0.69,1.86
-7.37,2.31,-0.31,-0.77,1.87
-8.32,2.28,-0.78,-0.94,1.88
-8.55,1.29,-1.02,-1.04,1.91
-8.87,1.10,-1.06,-0.99,1.78
-10.20,1.73,-0.47,-0.81,1.39
-10.59,2.94,1.29,-0.55,0.92
-12.24,3.37,2.28,-0.27,0.59
-14.55,1.77,2.59,0.10,0.06
-12.79,0.94,3.10,0.47,-0.50
-11.81,0.63,3.10,0.89,-0.78
-10.36,-0.90,3.02,1.27,-0.97
-10.51,-1.41,3.22,1.42,-0.92
-12.59,-0.94,3.41,1.47,-0.90
-12.08,-1.10,3.53,1.37,-0.96
-9.57,-1.73,3.41,1.21,-0.93
-8.16,-0.59,3.10,1.12,-0.99
-7.22,0.75,2.59,0.91,-1.12
-6.32,0.63,2.35,0.62,-1.15
-6.43,0.47,2.16,0.42,-1.09
-6.90,0.82,2.31,0.21,-0.99
-7.88,1.18,2.51,0.21,-0.96
-9.06,2.31,3.30,0.28,-0.96
-8.39,2.47,3.84,0.39,-0.86
-9.89,2.35,3.22,0.43,-0.70
-11.85,2.20,3.10,0.35,-0.56
-13.02,3.14,2.39,0.45,-0.38
-13.93,2.47,2.39,0.33,-0.28
-12.79,-1.06,1.80,-0.09,0.44
-14.40,-1.61,1.53,-0.35,1.34
-14.71,-1.29,0.51,-0.50,1.86
-13.96,-2.20,0.63,-0.68,2.56
-10.43,-1.69,1.02,-0.81,3.12
-7.65,-0.27,1.14,-0.83,3.27
-6.32,1.45,1.37,-0.79,3.19
-5.96,2.24,0.67,-0.78,3.10
-6.39,1.92,0.47,-0.82,2.99
-5.88,2.43,0.08,-0.75,2.63
-7.88,3.45,0.31,-0.48,2.11
-10.12,4.00,0.51,-0.42,1.64
-11.02,3.57,0.82,-0.42,0.77
-12.12,2.75,1.65,-0.26,-0.13
-11.26,2.31,2.67,-0.05,-0.68
-12.87,4.20,3.02,0.36,-1.65
-10.79,3.02,4.51,0.72,-2.25
-11.10,2.59,3.73,1.04,-2.44
-15.49,2.35,3.33,1.24,-2.80
-15.26,0.55,2.82,1.05,-2.99
-10.43,-0.43,2.75,1.01,-2.79
-7.73,0.51,2.04,0.98,-2.64
-6.08,0.59,1.45,0.71,-2.39
-5.26,0.16,0.71,0.51,-2.14
-6.79,0.20,0.43,0.31,-1.79
-7.45,0.63,0.39,0.19,-1.59
-8.32,0.94,1.02,0.09,-1.34
-10.00,2.00,1.96,0.11,-1.15
-9.53,3.14,3.06,0.21,-1.03
-9.96,3.77,3.73,0.37,-0.84
-11.45,4.59,3.53,0.51,-0.69
-11.53,4.51,3.37,0.58,-0.52
-13.14,2.71,2.28,0.52,-0.30
-12.59,-1.33,1.18,0.03,0.67
-14.00,-1.57,0.39,-0.18,1.42
-14.71,-0.47,0.39,-0.25,2.36
-15.65,-1.65,0.08,-0.45,3.02
-12.04,-2.31,0.86,-0.77,3.24
-8.00,-0.51,1.33,-1.08,3.64
-6.83,0.51,0.31,-1.20,3.83
-7.69,1.10,0.24,-1.31,3.77
-6.71,2.35,0.24,-1.35,3.57
-6.86,2.47,0.31,-1.21,3.28
-9.10,2.94,0.08,-1.14,2.97
-10.63,4.20,0.71,-1.13,2.11
-10.51,3.80,1.33,-1.00,1.25
-10.24,2.82,2.35,-0.79,0.71
-8.83,3.02,3.18,-0.28,0.01
-12.16,6.55,3.26,0.31,-1.36
-8.47,5.26,4.75,0.62,-2.02
-9.85,5.02,4.16,1.24,-2.66
-13.57,4.79,3.77,1.43,-3.23
-14.44,1.96,2.55,1.41,-3.64
-11.18,-0.59,1.61,1.24,-3.51
-8.67,-0.35,2.08,1.18,-3.41
-7.14,0.51,2.04,1.04,-3.14
-6.90,-0.20,1.69,0.69,-2.76
-6.55,-0.20,1.73,0.47,-2.42
-7.96,-0.12,1.65,0.25,-1.90
-9.14,1.92,2.00,0.21,-1.67
-9.49,3.41,2.39,0.23,-1.55
-9.85,2.31,2.47,0.21,-1.27
-10.59,2.79,2.86,0.23,-0.95
-10.67,4.28,3.37,0.30,-0.75
-14.67,5.53,2.47,0.43,-0.51
-11.65,2.16,2.20,0.12,0.15
-13.96,1.14,1.45,-0.01,0.72
-14.12,0.59,0.71,-0.26,1.65
-14.79,-1.45,0.24,-0.46,2.48
-12.71,-1.96,0.55,-0.64,2.91
-10.08,-1.22,1.22,-0.90,3.44
-8.24,0.63,1.57,-1.08,3.81
-7.18,1.92,1.53,-1.17,3.93
-6.67,2.47,1.57,-1.24,3.94
-7.10,3.06,1.49,-1.21,3.71
-9.49,2.90,0.75,-1.18,3.35
-10.79,2.35,0.94,-1.25,2.70
-10.08,2.94,1.33,-1.17,1.96
-10.90,3.53,1.69,-0.96,1.37
-10.43,3.37,2.39,-0.66,0.44
-10.32,4.31,2.04,-0.38,-0.58
-10.20,5.22,3.10,0.14,-1.35
-7.30,4.51,3.69,0.72,-2.06
-10.32,5.84,4.00,1.18,-2.54
-12.16,5.41,3.96,1.50,-3.31
-10.75,2.55,3.10,1.53,-3.67
-8.55,0.43,2.20,1.50,-3.60
-7.30,0.43,1.65,1.41,-3.51
-7.18,0.75,1.26,1.35,-3.23
-7.49,0.27,1.06,1.24,-2.97
-8.83,-0.27,0.86,1.04,-2.55
-10.16,-0.24,1.29,0.89,-2.25
-11.30,0.82,2.12,0.76,-2.08
-11.73,2.75,2.90,0.62,-1.79
-11.53,3.26,3.73,0.50,-1.42
-10.71,4.47,3.73,0.43,-1.15
-11.65,4.71,3.26,0.43,-0.61
-14.04,3.53,2.59,0.25,-0.02
-10.24,-0.78,2.08,-0.04,0.57
-12.87,-0.63,1.61,-0.33,1.50
-13.61,0.16,1.37,-0.73,2.20
-13.49,-0.12,1.18,-0.88,2.58
-11.06,-0.75,1.02,-1.16,3.04
-8.79,0.16,1.41,-1.38,3.41
-7.37,1.22,1.73,-1.50,3.58
-6.98,1.80,1.18,-1.60,3.66
-9.45,1.29,0.31,-1.71,3.39
-10.20,1.41,0.71,-1.80,3.19
-9.14,2.00,1.26,-1.76,2.85
-11.14,2.71,0.98,-1.60,2.32
-12.67,3.06,1.02,-1.43,1.73
-10.51,2.35,2.16,-1.08,0.63
-8.79,2.71,2.43,-0.65,-0.01
-12.32,5.65,3.26,-0.01,-1.34
-7.34,3.96,4.39,0.60,-2.08
-8.94,5.06,4.31,1.17,-2.44
-12.36,5.41,4.24,1.70,-3.09
-11.65,3.18,3.61,1.72,-3.72
-8.36,0.90,2.86,1.66,-3.61
-6.67,0.04,1.84,1.61,-3.40
-6.79,0.27,1.53,1.48,-3.19
-7.30,0.39,1.37,1.35,-3.06
-9.14,0.86,1.61,1.21,-2.88
-10.71,1.53,2.20,1.06,-2.72
-11.53,2.59,3.37,0.94,-2.54
-10.16,3.26,3.88,0.69,-2.07
-10.08,3.10,3.88,0.47,-1.34
-9.89,2.16,3.06,0.36,-0.76
-12.94,2.08,2.24,0.27,0.11
-14.44,1.92,1.69,-0.09,0.84
-12.71,-1.26,0.86,-0.41,1.43
-13.77,-2.12,0.51,-0.81,2.39
-14.00,-0.55,0.82,-1.06,3.08
-12.47,1.41,1.49,-1.09,3.41
-10.75,1.10,1.61,-1.13,3.82
-8.55,1.57,1.69,-1.28,3.98
-6.90,2.16,1.61,-1.34,4.01
-7.41,2.35,0.94,-1.32,3.83
-8.39,2.75,0.75,-1.30,3.49
-8.36,2.94,0.59,-1.22,3.20
-10.04,2.51,0.43,-1.09,2.65
-10.55,2.67,0.94,-1.05,2.21
-10.59,3.10,1.29,-0.88,1.38
-10.04,2.67,2.35,-0.55,0.58
-8.71,3.65,2.90,-0.20,0.06
-11.77,6.55,3.30,0.40,-1.27
-8.12,5.10,4.47,0.90,-2.26
-9.30,5.41,4.28,1.30,-2.75
-11.92,5.96,4.31,1.50,-3.42
-12.00,3.26,3.33,1.39,-3.96
-9.57,0.39,2.86,1.34,-3.96
-7.77,0.31,2.43,1.30,-3.89
-7.49,1.57,2.47,1.14,-3.63
-7.06,1.96,1.96,0.92,-3.35
-8.36,0.86,1.73,0.72,-2.75
-9.65,0.27,1.73,0.59,-2.16
-10.08,0.55,2.20,0.54,-1.78
-10.08,1.73,2.63,0.43,-1.24
-11.26,3.41,3.02,0.34,-0.83
-11.18,4.24,2.86,0.25,-0.60
-11.26,4.04,2.82,0.22,-0.18
-14.40,4.31,2.79,0.10,0.26
-10.79,0.86,2.43,-0.18,0.76
-13.85,0.43,1.88,-0.38,1.61
-14.12,1.26,1.88,-0.60,2.18
-13.61,1.92,1.92,-0.68,2.50
-11.34,0.75,1.57,-0.87,2.92
-9.06,0.16,1.49,-1.06,3.13
-7.49,1.14,1.37,-1.26,3.27
-7.77,1.29,0.94,-1.37,3.37
-8.08,1.65,0.86,-1.42,3.31
-8.79,1.57,0.94,-1.43,3.14
-10.32,1.49,0.98,-1.49,2.87
-10.28,2.51,1.26,-1.50,2.53
-10.51,3.18,1.53,-1.31,1.86
-10.90,2.51,2.28,-0.96,0.76
-7.69,2.04,2.98,-0.63,-0.03
-11.22,3.06,2.82,-0.05,-0.86
-10.79,2.59,3.92,0.43,-1.73
-8.83,3.22,4.20,0.90,-2.13
-11.73,3.80,4.16,1.49,-2.63
-12.36,3.84,3.84,1.62,-3.25
-10.08,2.55,3.37,1.61,-3.43
-8.24,1.61,2.59,1.62,-3.42
-7.41,1.69,2.67,1.68,-3.41
-7.14,2.00,2.63,1.70,-3.33
-8.39,2.08,2.63,1.56,-3.17
-9.38,1.45,2.55,1.30,-2.91
-10.63,0.31,2.79,1.15,-2.72
-10.04,0.27,3.22,0.91,-2.31
-10.90,1.61,3.61,0.62,-1.72
-10.67,2.63,3.80,0.42,-1.24
-10.20,2.00,3.45,0.24,-0.38
-11.73,3.69,2.79,0.11,0.31
-11.89,2.04,2.51,-0.06,0.84
-11.85,0.98,1.49,-0.46,1.57
-14.08,-0.35,1.06,-0.71,2.35
-14.16,-0.90,0.98,-1.03,2.83
-12.79,-0.12,1.37,-1.16,3.36
-11.57,0.86,2.00,-1.19,3.64
-9.96,1.88,2.08,-1.27,3.87
-8.20,2.28,2.08,-1.39,4.02
-8.51,1.77,0.55,-1.43,3.93
-9.49,1.41,1.14,-1.56,3.84
-7.53,2.31,1.29,-1.66,3.71
-10.55,3.77,1.73,-1.71,3.63
-11.73,4.86,1.96,-1.83,3.77
-8.63,6.63,2.20,-1.54,3.49
-7.10,6.79,3.73,-1.27,3.08
-6.08,8.87,4.79,-0.87,1.71
-5.18,9.06,5.88,-0.44,0.18
-1.61,5.49,6.71,-0.26,-0.40
-5.06,11.73,3.84,-0.32,-0.50
-4.12,13.77,3.49,0.11,-0.16
-3.30,7.65,3.45,-0.12,0.25
0.16,7.85,3.73,-0.74,0.58
1.26,8.43,3.77,-0.91,1.04
0.39,7.77,3.69,-0.74,1.34
-0.82,5.92,3.53,-0.50,1.34
-1.33,5.45,3.61,-0.30,0.73
-1.37,5.73,3.88,-0.12,0.28
-0.94,5.73,4.31,0.29,-0.38
-0.94,6.00,3.73,0.70,-0.79
-2.98,5.14,3.61,1.45,-1.69
-5.33,8.83,4.00,1.64,-2.21
-4.47,10.32,3.92,1.57,-2.15
-7.65,12.43,4.16,1.71,-2.81
-7.88,9.38,5.37,1.50,-2.73
-8.08,9.77,3.37,1.20,-2.31
-8.79,11.06,4.39,0.97,-2.10
-7.77,8.00,4.51,0.85,-1.81
-6.90,4.75,4.31,0.69,-1.24
-5.26,4.82,3.88,0.36,-0.61
-4.79,5.81,3.18,0.31,-0.13
-4.28,5.14,2.16,0.32,0.20
-4.75,4.90,0.98,0.42,0.49
-6.35,4.16,0.78,0.58,0.34
-7.57,4.75,1.96,0.67,0.21
-7.69,5.33,1.80,1.05,-0.48
-10.04,3.02,0.08,1.33,-1.72
-14.24,-2.28,0.08,1.35,-2.20
-11.41,-0.31,1.69,1.66,-3.05
-16.51,3.73,4.28,2.17,-4.40
-11.61,2.71,5.84,2.39,-4.15
-13.26,-0.08,3.96,1.86,-3.90
-12.55,0.20,2.67,1.33,-2.90
-12.79,4.71,6.75,1.27,-1.49
-8.04,6.79,6.75,0.11,-0.55
-4.67,10.59,5.61,-1.00,0.80
-7.53,6.28,5.81,-1.14,2.29
-10.90,-1.92,3.26,-1.60,4.06
-12.98,-2.90,-0.98,-1.95,4.97
-10.87,-0.12,0.08,-2.13,4.61
-4.90,-5.57,-2.47,-0.28,1.35
-4.79,-8.79,-3.26,1.01,-1.43
-15.34,-9.38,-2.94,2.91,-3.60
-18.40,-5.18,0.27,3.55,-3.91
-18.04,5.18,6.16,3.67,-4.37
-17.34,0.55,6.67,3.19,-4.08
-17.65,8.32,11.38,1.22,-2.90
-5.33,8.63,15.34,0.06,-1.12
-12.75,6.71,10.51,-1.27,1.70
-15.26,7.14,6.90,-2.46,3.23
-17.73,3.49,4.94,-3.04,3.79
-16.44,1.10,2.94,-3.65,4.02
-13.10,1.10,0.90,-3.55,3.81
-12.24,-1.84,-1.69,-3.12,3.60
-8.39,-5.77,-6.59,-2.53,2.97
-5.45,-6.71,-9.18,-1.28,1.28
-6.98,-8.04,-10.43,-0.07,0.34
-9.34,-5.41,-6.43,1.41,-1.37
-13.89,-6.00,-4.28,2.80,-2.16
-13.93,-4.51,-2.20,3.41,-2.46
-16.79,-1.06,1.77,3.88,-3.10
-19.06,0.16,6.98,3.74,-3.03
-13.93,5.84,13.89,2.92,-2.72
-11.69,6.16,14.71,1.11,-0.66
-14.16,4.86,12.87,-0.53,1.76
-12.91,3.30,8.36,-1.40,3.00
-10.40,4.98,3.77,-2.25,3.73
-7.65,0.20,0.35,-2.54,2.87
-5.77,-5.33,-1.57,-2.22,2.32
-6.12,-7.53,-4.39,-0.84,0.35
-7.26,-9.89,-5.69,0.93,-1.69
-6.75,-3.41,-2.00,1.88,-2.56
-10.00,1.49,1.33,3.02,-3.50
-15.38,-0.55,1.57,3.11,-3.34
-16.63,4.24,5.96,2.42,-3.25
-7.85,6.71,13.42,1.58,-2.20
-18.99,5.57,10.55,0.62,0.05
-11.77,4.82,9.06,-0.78,1.13
-16.04,5.45,5.45,-1.54,2.87
-17.85,2.51,2.47,-2.03,3.49
-18.16,1.61,1.73,-2.33,3.78
-11.61,1.65,1.92,-2.35,3.82
-8.04,1.26,0.47,-2.16,3.96
-7.85,2.08,-0.55,-1.73,3.54
-8.39,-0.55,-1.45,-1.47,2.56
-6.98,-2.67,-1.45,-1.36,2.05
-5.45,-1.22,-0.55,-0.99,1.52
-9.77,-2.28,-1.33,-0.43,0.69
-11.14,-2.51,-0.94,-0.15,0.08
-9.41,-2.51,0.55,0.44,-0.78
-9.10,-1.14,1.29,1.14,-1.55
-12.51,0.82,1.26,1.57,-2.19
-15.65,2.43,3.26,2.22,-3.10
-14.20,4.75,4.63,2.72,-3.54
-17.69,2.20,1.84,2.62,-3.54
-16.51,-0.59,1.96,2.07,-3.68
-10.83,1.33,3.92,1.89,-3.32
-9.96,2.82,3.88,1.63,-3.02
-9.81,2.90,2.86,1.18,-2.60
-6.47,3.26,3.14,0.76,-2.14
-6.35,3.02,3.41,0.62,-1.67
-7.81,4.00,3.41,0.38,-1.02
-8.28,4.86,3.73,0.24,-0.55
-10.00,4.43,4.12,0.23,-0.29
-10.20,4.35,4.08,0.07,0.09
-10.55,3.37,4.20,-0.04,0.56
-12.12,3.10,3.30,-0.12,0.88
-16.51,1.18,2.67,-0.35,1.60
-11.61,-1.73,1.65,-0.69,2.05
-15.46,0.31,2.08,-0.88,3.03
-17.93,3.06,1.61,-0.93,3.59
-17.46,-0.51,0.55,-1.06,3.80
-12.63,-1.80,0.67,-1.32,3.99
-7.26,-1.22,0.90,-1.14,4.31
-5.81,2.28,1.22,-0.97,4.21
-5.26,5.02,1.69,-0.78,3.85
-5.41,3.61,0.78,-0.58,3.33
-7.65,1.41,0.04,-0.52,2.85
-7.88,1.29,0.27,-0.48,2.00
-8.12,2.55,0.43,-0.28,0.88
-9.96,2.24,0.59,-0.13,0.13
-8.83,1.77,1.84,0.13,-0.93
-9.26,3.49,1.88,0.60,-2.06
-13.77,5.69,2.75,0.90,-2.91
-10.08,4.86,4.24,1.21,-3.71
-11.06,5.69,3.96,1.67,-4.29
-17.02,5.41,3.61,1.79,-4.70
-15.73,3.22,3.14,1.47,-4.79
-10.08,-0.82,2.04,1.43,-4.11
-8.51,-1.18,1.65,1.47,-3.63
-8.36,0.08,1.53,1.29,-3.05
-8.47,-0.63,0.24,1.03,-2.45
-9.81,-0.59,-0.08,0.81,-2.18
-10.08,1.57,1.02,0.46,-1.95
-9.81,3.84,2.24,0.26,-1.65
-9.02,4.51,3.02,0.08,-1.39
-9.41,5.18,3.30,0.08,-1.01
-9.77,5.14,3.37,0.08,-0.69
-10.20,3.45,3.10,0.14,-0.05
-13.18,3.02,2.16,0.14,0.65
-12.75,-0.47,1.69,-0.04,1.36
-13.18,-1.29,1.33,-0.45,2.29
-14.55,0.12,1.41,-0.81,3.21
-15.85,0.12,0.82,-0.97,3.67
-15.53,-1.26,0.63,-1.28,4.17
-12.08,-0.67,1.18,-1.53,4.47
-9.06,1.10,2.08,-1.54,4.62
-7.69,2.35,1.88,-1.45,4.52
-7.85,3.80,1.84,-1.37,4.20
-8.00,3.96,1.14,-1.28,3.86
-9.06,2.86,0.78,-1.13,3.10
-9.02,2.00,0.86,-1.01,2.30
-10.24,2.12,0.51,-0.87,1.72
-10.00,1.29,1.26,-0.63,0.51
-7.77,1.49,2.04,-0.21,-0.66
-11.57,4.79,2.35,0.24,-1.48
-10.87,4.82,3.92,0.75,-2.64
-7.96,4.71,4.16,1.43,-3.27
-11.57,5.41,4.20,1.81,-3.63
-14.36,4.59,3.53,1.92,-4.32
-12.16,1.69,2.55,1.67,-4.15
-8.67,-1.14,1.61,1.56,-3.81
-8.28,-1.06,1.57,1.57,-3.47
-8.98,0.20,1.73,1.50,-3.17
-8.90,1.96,2.16,1.21,-3.00
-8.55,1.80,2.55,0.93,-2.63
-10.28,2.67,3.10,0.76,-2.42
-10.94,3.53,3.49,0.56,-2.03
-11.77,3.06,3.45,0.41,-1.42
-10.98,2.20,3.53,0.26,-0.93
-10.40,2.86,3.57,0.12,-0.18
-13.69,4.82,2.35,-0.01,0.44
-12.32,1.80,1.88,-0.13,0.97
-10.83,-0.67,1.45,-0.44,1.83
-13.57,0.86,1.22,-0.79,2.58
-14.40,1.10,1.02,-0.99,2.95
-13.26,0.51,1.10,-1.25,3.33
-11.06,0.16,1.10,-1.42,3.63
-9.41,0.94,1.14,-1.49,3.67
-8.28,1.69,1.26,-1.55,3.69
-7.88,2.51,1.06,-1.51,3.51
-8.55,2.71,0.94,-1.45,3.40
-9.57,2.31,0.75,-1.39,3.07
-8.94,2.39,1.14,-1.28,2.62
-9.61,2.98,1.57,-1.13,2.23
-10.32,2.63,1.80,-0.90,1.49
-9.53,2.28,1.96,-0.61,0.74
-7.65,3.45,2.79,-0.28,0.22
-11.77,6.35,2.39,0.30,-1.03
-9.73,5.45,4.00,0.71,-2.16
-8.20,5.26,4.00,1.15,-2.65
-10.08,5.06,4.04,1.62,-3.24
-11.65,4.75,3.80,1.71,-3.74
-10.87,2.75,3.02,1.71,-4.09
-8.59,1.29,2.39,1.66,-4.03
-7.26,0.71,2.08,1.62,-3.87
-7.57,0.55,1.84,1.53,-3.54
-8.71,0.51,1.69,1.27,-3.19
-10.55,0.31,1.69,1.07,-2.90
-10.59,0.24,2.24,0.79,-2.41
-10.32,1.69,3.02,0.60,-1.89
-11.69,3.14,3.49,0.49,-1.46
-11.14,3.80,3.45,0.29,-0.83
-10.59,3.65,3.30,0.21,-0.17
-13.10,4.79,2.12,0.16,0.19
-12.75,0.27,1.73,-0.13,0.95
-11.18,-1.88,0.86,-0.60,1.78
-12.87,-0.82,0.59,-0.83,2.32
-14.28,0.39,1.02,-1.07,2.87
-13.69,0.51,1.18,-1.23,3.30
-11.57,0.27,1.61,-1.31,3.57
-9.22,1.29,2.00,-1.37,3.84
-7.34,1.69,1.92,-1.35,3.85
-7.37,2.16,1.80,-1.29,3.79
-7.53,2.82,1.61,-1.20,3.46
-7.45,2.59,1.18,-1.10,3.11
-7.77,2.24,0.82,-1.06,2.77
-8.63,3.06,0.98,-0.94,2.01
-10.16,3.73,1.10,-0.80,0.88
-10.63,3.45,1.80,-0.59,0.11
-8.90,4.20,2.55,-0.18,-0.87
-12.55,6.67,2.86,0.17,-1.71
-9.61,4.79,4.35,0.57,-2.82
-8.28,4.55,4.39,1.10,-3.37
-11.26,4.63,4.16,1.37,-3.68
-12.67,3.06,3.14,1.35,-4.11
-11.10,0.75,2.39,1.30,-3.99
-8.75,0.16,1.88,1.31,-3.79
-8.20,0.12,1.57,1.21,-3.48
-8.55,0.59,1.61,0.95,-3.13
-8.75,0.59,1.45,0.79,-2.80
-9.57,0.27,1.61,0.60,-2.25
-9.45,1.18,2.16,0.47,-1.75
-9.65,2.55,2.63,0.43,-1.42
-10.24,2.82,2.94,0.39,-0.92
-10.12,3.22,3.06,0.31,-0.45
-10.28,3.53,3.06,0.32,-0.16
-12.55,5.10,2.79,0.37,0.18
-12.91,2.00,2.31,0.09,0.76
-11.41,-0.71,2.16,-0.18,1.32
-13.45,-0.59,1.53,-0.54,2.16
-14.16,0.75,1.49,-0.76,2.76
-14.16,0.47,0.98,-0.87,3.07
-12.59,-0.71,1.02,-1.13,3.45
-9.57,0.08,1.61,-1.35,3.71
-7.45,1.18,1.65,-1.39,3.81
-7.10,2.31,1.26,-1.35,3.68
-7.57,3.33,1.26,-1.30,3.42
-8.55,3.53,1.14,-1.22,3.16
-8.83,2.82,1.45,-1.15,2.69
-9.26,3.02,1.41,-1.08,2.29
-10.67,3.30,1.26,-0.91,1.50
-10.98,2.71,2.08,-0.71,0.50
-9.61,4.04,2.51,-0.44,-0.18
-11.26,5.73,3.14,0.14,-1.42
-7.73,4.24,4.08,0.65,-2.24
-8.43,4.98,4.08,1.01,-2.59
-11.26,5.53,3.69,1.32,-3.18
-11.61,3.61,2.75,1.34,-3.72
-9.77,0.71,2.20,1.34,-3.75
-8.55,0.08,2.12,1.33,-3.63
-7.96,0.94,2.08,1.29,-3.47
-8.04,1.61,1.96,1.19,-3.26
-8.36,1.26,1.96,1.04,-2.83
-9.38,0.98,2.31,0.94,-2.33
-10.16,2.08,2.75,0.84,-2.06
-9.61,2.16,3.26,0.68,-1.58
-10.94,2.28,3.22,0.56,-1.05
-10.98,2.59,3.30,0.43,-0.70
-10.98,2.35,3.30,0.30,-0.15
-12.08,4.16,2.71,0.15,0.28
-13.45,3.73,2.86,-0.09,0.64
-11.22,2.08,2.28,-0.44,1.25
-13.49,2.94,2.04,-0.62,1.78
-14.28,3.57,1.77,-0.86,2.05
-14.87,2.31,1.29,-1.08,2.39
-12.83,0.39,0.78,-1.29,2.51
-10.63,-0.86,0.82,-1.61,2.73
-8.71,-0.55,0.51,-1.87,2.88
-8.24,1.65,0.59,-1.96,2.89
-8.36,3.26,0.86,-1.93,2.87
-8.59,3.73,0.63,-1.81,2.71
-9.77,3.02,0.71,-1.71,2.54
-9.22,2.98,1.41,-1.43,2.07
-8.24,3.73,2.28,-1.10,1.72
-7.61,3.96,2.67,-0.88,1.32
-9.38,2.16,2.79,-0.60,0.80
-10.04,2.43,3.41,-0.23,0.28
-9.77,2.71,4.39,0.27,-0.10
-8.67,2.35,4.20,0.86,-0.68
-11.34,2.20,3.10,0.91,-1.21
-10.83,1.29,2.86,0.82,-1.34
-10.00,0.94,2.82,0.89,-1.48
-7.73,1.26,3.80,1.11,-1.65
-6.32,1.92,4.20,1.18,-1.84
-7.30,3.02,4.00,1.19,-2.14
-7.53,3.73,4.94,1.13,-2.36
-6.98,3.45,4.67,1.03,-2.43
-9.22,3.18,5.45,1.09,-2.67
-9.18,3.96,5.96,1.17,-2.82
-9.38,3.10,5.96,1.03,-2.77
-10.43,3.49,5.88,0.86,-2.64
-11.45,3.96,5.37,0.66,-2.39
-9.77,4.00,5.84,0.32,-1.70
-11.30,4.51,4.31,-0.07,-0.55
-14.51,6.16,4.31,-0.30,0.37
-12.75,4.75,2.94,-0.57,1.34
-13.26,2.08,2.47,-0.97,2.13
-14.63,2.24,2.55,-1.18,2.71
-14.16,2.16,2.51,-1.40,3.43
-12.12,0.90,2.51,-1.56,3.98
-10.20,0.27,2.59,-1.72,4.27
-8.12,2.12,2.86,-1.95,4.61
-7.37,3.53,2.90,-1.94,4.69
-6.71,4.28,2.43,-1.84,4.38
-6.59,3.61,2.28,-1.62,3.61
-6.71,2.63,1.33,-1.41,2.92
-7.34,2.63,1.84,-1.25,2.32
-8.20,1.41,1.61,-1.04,1.40
-6.16,0.75,1.96,-0.72,0.53
-5.06,2.55,3.61,-0.28,-0.08
-8.04,4.90,4.63,0.49,-1.30
-9.30,5.41,5.61,1.18,-2.60
-7.73,5.06,5.92,1.64,-3.24
-8.24,6.16,6.00,2.37,-4.01
-11.26,6.20,4.75,2.70,-4.83
-14.51,4.20,3.41,2.60,-5.00
-12.63,1.69,3.53,2.36,-5.00
-12.43,0.16,3.33,2.36,-5.00
-14.08,0.20,4.35,2.31,-4.98
-12.47,1.10,5.02,2.00,-4.61
-11.92,1.77,4.82,1.75,-4.20
-12.32,2.12,4.79,1.17,-3.58
-9.89,3.26,4.67,0.70,-2.95
-8.47,3.10,4.47,0.49,-2.37
-7.73,3.22,4.04,0.26,-1.52
-8.39,4.86,3.77,0.07,-0.67
-8.04,4.51,3.14,0.04,-0.07
-10.71,2.90,1.88,-0.04,0.79
-12.87,1.29,1.80,-0.45,1.97
-11.02,0.98,2.16,-0.56,2.90
-12.59,0.39,1.65,-0.76,4.31
-15.34,1.61,1.80,-1.09,5.00
-15.42,5.33,2.67,-1.47,5.00
-16.63,5.10,2.71,-1.80,5.00
-15.57,6.43,3.80,-2.03,5.00
-10.98,6.51,4.71,-2.13,5.00
-8.20,6.12,4.94,-2.11,5.00
-5.30,8.59,5.41,-1.74,5.00
-4.08,9.57,4.59,-1.64,5.00
-4.20,8.75,3.53,-1.39,4.96
-2.86,8.08,5.53,-1.04,3.63
-3.53,8.75,4.24,-0.61,2.71
-4.51,8.28,4.31,-0.27,1.04
-3.49,3.77,4.31,0.10,-0.36
-4.28,8.16,6.51,0.36,-0.55
0.24,10.75,6.67,-0.28,-0.44
3.65,9.18,5.30,-0.44,-0.56
4.75,8.90,6.08,-0.93,0.06
5.02,12.08,5.81,-1.33,0.72
2.79,9.53,6.43,-1.33,1.06
2.94,8.04,6.16,-1.35,1.41
2.08,7.45,6.16,-1.29,1.84
0.43,5.02,4.71,-1.31,2.03
0.94,2.51,3.92,-1.29,2.06
1.26,0.71,3.69,-0.95,1.68
1.41,0.08,4.04,-0.52,1.32
0.86,-0.43,3.18,0.47,0.69
0.16,-1.88,1.96,1.39,-0.05
1.33,0.47,2.90,2.04,-0.60
2.47,4.12,3.33,3.08,-1.12
1.33,3.30,2.08,3.90,-1.50
0.78,3.18,3.84,4.49,-1.87
0.86,4.35,5.14,4.99,-1.90
-1.57,8.16,5.33,4.99,-2.06
-5.73,7.30,8.90,4.99,-2.38
-5.45,5.73,9.06,4.99,-2.94
-9.65,7.02,8.43,4.99,-2.84
-12.67,8.71,6.63,4.80,-3.10
-11.34,8.87,7.61,3.88,-3.07
-12.51,4.51,8.28,3.06,-2.52
-10.47,5.02,8.59,2.07,-1.25
-8.98,7.41,8.47,1.25,-0.20
-7.53,8.16,6.79,0.95,0.46
-8.43,6.47,4.47,0.60,1.22
-8.87,5.02,3.30,0.27,1.56
-9.61,4.98,2.24,0.15,1.63
-10.63,3.18,2.94,-0.02,1.77
-10.28,3.33,2.63,-0.19,1.60
-9.89,1.73,2.47,-0.22,1.50
-9.22,0.55,2.31,-0.25,1.21
-9.85,2.12,2.47,-0.21,0.75
-12.08,4.55,3.06,-0.04,0.23
-12.00,2.79,3.49,0.24,-0.42
-7.77,0.04,2.82,0.44,-0.47
-11.45,2.28,2.67,0.54,-0.85
-10.32,3.06,2.55,0.38,-1.20
-10.08,2.59,1.77,0.41,-1.37
-10.67,1.49,1.65,0.44,-1.55
-9.14,2.35,1.88,0.45,-1.62
-8.20,4.47,3.22,0.56,-1.61
-6.90,6.20,3.69,0.59,-1.64
-9.30,8.00,4.24,0.53,-1.53
-7.41,7.96,3.22,0.48,-1.47
-8.98,5.10,3.80,0.52,-0.71
-8.90,3.80,4.28,0.27,0.77
-8.90,5.61,3.84,0.12,1.66
-8.87,7.10,2.86,-0.24,2.27
-7.65,7.53,3.18,-0.46,2.26
-7.73,5.45,2.86,-0.43,2.17
-9.26,3.80,2.20,-0.35,2.03
-10.16,2.63,2.00,-0.30,1.80
-10.71,2.59,2.00,-0.14,1.70
-9.69,3.45,1.65,0.07,1.29
-10.20,4.59,1.10,0.25,0.53
-8.79,3.41,1.14,0.44,0.12
-10.75,1.41,0.16,0.66,-0.36
-11.85,0.24,0.67,0.57,-0.50
-10.63,0.67,0.20,0.44,-0.43
-10.28,3.73,2.28,0.49,-0.13
-8.12,5.88,3.45,0.53,0.31
-7.30,7.65,3.41,0.65,0.53
-6.79,7.06,2.59,0.86,0.77
-7.30,4.94,1.49,0.83,0.95
-7.69,5.37,1.33,0.73,0.97
-7.81,6.63,1.41,0.63,1.20
-7.57,7.57,1.92,0.75,1.57
-7.96,6.98,1.88,0.79,1.79
-7.77,6.59,1.84,0.62,1.99
-7.65,6.43,1.80,0.48,2.21
-7.37,7.26,2.00,0.37,2.34
-6.86,8.28,3.02,0.47,2.23
-8.79,9.22,2.94,0.55,2.02
-8.87,8.94,3.65,0.68,1.82
-7.34,8.04,3.69,0.55,1.79
-6.94,6.98,3.26,0.47,1.69
-6.63,5.41,2.39,0.51,1.47
-7.41,5.06,2.51,0.38,1.49
-7.22,4.90,2.35,0.25,1.29
-8.63,6.24,2.16,0.48,0.91
-14.00,1.69,6.94,-1.03,-0.25
-4.12,5.88,2.43,-1.47,-1.29
-1.18,16.08,4.63,-0.01,0.15
-2.59,7.53,2.55,0.16,0.84
-5.45,4.43,0.90,0.25,0.64
-7.14,5.57,4.51,0.27,0.80
-5.57,5.84,4.39,-0.01,0.48
-2.90,11.92,2.51,0.22,0.74
-0.24,10.98,2.24,0.66,2.34
0.82,9.89,0.98,1.15,3.09
-2.63,7.22,1.92,1.03,3.11
-5.61,6.12,3.30,0.56,2.18
-7.02,7.41,2.04,-0.47,-0.06
-4.51,10.08,2.75,-0.81,-0.66
-3.80,10.59,3.45,-0.77,-0.61
-1.69,9.02,3.02,-0.40,-0.73
-3.61,7.81,2.79,0.28,-1.63
-4.94,8.55,2.35,-0.01,-2.67
-4.16,8.08,1.92,-0.26,-3.07
-4.28,7.65,1.61,-0.06,-3.40
-4.79,8.51,1.18,0.03,-3.78
-6.08,9.34,0.82,-0.21,-4.08
-6.16,7.92,0.90,-0.19,-4.34
-7.96,6.28,0.59,0.05,-4.83
-9.92,5.45,1.14,-0.03,-4.99
-11.53,2.59,2.31,-0.18,-4.88
-13.85,0.67,2.00,-0.05,-4.25
-13.14,-1.73,1.80,0.05,-3.40
-10.67,-2.75,0.98,0.16,-2.25
-10.20,-0.67,0.86,0.08,-1.21
-9.85,1.77,0.98,-0.02,-0.87
-10.20,4.08,0.67,-0.01,-0.50
-10.71,5.06,0.08,0.11,-0.32
-9.69,3.61,0.00,0.20,-0.13
-9.57,2.08,0.43,0.32,-0.03
-8.87,2.55,1.26,0.28,-0.19
-8.08,3.18,2.08,0.21,-0.28
-9.22,3.14,2.24,0.19,-0.40
-9.96,3.06,2.63,0.16,-0.41
-9.22,2.43,3.30,0.14,-0.32
-9.30,1.96,3.73,0.25,-0.11
-9.77,2.08,3.88,0.29,0.04
-9.89,1.92,3.61,0.25,0.27
-9.96,1.26,3.41,0.20,0.47
-10.51,1.29,3.26,0.15,0.53
-10.32,1.14,3.10,0.03,0.62
-9.92,0.82,3.18,-0.11,0.63
-9.38,0.82,3.30,-0.15,0.57
-8.47,1.45,3.30,-0.15,0.42
-8.16,2.31,3.41,-0.05,0.26
-8.71,2.39,3.53,0.02,0.17
-8.71,2.28,3.49,-0.01,0.19
-10.24,3.10,3.02,0.00,0.07
-10.00,3.33,3.73,-0.00,0.02
-9.81,1.92,2.82,-0.18,0.18
-10.75,-0.75,2.35,-1.25,-0.04
-10.43,3.18,2.35,-1.43,-0.26
-10.47,3.53,2.82,-1.33,0.12
-10.43,4.51,3.06,-1.28,0.66
-9.96,3.57,3.53,-1.24,1.08
-8.39,4.35,4.00,-1.00,1.47
-8.28,5.02,3.69,-0.83,1.69
-8.43,4.35,3.14,-0.76,1.70
-8.63,3.41,2.47,-0.64,1.62
-8.36,3.22,2.51,-0.49,1.47
-7.37,3.14,2.90,-0.24,1.17
-6.32,3.65,4.12,-0.20,0.81
-6.75,5.45,4.08,-0.13,0.51
-6.55,5.53,3.92,0.04,0.19
-6.43,6.67,4.71,0.33,0.10
-6.79,7.30,4.63,0.52,-0.03
-6.59,6.12,5.30,0.51,-0.15
-7.10,7.22,4.86,0.62,-0.28
-7.37,6.83,5.18,0.65,-0.15
-6.90,4.86,4.75,0.66,-0.01
-7.85,4.04,3.84,0.66,-0.01
-7.61,2.24,4.12,0.50,0.01
-7.26,1.80,4.20,0.37,0.08
-7.61,2.20,4.16,0.29,-0.08
-8.16,2.51,4.75,0.29,-0.01
-7.77,2.67,4.98,0.23,-0.02
-8.00,3.80,4.86,0.25,-0.01
-7.96,4.39,4.90,0.24,0.04
-7.65,3.30,4.79,0.23,-0.08
-8.08,3.37,4.98,0.29,-0.01
-7.88,3.41,5.06,0.27,-0.09
-7.85,3.49,4.98,0.30,-0.06
-7.88,3.18,4.75,0.30,-0.09
-7.49,3.02,4.63,0.30,-0.13
-7.81,2.43,4.55,0.36,-0.16
-8.87,3.80,4.67,0.35,-0.19
-8.59,3.61,4.75,0.20,-0.12
-8.08,4.39,4.75,0.17,-0.21
-7.96,3.61,4.71,0.24,-0.21
-8.32,3.26,4.51,0.22,0.01
-8.51,2.55,4.04,0.19,0.03
-7.77,3.41,3.37,0.11,-0.18
-8.67,2.98,3.53,0.19,-0.26
-8.51,4.71,3.65,0.10,-0.30
-6.75,-1.26,3.30,0.30,-0.12
-9.02,5.88,4.51,0.17,-0.09
-8.47,5.84,4.08,0.10,0.13
-8.79,4.43,3.57,0.18,0.05
-9.14,4.24,4.24,0.23,-0.37
-8.24,4.98,4.04,0.08,-0.65
-12.24,7.73,5.18,0.07,-0.35
-9.73,4.79,4.08,0.03,-0.53
-7.96,1.02,5.10,0.09,-0.52
-7.77,1.73,4.24,0.03,-0.79
-8.36,1.22,4.59,0.08,-0.33
-9.10,0.98,5.61,-0.10,-0.34
-7.49,1.77,5.26,-0.16,0.13
-8.87,-1.29,3.96,-0.09,-0.05
-8.08,0.75,3.77,-0.12,-0.13
-9.41,0.43,3.92,-0.08,0.01
-8.75,0.47,4.12,0.01,0.04
-8.87,0.71,5.41,0.03,0.05
-8.71,0.94,4.79,-0.04,-0.07
-8.24,0.94,3.80,-0.05,-0.36
-8.36,0.24,4.94,0.03,-0.50
-8.87,1.69,5.65,0.06,-0.67
-8.79,0.16,4.98,0.01,-0.90
-8.32,-2.00,3.88,0.13,-0.94
-7.88,-2.04,2.82,0.48,-0.99
-8.39,0.78,2.90,0.67,-0.65
-8.39,2.71,3.37,0.64,-0.74
-10.40,2.35,3.84,0.73,-0.69
-9.18,2.75,4.47,0.58,-0.58
-9.53,2.55,4.82,0.39,-0.57
-9.45,1.02,3.30,0.13,-0.70
-9.38,0.47,3.69,0.19,-0.66
-9.34,0.27,4.04,0.16,-0.66
-9.10,-0.43,3.69,0.16,-0.58
-9.61,-0.90,4.08,0.25,-0.65
-9.57,0.78,4.47,0.18,-0.65
-9.77,1.29,4.00,-0.15,-0.97
-8.87,-1.49,3.30,-0.15,-0.91
-9.49,-1.41,2.51,0.16,-0.66
-9.38,-0.94,4.63,0.39,-0.63
-10.12,-0.04,5.18,0.26,-0.44
-9.10,-1.77,3.22,-0.08,-0.16
-8.83,-1.18,2.55,0.02,-0.56
-9.34,-2.08,3.49,0.17,-0.75
-8.55,-2.35,2.79,0.43,-0.44
-8.43,-1.26,3.80,0.82,-0.15
-10.00,0.08,3.92,0.70,0.05
-8.67,0.16,3.18,0.43,0.01
-1.18,1.22,2.79,1.03,-0.18
-9.65,1.92,5.57,1.16,0.48
-8.79,3.33,9.38,-0.67,1.83
-10.47,-1.92,-1.26,0.94,1.58
-12.32,2.55,3.77,0.49,1.73
-15.85,0.78,8.32,-0.19,1.87
-13.85,-0.55,4.86,-0.68,2.26
-12.87,0.47,8.67,-0.37,2.92
-10.24,3.22,0.82,-0.60,2.55
-11.38,0.67,5.26,0.24,1.82
-9.92,4.43,4.75,-0.36,1.86
-10.32,3.80,4.55,-0.47,1.80
-7.92,3.77,2.82,-0.22,1.36
-7.22,3.88,0.82,0.04,1.89
-10.51,4.86,3.77,-0.29,2.83
-9.49,9.22,1.22,-0.34,1.74
-5.53,11.06,-0.47,-0.16,-0.08
-5.02,12.12,3.02,-0.16,1.31
-5.61,10.67,2.67,-0.48,1.25
-7.14,4.94,-0.47,-0.45,0.79
-8.12,7.06,0.90,-0.23,0.12
-7.06,6.12,0.98,-0.20,0.01
-6.16,6.32,0.51,-0.51,-0.12
-6.20,9.10,2.24,-0.47,0.31
-5.33,8.32,-0.98,-0.40,0.27
-6.47,12.28,1.14,-0.56,0.75
-3.92,9.65,-3.37,-0.66,1.36
-4.20,8.24,-0.47,-0.66,1.49
-6.63,11.57,8.87,-1.43,0.55
-6.08,7.37,0.90,-1.57,0.46
-2.86,5.65,0.27,-1.56,0.07
-0.90,7.45,-4.79,-2.45,-2.07
-13.02,7.61,6.83,1.19,-2.67
-2.28,6.39,3.65,-1.17,0.42
-7.77,13.81,3.69,-0.83,1.21
-3.45,14.20,3.84,-1.22,1.24
-3.10,5.92,1.80,-1.29,1.99
-3.88,7.57,2.35,-0.75,0.83
-2.75,8.63,3.22,-0.32,0.26
-3.57,6.20,1.69,0.11,-0.02
-4.59,9.02,3.22,0.48,-0.87
-4.94,10.90,4.16,0.59,-1.38
-6.12,10.55,3.45,1.05,-2.73
-7.02,14.36,3.65,0.61,-1.07
-4.20,7.37,3.77,-0.40,0.49
-4.04,8.59,2.98,-0.15,0.66
-6.67,8.87,2.24,0.12,0.24
-3.77,5.77,2.71,-0.93,0.65
-0.86,5.22,3.10,-0.61,0.34
-3.14,7.06,2.94,0.81,-0.29
-4.04,8.39,2.82,1.04,0.01
-4.35,7.57,3.22,0.82,0.43
-5.37,8.67,1.80,0.13,-0.18
-4.90,8.16,2.24,0.34,-0.27
-4.20,5.61,5.49,1.08,-0.02
-6.83,7.34,5.88,0.25,-0.24
-4.98,7.96,4.16,-0.72,-0.86
3.41,9.34,0.39,-2.12,-1.44
-0.47,5.10,-1.61,-1.14,-0.69
-1.10,9.96,-3.45,1.07,-1.60
-9.06,4.98,10.71,0.43,0.29
-6.83,8.28,5.88,-0.96,0.75
-8.28,9.61,0.08,0.43,-0.89
-8.20,9.65,2.16,0.92,-0.17
-7.77,10.83,3.77,-0.40,0.24
-4.86,6.83,2.67,-1.32,0.50
-4.94,6.39,4.67,-1.37,0.76
-4.86,7.77,5.26,-1.42,1.12
-3.49,8.59,4.86,-1.99,1.40
-2.98,8.36,4.00,-1.40,1.55
-3.49,7.88,3.77,-0.41,1.21
-2.94,8.28,5.33,0.78,0.33
-3.84,7.61,5.69,0.77,0.00
-4.12,6.00,5.18,0.92,-0.44
-3.37,5.57,5.84,1.00,-0.60
-3.73,6.75,7.10,0.25,0.30
-5.26,6.28,7.26,-0.00,0.69
-5.14,4.82,6.63,0.54,-0.10
-3.53,5.37,6.83,0.73,-0.37
-4.28,3.84,6.59,0.28,0.39
-5.57,2.63,6.63,0.11,0.65
-5.57,3.96,6.39,0.02,0.19
-4.71,5.22,7.34,-0.24,0.22
-4.86,4.51,7.65,-0.22,0.10
-4.47,4.79,7.57,-0.29,-0.13
-2.31,5.06,6.51,-0.61,-0.24
-2.35,5.65,7.88,-0.23,0.16
-3.77,6.32,8.67,-0.35,0.54
-4.08,5.10,7.69,-0.71,0.65
-1.65,4.94,6.75,-0.60,0.11
-1.88,4.00,7.10,-0.56,0.24
-2.04,3.14,6.32,-0.81,0.67
-3.92,4.82,7.85,-0.30,0.94
-2.35,7.57,8.79,-1.24,0.75
-0.86,4.98,9.18,-1.14,0.73
-1.57,5.57,5.26,-0.78,0.57
-0.82,5.73,7.30,-1.34,0.41
-0.94,5.96,8.04,-1.32,0.10
2.08,7.37,6.79,-1.13,0.77
0.67,7.57,7.49,-0.46,0.74
-0.08,4.67,7.92,0.58,-0.57
-0.94,7.57,7.41,0.26,-0.34
0.39,5.77,5.81,0.19,-0.46
0.04,7.06,6.35,0.06,-0.17
-2.00,7.73,7.85,0.00,-1.07
1.65,9.22,7.45,-0.43,-0.79
1.37,6.43,5.57,-0.44,1.06
0.59,5.33,5.81,0.20,0.65
0.55,6.71,6.90,0.44,1.23
-1.22,6.71,6.59,-0.27,0.83
1.45,8.55,8.24,-0.08,0.58
2.86,10.87,8.71,1.13,0.43
3.22,8.87,7.02,2.21,1.79
-0.04,3.26,8.59,2.65,1.33
-0.31,4.63,8.00,2.57,0.40
1.53,9.65,8.24,2.38,0.85
0.67,3.92,6.63,2.77,1.93
-3.26,1.41,7.37,3.45,1.07
1.02,4.63,10.04,2.25,-0.22
-0.63,3.53,12.36,1.55,-0.18
-2.08,4.16,8.20,0.16,-0.38
-0.24,4.31,8.55,-0.03,-0.34
-0.31,5.22,9.85,-0.20,-0.09
-0.67,1.22,8.00,-1.27,0.38
-0.59,2.55,6.63,-1.06,-0.18
0.71,5.49,7.81,-1.16,0.03
-1.18,2.24,6.39,-1.74,0.40
-3.06,0.51,7.65,-0.99,-0.06
-2.31,6.59,8.90,-0.52,-0.74
-4.28,0.43,7.85,-0.68,-0.01
-3.49,-0.16,8.98,-0.55,-0.31
-2.94,2.28,9.14,-0.25,-0.72
-1.96,2.51,9.26,0.02,-0.69
-2.28,0.04,10.00,0.57,-0.64
-1.73,0.04,9.92,1.29,-1.07
-4.63,-0.75,10.79,1.52,-0.76
-2.24,1.06,9.22,0.12,0.15
-3.06,0.67,9.41,1.78,-0.27
-3.73,1.57,8.71,2.71,-0.61
-5.06,0.00,9.81,2.92,-0.90
-5.88,-1.65,10.59,1.08,-0.40
-4.43,1.33,10.28,0.86,-0.12
-4.39,-0.78,10.51,1.36,-0.28
-5.92,0.20,9.41,2.22,-0.10
-7.41,0.00,8.12,2.02,-0.07
-7.37,-0.31,7.41,1.90,-0.34
-6.83,2.12,6.39,1.72,-0.68
-8.67,-2.98,4.31,1.08,-0.82
-4.59,-0.90,5.61,0.15,-0.63
-3.41,1.49,7.73,-0.34,-0.40
-5.57,-6.12,5.22,-1.29,-0.44
-7.41,-2.86,6.43,0.06,-0.84
-6.20,0.47,7.02,-0.65,-0.81
-7.41,-4.86,2.04,-0.58,-1.26
-4.98,-3.41,7.61,-0.13,-0.82
-6.39,-3.77,6.98,0.08,-0.01
-6.59,-3.69,7.26,-0.16,0.07
1.41,-6.00,8.04,-0.22,0.61
-7.53,1.26,7.88,1.24,0.59
-7.18,-3.14,8.36,0.78,-0.11
-8.83,-2.67,6.79,0.11,0.15
-5.41,-0.90,7.96,-1.78,0.32
-5.77,1.29,7.57,-2.35,0.64
-8.24,0.24,7.61,-0.43,-0.15
-7.45,0.24,7.26,-0.87,-1.34
-5.53,1.49,5.14,-1.06,-1.83
-7.88,-0.51,8.79,0.47,-0.45
-4.12,-0.47,7.45,-1.69,-0.23
-4.28,-2.67,8.47,-1.45,-0.38
-2.59,-2.43,8.94,-1.25,-0.88
-0.08,-3.41,8.24,-0.69,-0.37
-1.77,-1.14,9.14,-0.14,-0.33
-3.26,-0.43,9.10,-0.03,0.06
-3.26,-2.94,9.06,-0.21,-0.18
-2.71,-0.94,9.06,-0.03,-0.57
-2.71,-1.77,9.26,-0.17,-0.65
-2.55,-2.47,9.14,0.22,-1.35
-3.37,-2.63,9.30,0.08,-1.58
-3.18,-0.51,8.36,-0.07,-2.04
-2.75,-1.37,8.28,-0.21,-2.02
-1.53,-3.30,7.81,-0.32,-2.13
-1.69,-3.57,8.08,-0.40,-1.71
-1.18,-3.02,8.47,-0.43,-1.61
-1.41,-4.08,8.79,-0.41,-1.53
-0.04,-5.73,8.83,-0.26,-1.05
-0.78,-4.08,8.79,0.06,-0.31
-0.90,-4.00,8.87,0.31,-0.38
-1.80,-4.04,8.59,0.40,-0.15
-1.65,-4.20,8.59,0.29,0.01
-1.96,-4.51,8.67,0.24,0.11
-1.29,-4.24,8.36,0.35,-0.11
-1.49,-3.53,8.51,0.62,-0.39
-1.37,-3.14,8.43,0.87,-0.43
-1.73,-3.37,8.04,1.16,-0.86
-3.88,-8.20,7.69,1.30,-1.55
-3.02,-8.75,8.04,0.70,-2.36
-0.86,-6.08,8.04,0.15,-2.12
0.00,-4.55,7.61,0.54,-2.08
-1.06,-4.31,6.98,1.51,-2.75
-2.12,-6.12,6.12,1.29,-2.68
-1.33,-5.18,6.08,0.82,-2.33
-0.78,-5.02,4.98,1.19,-3.24
0.55,-8.20,8.08,0.74,-2.92
1.69,-5.18,6.75,0.24,-1.62
3.06,-13.10,6.71,0.73,-1.40
0.43,-13.42,5.14,0.80,-0.92
-2.20,-9.73,6.39,0.62,-1.62
1.33,-8.67,7.06,-0.30,-1.32
2.39,-5.45,7.69,-0.11,-0.81
1.88,-7.06,7.92,0.37,0.12
0.27,-7.49,7.61,0.47,0.48
-0.04,-7.30,7.06,0.19,0.50
0.51,-6.51,7.65,0.12,0.26
0.43,-6.32,7.41,0.16,0.12
0.59,-4.82,7.92,0.14,0.12
0.24,-7.14,7.41,-0.03,0.65
0.51,-6.71,7.02,0.08,0.06
1.18,-5.57,8.16,0.43,-0.48
0.51,-5.10,7.92,0.33,0.36
-0.35,-6.98,7.22,0.08,0.38
0.75,-6.51,7.81,-0.02,0.13
0.39,-4.86,8.32,0.16,0.29
0.59,-6.12,7.85,0.03,0.78
-0.20,-6.35,7.69,0.19,0.57
-0.31,-5.10,7.96,0.11,0.54
0.78,-6.08,8.32,0.08,1.05
-0.51,-6.55,7.65,0.25,1.22
-0.94,-5.77,7.34,0.33,1.12
0.12,-6.67,8.00,0.27,1.35
-0.43,-5.92,7.45,0.42,1.89
-2.43,-6.16,7.30,0.61,1.25
-1.92,-5.96,7.26,0.54,1.10
-1.33,-6.75,6.94,0.54,1.40
-2.67,-6.32,6.71,0.95,1.37
-3.77,-6.32,6.79,0.87,1.18
-3.45,-7.37,6.39,0.81,0.87
-3.88,-6.16,6.67,0.90,0.57
-4.24,-5.41,6.79,0.85,0.72
-3.77,-6.51,6.83,0.80,0.88
-5.37,-6.83,5.96,0.72,0.80
-5.22,-5.84,6.00,0.58,0.52
-4.39,-5.96,6.16,0.56,0.62
-4.47,-6.67,6.04,0.85,0.67
-6.20,-6.04,5.45,0.96,0.80
-6.35,-5.45,5.41,0.85,0.62
-5.88,-6.47,5.37,0.76,0.42
-5.92,-5.88,5.37,0.78,0.34
-6.79,-5.06,4.90,0.80,0.45
-7.06,-5.84,4.67,0.46,0.30
-6.47,-6.04,4.90,0.39,0.19
-6.63,-5.33,4.79,0.37,0.31
-7.61,-6.24,4.43,0.34,0.21
-7.18,-6.20,4.67,0.11,-0.08
-6.63,-5.06,4.94,0.05,-0.11
-4.75,-8.63,0.67,0.09,0.12
-6.98,-5.77,4.63,0.18,0.05
-6.55,-4.98,4.79,0.08,0.06
-7.10,-6.16,4.39,0.17,0.12
-7.53,-6.16,4.59,0.20,0.09
-7.18,-5.61,4.59,0.14,0.02
-7.30,-5.49,4.55,0.10,0.10
-7.06,-6.55,4.55,-0.05,0.17
-6.98,-4.90,4.39,0.44,0.16
-7.77,-5.18,4.39,0.34,0.14
-7.30,-5.96,4.43,-0.01,0.01
-6.67,-5.88,4.67,0.15,0.02
-7.10,-5.92,4.43,0.35,0.04
-8.24,-5.61,4.20,0.20,0.20
-7.77,-5.22,4.39,-0.13,0.04
-6.55,-5.49,4.51,-0.17,0.02
-7.88,-5.57,3.96,-0.17,0.32
-8.12,-4.51,3.33,-0.38,0.37
-6.83,-5.41,4.20,-0.44,0.32
-6.71,-5.30,4.16,-0.29,0.46
-7.37,-6.47,4.35,-0.21,0.53
-8.04,-6.63,3.80,-0.08,0.72
-6.71,-5.41,4.31,-0.22,0.63
-5.81,-6.47,4.43,0.20,0.50
-9.49,-4.90,3.26,1.02,0.67
-8.43,-2.59,2.16,0.44,0.75
-8.63,-2.12,2.12,0.57,0.48
-8.55,-6.83,3.53,0.37,0.71
-10.63,-2.35,4.43,0.48,0.39
-7.18,-5.49,1.57,0.43,0.19
-9.45,-4.00,2.55,0.35,0.36
-8.47,-4.20,2.94,0.05,0.24
-8.20,-4.20,2.98,0.13,0.12
-8.90,-4.51,2.94,0.19,0.01
-8.63,-4.71,3.41,-0.01,0.18
-8.24,-4.31,2.82,-0.03,0.25
-8.83,-4.28,2.86,0.10,0.18
-8.87,-5.65,2.90,0.03,0.15
-7.85,-4.94,2.94,0.07,0.04
-9.30,-3.37,2.39,0.15,0.24
-9.69,-3.61,3.02,-0.04,0.12
-7.92,-5.61,3.22,-0.03,-0.06
-8.71,-3.53,2.55,0.27,-0.03
-10.12,-3.22,3.45,-0.06,0.10
-7.57,-5.61,3.69,-0.30,-0.11
-8.47,-5.30,3.30,0.01,-0.15
-10.28,-2.67,3.22,0.09,0.09
-7.96,-5.53,4.20,0.14,-0.21
-5.53,-0.90,1.33,0.35,-0.20
-8.55,-5.57,2.79,0.42,-0.18
-10.16,-2.31,2.47,0.29,0.22
-7.49,-4.00,3.06,0.09,0.15
-9.41,-3.57,2.90,0.46,0.15
-9.41,-3.96,2.82,0.27,-0.15
-8.24,-3.41,3.10,0.23,0.00
-7.37,-2.35,3.06,0.49,0.14
-8.08,-3.18,2.71,0.72,0.32
-9.14,-3.06,1.65,0.56,0.13
-8.63,-3.61,0.90,0.54,0.12
-8.94,-5.10,2.12,0.24,-0.78
-6.67,-3.92,2.00,0.31,0.18
-6.55,-2.47,0.98,0.24,0.33
-11.38,-1.73,0.43,-0.12,-0.41
-7.41,-4.98,1.69,-0.40,-0.61
-6.55,-6.28,1.73,0.11,-0.01
-13.34,-2.43,0.78,0.01,0.77
-5.73,-0.04,-0.27,-0.89,-1.05
-9.41,-2.51,-0.98,-0.16,-1.67
-8.28,-4.16,1.18,0.20,-1.47
-8.00,-3.37,0.82,0.22,-1.09
-9.73,-5.33,1.69,-0.07,-1.73
-8.55,-9.45,1.69,-0.86,-2.09
-4.55,-10.75,2.04,-1.05,-2.14
-4.00,-10.36,1.80,0.15,-2.99
-2.43,-8.83,1.53,0.64,-3.06
-2.43,-9.14,1.22,0.56,-2.36
-1.88,-7.57,0.82,0.60,-2.10
-1.88,-6.24,1.65,0.62,-2.81
-2.71,-5.10,2.35,0.69,-3.07
-3.26,-7.10,3.37,0.49,-2.53
-3.73,-7.26,4.04,-0.05,-2.32
-3.06,-5.69,4.67,-0.31,-3.20
0.43,-6.75,6.16,-0.63,-3.35
1.92,-11.22,5.06,-0.66,-1.41
1.26,-14.04,5.96,-0.53,-0.57
1.26,-12.67,6.55,-0.52,-0.91
4.20,-8.43,7.02,-0.73,-1.75
4.71,-11.49,7.73,-0.43,-1.35
3.65,-12.12,7.65,0.27,-0.22
2.16,-10.04,7.10,0.66,-0.57
2.51,-10.12,6.47,0.76,-0.73
1.41,-9.34,5.49,1.04,-0.28
0.35,-5.92,5.41,1.15,-0.56
1.02,-7.06,5.69,0.95,-0.80
0.16,-7.49,6.08,0.15,-0.86
1.53,-7.88,6.35,0.47,-0.30
0.51,-7.85,7.45,0.48,-0.48
0.12,-9.10,8.51,0.21,-0.50
0.71,-8.24,8.08,-0.14,-0.19
1.65,-6.75,8.55,-0.29,-0.31
2.86,-6.75,9.10,-0.04,-0.22
3.06,-7.85,8.67,0.10,0.49
2.82,-8.08,8.16,0.46,0.62
2.08,-6.39,7.85,0.94,0.35
1.61,-5.14,7.41,0.62,0.55
1.69,-8.75,7.22,0.52,0.36
-1.10,-4.94,7.53,1.03,0.27
-0.16,-5.26,7.73,0.64,-0.01
0.47,-5.88,7.85,0.26,0.09
0.59,-4.82,7.57,0.39,0.10
0.12,-4.35,8.16,0.62,-0.07
-0.43,-6.00,7.85,0.28,0.17
0.75,-6.67,7.65,0.05,0.05
0.78,-7.06,8.04,0.18,-0.06
0.31,-7.53,8.32,0.32,-0.09
-0.43,-6.00,7.96,0.32,-0.21
-0.39,-5.69,7.57,0.12,-0.10
0.16,-6.98,7.73,-0.04,-0.12
0.27,-6.08,7.92,-0.00,-0.08
0.08,-5.73,7.92,0.07,-0.11
-0.04,-6.86,8.32,0.07,0.14
0.27,-7.69,8.04,0.01,0.27
0.71,-6.00,7.81,0.20,-0.17
0.08,-5.88,7.65,0.37,-0.01
-0.39,-6.51,7.73,0.35,0.16
-0.43,-6.24,7.34,0.29,0.03
-0.39,-5.69,7.49,0.25,-0.11
-0.04,-5.84,7.37,0.17,-0.09
-0.08,-6.16,7.49,0.17,0.08
-0.16,-6.00,7.49,0.21,0.04
-0.27,-5.61,7.65,0.21,0.00
-0.39,-6.28,8.08,0.22,0.14
-0.16,-6.83,8.16,0.22,-0.01
-0.04,-5.84,7.88,0.27,-0.10
-0.47,-5.84,7.69,0.42,0.10
-1.18,-6.08,7.61,0.36,0.17
-0.94,-5.84,7.77,0.28,0.10
-1.33,-5.37,7.85,0.29,0.03
-1.26,-5.88,7.73,0.21,0.16
-1.18,-6.24,7.65,0.12,0.22
-0.78,-5.96,7.41,0.14,-0.00
-0.82,-5.65,7.49,0.23,-0.05
-1.33,-5.65,7.69,0.17,0.16
-0.98,-6.16,7.81,0.05,0.04
-0.59,-5.88,7.92,0.10,-0.09
-0.98,-5.49,7.92,0.23,-0.11
-1.29,-5.69,7.85,0.11,0.02
-0.86,-5.65,7.81,0.07,0.00
-0.78,-5.81,7.92,0.14,-0.02
-1.18,-5.69,7.77,0.22,0.09
-1.80,-5.69,7.77,0.16,0.07
-1.37,-5.45,7.77,-0.00,-0.13
-0.67,-5.49,8.08,0.04,-0.09
-1.26,-5.73,8.28,0.11,0.02
-1.22,-6.00,8.16,0.02,0.01
-0.71,-5.96,7.92,0.03,-0.02
-0.78,-5.69,7.77,0.14,-0.02
-1.49,-5.61,7.85,0.20,0.07
-1.49,-5.53,7.88,0.12,-0.03
-1.10,-5.45,7.81,0.02,-0.02
-0.90,-5.84,7.69,0.03,-0.04
-0.98,-5.49,7.85,0.09,-0.02
-1.14,-5.49,7.88,0.15,0.00
-1.02,-5.81,7.96,0.15,0.02
-1.45,-5.92,8.16,0.16,-0.00
-1.65,-5.69,8.28,0.13,-0.01
-1.45,-5.49,8.16,0.05,-0.00
-1.14,-5.61,8.04,0.05,-0.00
-1.10,-5.57,7.92,0.09,0.02
-1.18,-5.41,7.81,0.12,0.05
-1.14,-5.10,7.73,0.11,0.01
-1.10,-5.37,7.65,0.11,0.04
-1.45,-5.57,7.65,0.13,0.05
-1.57,-5.41,7.65,0.11,0.02
-1.61,-5.37,8.04,0.07,-0.03
-1.37,-6.00,8.32,0.03,0.01
-1.14,-5.57,8.12,0.03,0.01
-1.26,-5.84,8.08,0.10,-0.02
-1.53,-5.18,8.04,0.11,-0.01
-1.45,-5.57,8.16,0.09,-0.02
-1.41,-5.37,8.04,0.08,0.03
-1.26,-5.69,7.81,0.10,-0.02
-1.49,-5.37,7.69,0.14,0.04
-1.49,-5.65,7.77,0.10,0.01
-1.45,-5.49,7.85,0.06,-0.03
-1.29,-5.69,8.00,0.07,-0.05
-1.57,-5.49,7.88,0.13,0.02
-1.65,-5.57,7.73,0.10,0.03
-1.49,-5.49,8.00,0.05,-0.02
-1.53,-5.73,8.12,0.04,-0.00
-1.61,-5.77,8.00,0.03,0.01
-1.49,-5.53,7.96,0.03,0.01
-1.77,-5.53,7.88,0.01,0.05
-1.61,-5.53,8.08,-0.02,0.01
-1.41,-5.49,8.12,-0.03,0.04
-1.61,-5.81,8.24,-0.00,0.10
-1.65,-5.41,8.00,-0.02,0.13
-1.53,-5.37,7.85,0.03,0.09
-1.80,-5.65,7.92,0.06,0.25
-2.28,-5.45,7.85,0.13,0.38
-2.31,-5.37,7.88,0.06,0.45
-2.28,-5.77,8.20,0.01,0.61
