-2.28,-11.26,-1.96,0.03,-0.02,0.01
-2.39,-12.16,-2.24,0.11,0.47,-0.72
-2.63,-12.04,-2.08,-0.51,2.25,-0.75
-2.59,-10.59,-1.49,0.66,2.78,-0.35
-3.26,-10.51,-0.98,0.75,3.37,-0.02
-3.26,-10.90,-1.18,0.86,3.15,-0.10
-3.96,-10.04,-0.67,0.84,2.82,-0.15
-3.80,-11.57,-1.73,0.69,2.65,-0.07
-2.90,-11.38,-1.96,0.62,2.73,-0.27
-1.92,-10.98,-1.73,0.61,2.78,-0.21
-1.61,-10.16,-0.86,0.69,2.78,-0.14
-1.61,-10.40,-0.67,0.71,2.80,-0.08
-1.49,-10.67,-0.31,0.81,2.78,-0.20
-1.77,-9.22,0.16,0.90,2.72,-0.17
-2.24,-9.53,-0.20,0.93,2.65,0.03
-2.94,-8.71,-0.31,1.03,2.55,0.22
-4.04,-8.67,-0.47,1.00,2.47,0.33
-4.98,-8.20,-0.39,0.93,2.29,0.32
-5.84,-7.61,-0.24,0.75,2.01,0.29
-6.90,-6.35,0.39,0.64,1.74,0.29
-7.26,-5.06,0.98,0.22,1.16,0.33
-7.26,-5.92,0.55,-0.51,0.47,0.65
-8.24,-7.41,0.27,-0.69,-0.00,1.05
-9.06,-7.85,0.12,-0.85,-0.58,1.51
-9.06,-7.10,0.35,-1.10,-0.86,1.71
-9.18,-7.57,-0.04,-1.45,-1.20,2.09
-9.57,-7.65,-0.16,-1.33,-1.57,2.53
-10.16,-7.18,0.90,-1.33,-1.63,2.62
-10.43,-7.14,0.86,-1.56,-1.54,2.45
-9.69,-7.30,0.39,-1.50,-1.60,2.28
-9.06,-7.73,0.24,-1.31,-1.56,2.23
-8.43,-7.69,0.20,-0.98,-1.23,1.80
-8.39,-7.69,-0.04,-0.60,-0.94,1.45
-7.37,-7.77,0.12,-0.22,-0.83,1.35
-7.22,-6.90,0.31,0.24,-0.62,1.24
-7.10,-5.81,0.16,0.18,-0.40,1.15
-6.63,-5.41,0.24,0.04,-0.29,1.13
-6.00,-5.06,0.12,0.02,-0.14,1.08
-6.04,-4.71,-0.16,0.09,-0.03,1.09
-6.59,-4.12,-0.20,0.21,0.14,1.13
-6.83,-3.65,-0.20,0.25,0.29,1.08
-8.79,-2.86,0.08,0.23,0.34,1.01
-11.96,-2.63,-0.98,0.17,0.18,0.78
-15.57,-2.16,-2.20,0.48,-0.08,0.34
-17.10,-0.08,-2.63,0.75,-0.20,0.05
-15.93,3.06,-0.82,0.66,-0.18,-0.53
-12.91,4.24,0.98,-0.73,0.01,-1.12
-9.26,0.98,0.82,-1.84,0.19,-1.23
-7.10,-3.14,0.43,-2.15,0.31,-0.97
-6.00,-4.51,0.55,-0.82,0.02,-0.63
-4.43,-3.84,0.71,0.31,-0.33,-0.45
-3.57,-1.80,0.78,1.28,-0.65,-0.14
-4.04,-0.16,0.71,1.35,-0.60,-0.01
-4.75,0.82,0.86,1.06,-0.47,0.07
-7.30,0.59,1.18,0.65,-0.23,0.49
-10.90,0.16,1.41,0.42,-0.17,0.88
-9.81,0.20,2.12,0.14,-0.27,1.24
-7.65,-0.90,2.39,-0.17,-0.02,1.13
-7.37,-2.24,1.65,0.06,0.22,1.07
-8.28,-1.96,1.10,1.03,0.40,1.00
-8.63,-0.75,0.94,1.90,0.41,0.94
-9.26,0.39,1.22,2.06,0.41,0.77
-10.87,1.57,0.86,1.78,0.29,0.42
-12.36,2.51,0.75,1.31,0.17,0.21
-12.87,3.57,1.65,0.95,0.04,0.12
-12.16,2.71,1.84,0.18,-0.03,0.20
-18.08,9.77,6.59,-1.96,0.42,-0.38
-14.59,-12.08,0.51,-4.81,0.25,0.73
-9.53,-4.31,1.92,-0.59,-0.01,-0.49
-10.90,-6.08,-1.65,1.13,0.11,0.24
-15.26,-0.20,-3.30,5.00,-0.45,0.34
-13.22,9.77,3.14,5.00,-0.14,0.23
-12.32,9.57,2.67,3.51,-0.05,0.55
-11.38,4.90,0.16,-1.41,0.35,0.06
-11.22,-3.84,-2.94,-1.76,0.50,0.29
-10.20,-1.65,-1.61,0.01,0.33,0.11
-9.61,1.73,0.08,0.92,0.27,0.21
-9.89,0.98,0.35,0.06,0.49,0.35
-10.16,0.31,0.00,-0.30,0.54,0.31
-10.04,-0.82,-0.35,-0.09,0.47,0.32
-10.43,0.51,0.55,0.39,0.40,0.19
-10.08,1.69,0.20,0.36,0.45,0.09
-10.40,1.53,1.02,0.24,0.53,-0.06
-10.87,1.06,1.41,0.22,0.49,-0.14
-11.10,2.16,0.59,0.28,0.41,-0.17
-11.49,2.35,1.41,0.13,0.27,-0.23
-10.94,1.96,0.82,-0.16,0.17,-0.33
-11.14,1.10,0.67,-0.39,0.05,-0.14
-10.87,1.14,0.35,0.12,-0.08,-0.12
-11.26,3.45,0.00,-0.01,-0.02,-0.13
-11.38,2.12,0.59,-0.39,-0.03,-0.11
-10.40,2.35,0.82,-0.48,-0.07,-0.19
-10.08,0.86,0.16,-0.42,-0.02,-0.02
-10.47,1.49,0.75,0.26,-0.02,0.10
-9.77,1.45,0.47,0.20,-0.08,0.16
-9.45,0.39,-0.43,0.07,-0.04,0.07
-9.73,0.27,-0.55,0.34,0.04,-0.12
-9.30,2.20,-0.12,0.28,0.30,-0.38
-10.32,2.51,0.16,-0.10,0.43,-0.42
-10.90,2.67,1.57,0.18,0.29,-0.27
-10.32,2.59,1.49,-0.05,0.13,-0.15
-10.04,-1.22,-0.12,-0.49,0.01,-0.06
-9.69,-0.55,-0.47,-0.34,-0.02,-0.32
-10.28,-0.04,0.24,-0.27,-0.06,-0.30
-9.96,0.55,0.39,-0.07,-0.06,-0.27
-10.12,0.47,-0.08,0.09,-0.05,-0.13
-9.30,-0.20,-0.47,0.07,0.01,-0.20
-10.87,1.29,0.08,0.26,0.07,-0.38
-9.81,0.00,0.31,0.04,0.17,-0.01
-9.61,-0.43,-0.27,0.19,0.21,-0.13
-10.00,0.55,-0.55,0.44,0.42,-0.24
-9.89,1.77,-0.59,0.36,0.49,-0.27
-10.16,1.06,0.08,0.22,0.53,-0.19
-10.59,0.27,0.31,0.06,0.54,-0.21
-10.20,-0.12,0.39,0.10,0.46,-0.31
-10.20,-0.55,0.55,0.25,0.45,-0.31
-11.57,0.04,2.31,0.42,0.07,-0.38
-9.77,1.33,-1.06,0.16,-0.16,-0.09
-9.92,1.29,-1.02,0.61,0.04,0.18
-10.28,0.82,-0.27,0.21,-0.03,0.11
-10.08,-0.04,-0.75,-0.04,-0.06,0.06
-10.16,-0.20,-0.04,0.20,-0.01,0.13
-10.32,0.51,0.55,0.29,-0.13,0.11
-10.47,-1.18,1.02,0.24,-0.20,0.13
-8.32,-1.65,-2.59,-0.03,-0.17,-0.18
-10.67,-0.63,-0.67,0.72,0.33,-0.27
-9.26,2.98,0.59,0.95,0.21,-0.17
-11.22,1.69,0.63,0.28,0.05,0.20
-10.40,4.00,1.61,-0.50,-0.20,0.15
-10.87,-1.45,-0.86,-1.02,-0.37,0.40
-10.08,-0.43,-0.82,-0.26,-0.42,0.18
-10.87,0.82,-0.47,0.07,-0.24,-0.01
-10.16,0.04,-0.63,0.14,-0.19,0.13
-8.59,0.63,-0.63,0.25,0.15,0.04
-11.10,-3.69,1.10,-0.32,0.26,-0.29
-11.38,4.90,1.26,0.47,-0.11,-0.73
-10.47,0.82,-0.55,-0.23,0.16,0.26
-10.67,0.04,1.06,-0.13,0.02,-0.38
-10.12,-0.55,0.59,-0.67,-0.25,-0.36
-9.45,-0.24,-0.35,-0.47,-0.00,-0.35
-9.30,-1.26,-1.02,-0.12,0.14,-0.33
-11.41,3.73,1.33,0.86,0.50,-0.24
-10.20,0.08,1.06,-0.28,0.14,0.06
-9.73,-2.59,-0.71,-0.35,0.22,-0.11
-10.16,0.90,1.37,0.40,0.17,-0.38
-10.08,1.69,0.63,0.01,0.11,-0.22
-10.24,-0.39,-0.04,0.02,0.16,0.07
-10.75,0.86,0.24,0.17,0.09,0.02
-10.04,0.16,-0.82,0.11,0.22,0.40
-9.45,-0.71,0.20,0.02,0.38,0.32
-11.02,-1.65,0.39,-0.46,0.27,-0.29
-10.16,2.43,0.20,-0.07,0.27,-0.16
-9.92,-0.35,-0.98,-0.27,0.25,0.07
-10.16,0.82,0.12,-0.53,0.18,-0.10
-10.00,-0.16,-0.63,-0.68,0.20,0.02
-10.28,-0.04,0.20,-0.35,0.20,0.03
-10.36,-0.12,0.51,-0.53,0.09,-0.07
-10.28,-1.22,-0.12,-0.31,0.08,0.02
-10.20,0.16,0.27,0.07,0.10,-0.04
-10.55,0.16,-0.12,0.05,0.07,-0.02
-10.40,0.20,-0.20,0.10,0.05,-0.05
-10.24,0.00,-0.20,0.07,0.02,-0.06
-10.08,0.00,-0.31,0.07,-0.00,-0.06
-10.36,0.00,-0.12,0.05,0.03,-0.07
-10.28,-0.35,-0.16,0.04,0.01,-0.07
-10.28,0.00,-0.35,0.12,0.03,-0.11
-10.24,0.31,-0.39,0.13,0.08,-0.07
-10.28,-0.08,-0.20,0.04,0.09,-0.07
-10.28,-0.08,-0.31,0.04,0.09,-0.09
-10.28,-0.04,-0.24,0.09,0.12,-0.08
-10.24,0.08,-0.16,0.08,0.11,-0.11
-10.12,-0.04,-0.27,0.02,0.11,-0.10
-10.16,-0.20,-0.27,0.03,0.11,-0.11
-10.24,-0.04,-0.16,0.05,0.11,-0.10
-10.36,-0.12,-0.31,0.04,0.10,-0.08
-10.20,-0.20,-0.43,0.10,0.10,-0.07
-10.51,-0.16,-0.16,0.13,0.10,-0.09
-10.24,-0.24,-0.16,0.07,0.08,-0.11
-10.40,-0.24,-0.24,0.06,0.09,-0.09
-10.59,-0.86,-0.43,-0.03,0.07,-0.08
-10.40,-0.71,-0.16,-0.02,0.09,-0.08
-10.24,-0.35,-0.27,0.01,0.09,-0.04
-10.16,-0.55,-0.16,-0.01,0.07,-0.01
-10.12,-0.47,-0.20,0.01,0.06,0.00
-9.69,-0.16,-0.20,0.09,0.03,-0.00
-10.00,-0.24,-0.31,0.03,0.05,0.09
-10.24,-0.55,-0.12,0.02,0.06,0.10
-10.51,-0.75,-0.20,0.09,0.08,0.14
-10.67,-0.08,-0.16,0.19,0.05,0.13
-10.71,0.08,0.04,0.18,0.03,0.14
-10.36,0.00,0.00,0.22,-0.01,0.09
-10.20,-0.51,-0.24,0.36,0.02,0.06
-10.24,-0.04,-0.47,0.52,0.07,0.04
-9.85,0.78,-0.31,0.59,0.08,-0.04
-9.77,0.12,-0.31,0.49,0.07,-0.04
-9.73,0.12,-1.10,0.39,0.07,-0.09
-9.45,0.98,-0.67,0.17,0.10,0.04
-10.00,0.63,-0.55,-0.09,0.10,-0.09
-10.71,-1.14,0.16,0.01,0.12,0.04
-10.71,0.43,-0.16,0.03,0.12,-0.02
-10.67,-0.16,-0.39,0.02,0.11,0.01
-10.47,0.20,0.12,-0.02,0.11,-0.01
-10.87,-0.27,0.00,0.02,0.08,-0.04
-11.41,-0.24,-0.12,0.14,0.09,-0.02
-10.83,0.04,0.20,0.19,0.01,-0.09
-10.36,0.31,0.04,0.13,-0.01,-0.06
-9.85,0.04,-0.24,0.12,-0.01,-0.07
-9.45,0.39,-0.27,0.07,-0.04,-0.10
-9.22,-0.24,-0.31,0.03,-0.06,-0.12
-8.90,0.04,-0.08,0.09,-0.06,-0.13
-9.45,-0.47,0.04,0.05,-0.03,-0.09
-10.04,-0.27,0.27,0.16,-0.03,-0.09
-10.63,0.27,0.31,0.20,-0.03,-0.11
-10.59,0.08,-0.24,0.05,-0.02,-0.03
-10.94,0.00,-0.16,-0.03,0.01,-0.04
-10.79,0.43,0.00,0.05,0.02,-0.03
-10.71,0.35,-0.08,0.02,0.07,0.02
-10.16,0.16,-0.12,-0.02,0.09,0.03
-10.00,0.00,-0.04,-0.07,0.14,0.08
-9.73,-0.20,0.00,-0.04,0.14,0.06
-9.53,0.12,-0.16,0.01,0.14,0.06
-9.57,0.04,0.24,0.02,0.13,0.07
-9.73,-0.20,0.12,-0.03,0.10,0.02
-10.04,0.00,0.24,0.04,0.13,-0.01
-10.43,-0.04,0.16,0.00,0.10,-0.01
-10.51,-0.35,0.12,-0.02,0.09,-0.02
-10.59,-0.04,-0.63,0.11,0.10,-0.01
-11.65,0.16,0.43,0.23,0.12,-0.00
-10.94,-0.24,0.35,0.06,0.06,0.00
-10.63,-0.67,-0.04,0.12,0.02,0.02
-10.47,0.12,-0.08,0.25,0.04,0.01
-10.51,-0.08,-0.12,0.21,0.05,0.06
-10.32,0.08,-0.04,0.24,0.07,0.05
-10.16,0.27,-0.20,0.23,0.08,0.04
-10.00,0.20,-0.31,0.17,0.07,0.07
-9.61,0.39,-0.31,0.12,0.08,0.00
-9.53,0.35,-0.24,0.06,0.12,-0.02
-9.38,0.04,-0.31,0.01,0.10,-0.01
-9.53,0.08,0.04,-0.03,0.13,-0.03
-9.89,-0.16,-0.16,-0.01,0.15,0.01
-10.08,0.67,0.04,0.04,0.18,-0.03
-10.16,0.55,-0.08,-0.10,0.16,-0.07
-11.30,0.04,0.20,-0.16,0.19,-0.02
-11.06,0.16,0.35,0.10,0.19,-0.07
-12.08,-0.51,0.08,0.24,0.16,0.00
-13.30,-0.39,0.47,0.31,0.09,0.00
-14.83,-0.12,1.06,0.19,0.03,0.00
-15.69,-0.47,1.49,-0.01,0.01,0.01
-16.48,-1.69,1.80,-0.10,-0.09,-0.07
-16.04,-1.96,0.47,0.69,-0.38,0.03
-15.77,0.78,-1.49,1.45,-0.52,-0.46
-16.51,9.65,2.71,2.40,-0.60,0.24
-14.55,8.08,2.86,-2.42,-0.48,-1.35
-14.95,-7.49,-3.69,-1.78,-0.48,-0.72
-15.38,-1.96,-1.18,0.80,-0.49,-0.78
-15.42,1.02,1.49,0.75,-0.53,-0.89
-15.42,-2.67,0.51,-0.07,-0.51,-0.98
-14.98,-2.43,0.51,0.12,-0.55,-1.19
-14.16,-2.31,1.65,0.20,-0.64,-1.07
-13.65,-2.82,1.49,0.29,-0.81,-1.12
-12.71,-2.31,0.39,0.44,-1.02,-1.24
-11.49,-1.02,-0.59,0.53,-1.62,-1.57
-10.87,-0.31,-1.45,0.37,-2.50,-1.88
-9.96,1.33,-3.26,0.17,-3.31,-2.15
-9.53,4.94,-6.98,-0.91,-4.89,-2.65
-8.90,3.88,-9.96,-1.80,-5.00,-3.66
-7.14,5.69,-12.55,-1.91,-5.00,-4.89
-1.61,12.94,-14.91,-1.97,-5.00,-5.00
7.02,12.87,-13.73,-2.46,-5.00,-5.00
18.20,9.65,-5.18,-1.46,-4.76,-5.00
20.01,3.53,-0.39,-2.11,-5.00,-4.99
20.01,-6.71,11.57,-3.35,-4.05,-4.41
19.73,-8.36,11.30,-2.86,-2.56,-3.25
15.06,-20.01,7.73,-2.36,-1.28,-1.37
9.53,-6.24,4.55,1.72,-1.12,-3.31
12.59,-6.86,-4.90,0.83,-0.24,-2.02
7.92,5.18,0.47,1.46,0.13,-2.42
17.38,10.40,-7.96,0.32,0.69,-1.59
13.30,1.22,-1.53,-1.20,0.86,0.32
8.16,-7.88,2.94,-0.95,1.60,-0.41
2.59,-10.55,4.24,-0.59,1.59,-0.50
0.08,-10.75,3.80,-0.37,1.69,-0.56
4.00,-2.00,4.31,0.44,1.59,-1.01
2.98,5.18,3.65,1.06,1.54,-0.12
5.84,1.45,-0.59,0.32,1.18,1.30
7.73,-5.41,1.22,0.14,0.41,0.81
9.81,-5.18,3.69,0.15,0.12,0.21
10.63,-3.65,3.77,0.28,-0.05,-0.54
10.71,-3.02,3.57,0.28,0.19,-0.62
10.83,-0.31,3.41,0.31,0.22,-0.75
9.65,0.90,2.98,0.07,0.16,-0.40
8.32,-1.33,3.14,0.05,0.18,-0.01
7.65,-2.20,2.82,-0.05,0.16,0.24
7.45,-1.88,2.79,-0.14,0.10,0.29
8.47,-1.88,3.37,-0.28,0.20,0.46
8.43,-1.96,2.71,-0.42,0.32,0.77
8.32,-1.33,1.88,-0.60,0.43,0.93
8.32,-1.33,2.16,-0.78,0.52,1.16
7.96,-2.79,1.77,-1.15,0.73,1.84
5.77,-4.16,1.80,-1.32,0.58,2.33
5.33,-4.86,0.98,-1.41,0.55,2.71
4.51,-5.81,0.63,-1.60,0.34,3.11
3.84,-6.63,1.18,-1.54,-0.04,3.54
4.00,-7.41,0.75,-1.40,-0.17,3.79
2.98,-9.14,1.22,-1.37,-0.23,4.12
2.82,-10.67,1.14,-1.36,-0.50,4.38
2.47,-9.53,2.63,-1.12,-0.33,4.38
1.33,-10.51,4.20,-0.86,-0.13,4.56
3.45,-12.71,3.49,-0.72,0.21,4.56
-2.24,-11.02,3.77,0.11,0.80,4.22
-0.04,-9.77,3.22,0.57,1.01,4.18
-4.75,-9.69,2.43,0.39,1.33,3.86
-5.53,-8.47,2.28,0.84,1.17,3.71
-5.57,-9.06,2.08,0.76,1.04,3.53
-7.02,-5.73,2.47,0.92,1.04,3.06
-7.81,-4.98,3.41,0.82,0.79,3.24
-7.49,-5.96,2.51,0.28,0.67,3.03
-9.85,-4.86,2.79,0.40,0.65,2.73
-10.79,-3.49,2.75,0.55,0.49,2.16
-10.04,-2.75,2.43,0.72,0.52,2.01
-8.98,-2.51,1.57,0.80,0.60,1.87
-8.75,-2.94,0.78,0.92,0.66,1.70
-9.10,-2.51,0.35,1.07,0.54,1.40
-10.08,-2.59,0.27,1.08,0.45,1.33
-10.16,0.00,0.43,0.65,0.33,0.86
-10.75,0.08,1.22,0.18,0.26,0.75
-9.92,-0.51,-0.20,-0.33,0.21,0.51
-9.18,-1.57,0.27,-0.37,0.19,0.43
-8.83,-1.92,-0.39,-0.23,0.20,0.41
-8.98,-0.47,0.67,0.49,0.14,0.40
-7.77,-1.22,0.71,0.29,0.08,0.32
-8.43,-1.26,0.00,0.32,-0.00,0.26
-8.08,0.55,0.51,0.38,-0.01,0.30
-9.57,-0.71,0.71,-0.29,0.07,0.27
-9.49,-1.88,0.35,-0.26,0.13,0.22
-9.14,-0.04,1.33,-0.16,0.10,0.27
-9.85,-1.77,0.94,-0.33,0.07,0.30
-11.06,-1.22,0.47,0.11,0.07,0.21
-11.53,0.55,0.67,0.63,0.09,0.20
-11.57,1.26,1.22,0.40,0.15,0.08
-11.14,0.75,0.94,0.15,0.21,0.02
-10.32,0.82,0.35,0.17,0.34,-0.01
-12.16,0.75,1.45,0.18,0.37,0.02
-11.30,-0.16,1.02,0.12,0.39,0.09
-11.18,1.29,1.41,0.11,0.31,0.03
-11.02,-0.04,1.41,-0.01,0.25,0.15
-11.92,2.00,4.82,-0.06,0.13,0.08
-11.14,-2.51,0.27,-0.98,0.02,0.13
-12.40,-0.55,0.78,-0.39,0.07,0.07
-11.77,0.86,1.22,-0.34,0.00,0.04
-11.14,-0.27,0.98,-0.19,-0.01,0.14
-12.83,-5.37,-2.59,0.27,-0.05,-0.01
-13.65,3.65,3.30,-0.21,0.25,-0.37
-10.43,-0.86,0.71,-0.21,0.01,-0.00
-11.81,1.26,0.63,-0.23,0.12,-0.27
-10.20,-0.63,0.12,-0.26,-0.01,-0.07
-10.71,-0.47,0.98,0.65,0.04,-0.22
-10.00,1.73,1.41,0.62,0.05,-0.20
-10.24,-0.39,-0.04,0.39,0.18,-0.13
-12.24,-0.90,-0.82,0.54,0.16,-0.31
-10.55,-0.75,0.24,0.75,0.21,-0.23
-10.67,-1.45,1.14,0.92,0.30,-0.43
-10.67,-0.98,0.31,0.82,0.23,-0.38
-10.08,-1.92,-1.18,0.27,0.15,-0.37
-10.55,0.12,0.31,0.38,0.09,-0.14
-11.10,-0.08,0.63,0.19,0.07,-0.15
-11.34,0.51,1.45,0.38,0.04,-0.07
-10.40,0.24,1.45,0.18,0.07,-0.09
-8.55,0.20,-0.12,-0.02,0.09,-0.15
-9.06,-1.73,0.12,0.24,0.12,0.14
-8.75,-0.90,-0.35,0.62,0.05,0.08
-8.55,0.43,-0.75,0.80,0.00,0.16
-9.02,2.12,-0.94,0.49,0.16,0.35
-9.65,0.71,-0.08,0.45,0.31,0.56
-9.77,-1.26,0.59,0.00,0.42,0.48
-13.10,0.55,3.45,-0.08,0.27,0.07
-11.26,-1.77,6.12,0.30,0.11,0.14
-10.24,-6.63,1.57,-0.18,0.15,-0.67
-10.28,-1.14,-0.82,0.86,0.09,-0.90
-11.92,3.92,1.29,1.25,0.02,-0.53
-9.77,1.49,0.43,0.15,-0.08,-0.31
-9.73,2.55,-0.08,-0.24,0.22,-0.44
-9.85,0.39,-1.65,-0.13,0.33,0.01
-9.49,-2.43,-0.82,0.75,0.38,0.30
-9.89,-0.51,0.24,1.00,0.56,0.21
-9.14,0.16,-0.75,0.55,0.62,0.16
-10.24,-0.59,-1.22,-0.11,0.71,0.39
-9.69,-2.90,0.71,0.17,0.62,0.24
-14.95,1.84,6.71,0.44,0.18,0.13
-6.47,-1.57,0.90,-0.34,0.06,-0.27
-11.06,-4.20,1.26,-0.18,0.12,-0.07
-8.79,-0.59,-0.86,0.42,-0.20,-0.51
-11.53,0.82,0.04,0.36,-0.11,-0.02
-9.73,-0.27,-0.71,-0.07,-0.19,0.13
-11.49,0.35,-0.94,0.02,-0.04,-0.07
-10.32,0.71,0.39,0.22,-0.04,0.12
-9.26,0.12,-0.71,-0.01,-0.02,-0.04
-9.89,-1.06,-0.51,-0.09,0.17,0.03
-9.81,0.00,0.63,0.14,-0.03,0.08
-10.94,-0.71,-0.67,-0.08,-0.03,0.10
-10.71,0.47,-0.24,0.20,-0.03,-0.00
-10.55,0.27,0.27,-0.05,-0.09,0.08
-10.12,0.43,-0.55,-0.17,-0.03,-0.02
-9.92,1.37,0.04,-0.02,0.07,0.05
-10.59,0.35,0.08,-0.39,-0.04,0.15
-10.98,-0.20,0.55,-0.29,0.00,0.14
-10.36,1.73,0.20,-0.12,-0.09,0.17
-10.90,0.59,-0.20,-0.16,-0.10,0.42
-10.87,0.12,0.16,-0.22,-0.11,0.28
-10.67,0.24,0.59,-0.19,-0.07,0.10
-10.55,0.86,0.35,-0.13,-0.13,0.10
-10.16,0.08,0.27,-0.21,-0.13,0.09
-10.12,0.08,0.35,-0.06,-0.06,0.02
-9.77,0.94,0.20,0.03,-0.06,0.01
-10.08,1.18,0.51,0.02,0.00,-0.06
-10.12,1.37,0.75,0.01,0.02,-0.02
-10.16,1.02,0.39,-0.04,0.04,0.04
-10.20,0.75,0.75,-0.05,0.07,0.04
-10.16,0.04,0.27,-0.17,0.11,0.07
-10.40,0.59,0.59,-0.13,0.09,0.02
-10.43,0.16,0.67,-0.10,0.13,0.05
-10.47,0.51,1.02,-0.10,0.10,0.01
-10.16,0.00,0.67,-0.10,0.09,0.03
-10.28,0.55,0.82,0.06,0.08,-0.01
-10.24,0.47,0.78,0.05,0.04,-0.00
-9.92,0.04,0.55,0.08,0.03,0.01
-10.36,0.67,0.59,0.22,0.05,-0.03
-10.32,0.43,0.67,0.22,0.03,-0.00
-10.12,0.55,0.67,0.22,0.02,-0.02
-10.16,0.71,0.67,0.15,0.02,-0.06
-10.28,0.55,0.35,0.21,-0.01,-0.02
-10.20,1.18,0.75,0.20,0.01,-0.06
-10.12,0.55,0.51,0.08,0.02,-0.05
-10.24,0.39,0.71,0.22,0.04,-0.11
-10.43,1.06,0.39,0.19,0.02,-0.15
-10.43,1.53,0.20,0.06,0.04,-0.11
-11.18,0.59,0.00,0.01,0.04,-0.02
-11.02,1.18,0.94,0.01,0.10,-0.08
-11.89,1.10,1.65,0.01,0.16,-0.10
-13.45,0.75,1.18,0.18,0.11,-0.03
-15.26,-0.16,1.02,0.37,0.09,-0.01
-15.85,-0.20,2.28,0.65,-0.05,-0.20
-16.48,1.92,4.00,0.34,-0.18,-0.34
-16.48,-4.35,2.28,-0.76,-0.41,-0.33
-16.28,2.31,3.84,0.38,-0.57,-1.01
-16.79,1.53,5.26,0.51,-0.94,-0.29
-17.22,-1.02,4.12,-1.78,-1.09,-1.33
-17.73,-6.39,3.26,-0.66,-1.18,-1.32
-18.24,0.94,3.41,0.36,-1.24,-1.82
-18.04,-0.67,4.04,-0.23,-1.23,-1.98
-16.87,-5.41,2.86,0.36,-1.13,-1.87
-16.95,-4.16,2.16,0.84,-1.10,-1.92
-17.06,-2.75,2.71,0.31,-1.37,-1.91
-13.65,-3.77,1.29,0.10,-1.61,-1.71
-12.32,-3.37,0.27,-0.02,-1.84,-1.90
-9.49,-0.55,-0.82,-0.35,-2.48,-2.30
-6.63,0.12,-2.55,-0.72,-2.94,-2.59
-4.71,-1.49,-4.86,-0.73,-3.69,-3.11
-4.35,-0.78,-6.43,0.25,-4.35,-3.58
-4.08,0.94,-5.84,0.88,-4.61,-3.83
-1.80,9.61,-7.49,1.40,-5.00,-4.35
2.47,16.87,-5.81,0.33,-4.99,-4.86
6.51,8.32,-2.35,-0.93,-4.73,-4.96
8.43,2.16,-2.71,-1.45,-3.93,-5.00
5.06,-0.59,1.14,0.42,-2.84,-5.00
4.08,3.02,0.16,-0.04,-2.37,-5.00
-0.27,0.04,-1.53,-1.65,-1.91,-4.48
6.59,-1.57,-0.31,-2.66,-1.62,-3.76
8.39,-8.04,5.10,-3.19,-1.10,-2.28
11.30,-9.41,3.88,-2.29,-0.55,-0.58
14.59,-2.04,4.59,-1.96,-0.32,-0.14
18.79,2.28,6.16,-1.51,-0.46,0.10
17.85,0.43,6.43,-0.56,-0.16,0.37
15.46,-0.47,5.41,0.01,0.14,0.83
12.24,-2.63,4.59,-0.04,0.24,1.20
10.87,-4.39,4.59,0.35,0.16,1.38
10.12,-2.67,1.69,0.60,0.17,1.11
9.57,-3.45,2.28,0.41,0.02,0.77
9.81,-2.39,1.77,0.39,0.08,0.22
10.32,-1.45,1.41,0.32,0.20,0.02
8.75,-2.04,2.28,0.14,0.27,-0.17
7.92,-3.53,3.10,0.07,0.25,-0.13
7.45,-3.73,2.98,0.17,0.25,-0.02
7.22,-3.41,3.14,0.16,0.11,0.05
7.57,-3.30,3.26,0.24,-0.12,0.09
8.36,-2.86,2.59,0.25,-0.16,0.12
7.88,-3.22,2.86,0.20,-0.26,0.09
8.63,-3.14,2.59,0.22,-0.36,0.12
8.67,-3.49,2.94,0.20,-0.33,0.12
8.04,-3.92,2.90,0.28,-0.29,0.09
8.83,-2.71,2.16,0.22,-0.30,0.03
8.39,-3.45,2.28,0.21,-0.33,-0.01
9.18,-2.67,2.24,0.19,-0.29,-0.01
9.14,-2.94,2.39,0.14,-0.29,0.08
9.49,-2.79,2.20,0.18,-0.30,0.03
9.26,-2.82,2.08,0.15,-0.31,-0.04
9.41,-2.82,2.00,0.16,-0.31,-0.06
9.34,-3.10,1.84,0.16,-0.20,-0.03
9.38,-3.06,1.73,0.10,-0.09,0.01
9.53,-2.55,1.37,0.09,-0.03,0.03
9.57,-2.94,1.69,-0.01,0.05,0.04
10.12,-2.67,1.61,0.02,0.13,0.08
10.83,-2.24,0.86,-0.08,0.21,0.14
10.04,-2.79,1.14,-0.30,0.43,0.32
10.94,-1.96,0.35,-0.19,0.57,0.64
9.96,-2.63,0.16,-0.29,0.71,1.01
8.83,-3.73,0.75,-0.46,0.93,1.61
7.85,-4.79,1.29,-0.49,0.98,2.20
7.41,-4.67,1.22,-0.65,1.08,2.50
5.02,-6.12,1.10,-0.74,1.01,2.91
5.10,-4.82,1.53,-0.54,0.89,3.09
2.82,-5.49,2.71,-0.72,1.07,3.43
2.00,-5.96,1.29,-0.50,0.81,3.62
3.14,-2.98,2.47,-0.38,0.87,3.76
-3.02,-8.16,3.10,-0.91,1.21,4.48
-1.57,-6.98,2.59,-0.63,0.83,4.02
0.00,-5.41,4.55,-0.63,0.78,4.15
-6.67,-11.34,3.73,-1.35,0.91,4.37
-2.79,-8.00,3.73,-0.61,0.42,3.85
-3.10,-8.51,4.79,-1.04,0.49,3.98
-5.10,-10.79,4.90,-1.01,0.55,3.55
-4.04,-11.41,3.88,-0.39,0.58,3.39
-6.04,-10.40,2.59,-0.24,0.70,2.78
-7.37,-9.85,2.94,0.04,0.67,2.65
-8.36,-11.57,1.88,0.02,0.71,2.60
-9.85,-10.20,0.51,0.34,0.67,2.40
-9.61,-8.08,0.20,0.61,0.63,2.32
-9.92,-8.67,-0.55,0.77,0.61,2.47
-10.04,-8.08,-0.86,1.28,0.56,2.37
-10.55,-5.41,-1.45,1.69,0.50,2.12
-10.75,-2.51,-0.94,1.70,0.45,1.91
-10.43,0.67,-0.20,1.00,0.32,1.65
-9.57,-1.18,-0.04,-0.01,0.43,1.50
-9.26,-3.33,0.59,0.09,0.45,1.33
-8.51,-1.10,0.08,0.58,0.34,0.88
-9.10,-0.94,0.12,0.29,0.26,0.81
-8.83,-1.45,0.31,0.04,0.21,0.73
-9.02,-1.29,0.31,-0.18,0.08,0.60
-9.02,-2.00,-0.24,-0.25,0.04,0.62
-9.45,-1.84,0.31,0.03,-0.02,0.52
-9.81,-1.06,0.98,0.30,-0.09,0.41
-9.61,-1.06,0.78,0.30,-0.12,0.33
-8.63,-1.73,0.27,0.33,-0.10,0.26
-8.59,-0.31,0.08,0.95,0.02,0.23
-9.18,-0.86,1.18,1.10,0.16,0.28
-9.06,-1.33,1.53,1.09,0.25,0.12
-7.88,1.06,1.26,1.12,0.25,0.06
-8.94,-0.63,1.45,0.88,0.31,0.14
-9.06,-1.69,1.29,1.08,0.27,0.04
-8.90,2.55,1.14,1.13,0.31,-0.12
-9.85,1.73,1.65,0.80,0.30,0.21
-9.61,1.53,2.67,0.63,0.14,0.14
-10.59,2.47,1.02,0.09,0.20,0.19
-9.69,0.94,0.63,-0.19,0.15,0.28
-9.34,0.55,0.63,-0.31,0.15,0.24
-9.81,-0.55,-0.08,-0.21,0.15,0.27
-10.12,1.29,0.43,-0.01,0.16,0.21
-11.18,1.80,0.63,-0.37,0.07,0.26
-11.73,1.69,0.35,-0.91,0.09,0.26
-10.83,0.31,0.67,-1.17,0.15,0.24
-10.87,-1.84,1.84,-0.70,0.13,0.01
-10.75,0.35,2.00,-0.38,0.10,-0.16
-11.38,-1.49,2.79,-0.05,-0.01,-0.08
-10.87,0.08,2.12,0.42,-0.14,-0.20
-9.77,0.86,-0.47,0.39,-0.07,-0.17
-11.06,1.65,-0.39,0.55,0.02,-0.11
-11.02,0.98,0.16,0.28,0.06,-0.13
-11.02,0.27,1.41,0.24,0.02,-0.18
-10.47,1.84,1.02,0.31,0.02,-0.17
-11.41,2.75,0.31,0.08,0.17,-0.06
-10.94,0.98,0.39,0.11,0.20,0.10
-10.98,3.88,3.02,-0.10,0.28,-0.08
-10.90,1.53,1.45,-1.69,0.31,-0.05
-10.87,-1.61,-0.08,-1.51,0.26,0.11
-10.20,-5.26,-0.94,0.12,0.34,0.13
-10.75,-0.82,2.75,2.14,0.18,-0.08
-11.02,3.10,0.31,1.87,0.17,0.17
-10.55,2.63,0.55,0.32,0.22,0.07
-10.90,0.67,-1.80,0.42,0.47,0.27
-10.04,0.86,0.20,0.78,0.30,0.23
-10.12,1.22,0.51,0.58,0.43,0.01
-10.28,1.06,0.98,0.49,0.48,-0.14
-10.47,0.00,0.04,0.27,0.45,-0.06
-11.06,-2.20,-1.02,0.46,0.45,-0.14
-10.63,-0.20,-0.98,0.81,0.34,-0.20
-10.71,-0.08,-2.08,0.58,0.26,-0.14
-10.79,0.31,-1.80,0.75,0.23,-0.25
-10.55,3.10,-0.86,0.70,0.16,-0.18
-10.67,2.28,0.78,-0.22,0.05,0.14
-9.85,-0.78,-0.31,-0.11,0.01,0.23
-9.65,2.94,-1.45,0.05,0.01,0.17
-10.67,1.37,-2.24,-0.44,0.02,0.48
-10.79,1.88,0.39,-0.37,-0.05,0.38
-9.96,3.18,-0.63,-1.09,0.01,0.20
-12.12,4.55,0.67,-1.52,0.15,0.34
-9.41,-0.51,-1.92,-1.49,0.05,0.75
-9.77,-4.55,-2.67,-1.18,0.18,0.50
-12.79,2.51,1.14,-0.58,-0.01,-0.21
-9.77,1.33,0.82,-0.90,-0.12,0.19
-10.00,2.79,0.24,-0.60,-0.07,0.04
-10.40,1.80,0.31,-0.49,0.01,0.11
-10.79,0.39,0.35,-0.33,0.05,0.00
-10.83,1.26,0.71,-0.19,-0.04,-0.13
-10.36,0.90,-0.08,-0.10,-0.09,-0.12
-10.36,1.84,0.04,-0.06,-0.07,-0.18
-10.51,0.94,-0.04,-0.08,-0.03,-0.10
-10.47,0.82,0.04,0.16,-0.05,-0.05
-9.92,1.77,0.04,0.26,-0.07,-0.03
-9.41,2.55,-0.27,0.28,-0.01,-0.06
-9.30,2.47,-0.16,0.04,0.09,0.09
-9.73,-0.16,0.24,-0.11,0.12,0.07
-9.61,-0.04,0.24,0.38,0.07,-0.05
-9.53,0.67,0.20,0.79,0.09,-0.10
-9.57,1.53,0.12,0.82,0.09,-0.17
-9.89,2.79,0.55,0.81,0.12,-0.18
-10.32,2.67,0.59,0.65,0.13,-0.13
-10.12,2.16,-0.12,0.54,0.19,-0.14
-10.98,3.45,0.39,0.33,0.31,-0.17
-10.28,1.45,-0.16,0.04,0.27,-0.16
-10.00,1.53,-0.86,-0.00,0.24,-0.28
-10.24,0.55,-0.51,-0.00,0.20,-0.12
-10.43,0.12,-0.55,0.01,0.14,-0.10
-9.96,0.86,-0.31,0.14,0.08,-0.14
-10.20,1.18,0.00,0.21,0.07,-0.14
-10.28,2.67,0.20,0.21,0.07,-0.17
-10.12,3.02,0.12,0.14,0.01,-0.07
-10.28,2.20,-0.27,-0.15,-0.06,0.03
-10.16,0.78,-0.12,-0.21,-0.02,0.02
-10.24,0.27,0.00,-0.14,-0.04,0.01
-10.16,0.47,-0.12,-0.04,-0.06,-0.01
-10.04,0.78,-0.31,0.04,-0.08,-0.02
-10.20,1.53,-0.20,0.08,-0.05,-0.03
-10.04,0.67,0.24,-0.01,-0.01,0.02
-10.12,0.78,0.20,0.22,-0.07,-0.02
-10.28,0.90,-0.04,0.39,-0.07,-0.05
-10.20,1.26,-0.20,0.54,0.01,-0.10
-11.18,-0.20,0.16,0.70,0.01,0.03
-12.67,-1.18,0.75,1.30,-0.10,-0.05
-12.98,2.35,0.82,1.67,-0.24,-0.16
-14.00,1.73,0.90,0.67,-0.08,-0.22
-15.02,-0.82,2.55,0.16,-0.12,-0.29
-14.71,-1.33,2.51,-0.01,-0.14,-0.60
-17.22,3.96,1.65,0.63,-0.38,-0.61
-16.51,1.29,0.86,-0.49,-0.45,-0.50
-15.06,-0.39,1.61,-0.42,-0.46,-0.83
-14.79,0.47,1.37,0.42,-0.37,-0.83
-14.51,2.43,1.22,1.08,-0.13,-0.95
-14.24,1.88,1.77,0.90,-0.12,-1.00
-15.18,-1.57,1.65,0.57,-0.14,-0.98
-16.12,-2.86,1.65,0.77,-0.18,-1.14
-15.85,-1.80,1.53,1.07,-0.28,-1.27
-16.04,-1.22,1.22,1.04,-0.38,-1.14
-16.00,-2.63,0.55,0.85,-0.45,-1.05
-15.14,-1.84,0.00,0.91,-0.59,-1.19
-14.32,-1.65,-0.04,0.79,-0.80,-1.17
-13.26,-1.84,-0.86,0.36,-1.39,-1.24
-13.30,-1.18,-1.14,0.08,-2.28,-1.80
-8.75,2.31,-2.98,-0.54,-3.99,-2.95
-6.94,5.18,-4.59,-1.28,-4.98,-3.34
-4.86,3.80,-8.20,-1.69,-5.00,-3.59
-1.53,3.30,-9.10,-1.77,-5.00,-4.68
2.79,1.80,-11.73,-1.99,-5.00,-5.00
4.08,10.98,-8.51,-1.51,-5.00,-5.00
11.26,13.22,-3.96,-0.13,-4.88,-5.00
20.01,9.02,3.26,0.50,-4.26,-5.00
20.01,-0.24,0.63,-2.05,-3.50,-5.00
9.57,-5.30,-2.31,-4.87,-2.31,-4.88
7.02,-20.01,3.80,-3.69,-1.76,-3.17
6.32,-16.91,3.77,-1.13,-1.11,-3.44
11.53,-4.35,8.59,-0.55,-0.33,-2.24
7.57,1.33,4.08,0.14,0.52,-1.97
6.51,4.00,-0.35,1.07,1.18,-1.74
6.39,-1.84,-0.63,-0.20,1.09,-1.08
6.00,-3.10,1.61,-0.35,0.82,-0.75
9.73,-2.94,3.96,-0.34,0.44,-0.19
11.57,-1.69,5.02,0.17,0.50,0.08
13.89,-0.94,5.10,0.62,0.71,0.35
12.67,-1.61,4.00,0.86,0.83,0.46
12.28,-0.51,3.06,1.02,0.57,0.31
9.81,0.27,1.22,0.99,0.38,0.17
8.47,0.20,1.26,0.73,0.05,-0.15
8.08,-0.27,0.82,0.63,-0.21,-0.26
8.00,-0.12,0.47,0.43,-0.47,-0.29
8.20,0.47,2.04,0.25,-0.52,-0.28
8.79,-0.04,1.84,0.15,-0.45,-0.18
9.14,-0.51,1.77,0.02,-0.24,-0.11
9.41,-0.04,2.24,-0.06,-0.10,-0.03
9.92,-0.63,2.55,-0.14,-0.07,0.02
10.24,-0.71,2.63,-0.12,-0.00,0.05
9.77,-0.51,2.71,-0.09,0.05,0.07
9.57,-0.82,2.35,-0.05,0.05,0.06
9.34,-1.06,2.20,0.01,0.07,0.06
9.06,-0.75,1.65,0.03,0.06,0.10
9.10,-0.63,1.57,0.00,0.05,0.15
9.06,-0.63,1.41,-0.05,0.08,0.23
9.38,-0.31,1.26,-0.06,0.15,0.36
9.30,-0.94,1.53,-0.16,0.22,0.53
8.90,-1.22,1.80,-0.14,0.32,0.80
8.67,-2.00,0.78,-0.22,0.42,1.09
8.08,-2.86,1.06,-0.44,0.49,1.54
8.16,-3.02,1.10,-0.44,0.44,2.08
7.06,-4.20,0.90,-0.61,0.50,2.35
5.96,-5.77,1.69,-0.65,0.45,2.75
6.20,-4.90,1.37,-0.43,0.34,3.02
5.49,-5.53,1.14,-0.59,0.35,3.21
4.24,-6.75,2.59,-0.47,0.26,3.49
5.45,-5.37,2.28,-0.32,0.32,3.76
4.86,-6.39,3.69,-0.65,0.60,3.93
4.20,-8.51,3.69,-0.45,0.61,4.21
4.24,-7.06,4.31,-0.60,0.93,4.08
3.02,-9.73,4.12,-0.49,1.05,4.48
1.96,-8.94,4.90,-0.40,1.36,4.15
0.82,-8.51,4.43,-0.14,1.36,4.38
-2.00,-10.16,2.43,-0.05,1.49,4.26
-4.12,-7.57,3.10,0.26,1.24,3.67
-4.20,-8.39,2.94,0.14,1.05,3.75
-7.26,-9.41,1.88,0.11,1.13,3.17
-7.34,-7.61,2.71,-0.12,0.97,2.95
-7.77,-10.43,1.53,-0.38,0.97,3.07
-9.89,-9.65,0.75,0.54,0.99,2.99
-9.34,-4.51,0.98,0.86,0.83,2.43
-10.12,-6.20,0.55,0.46,0.71,2.55
-10.32,-6.51,0.43,0.51,0.52,2.42
-9.85,-4.59,0.08,0.71,0.31,2.10
-10.75,-3.53,0.35,0.61,0.27,2.00
-10.83,-1.88,1.22,0.28,0.17,1.67
-10.75,-2.31,1.02,-0.19,0.10,1.64
-10.16,-3.37,1.10,-0.03,0.10,1.48
-9.96,-1.80,1.29,0.25,0.08,1.22
-9.65,-1.84,1.10,0.19,0.03,1.16
-10.04,-2.04,1.06,0.10,-0.02,1.05
-10.08,-0.98,1.26,-0.04,-0.07,0.75
-10.63,-1.18,1.22,-0.19,-0.10,0.63
-10.51,-1.26,1.37,-0.18,-0.08,0.53
-10.47,-0.43,2.08,-0.18,-0.03,0.41
-10.16,-0.98,2.20,-0.32,-0.02,0.39
-9.41,-1.45,2.00,-0.19,-0.00,0.20
-9.10,-0.16,2.28,-0.08,0.02,0.06
-9.10,0.00,2.51,-0.23,0.04,0.08
-9.18,-0.94,2.43,-0.47,0.09,0.16
-9.06,-1.14,2.08,-0.35,0.19,0.12
-8.59,-0.24,2.12,-0.16,0.27,0.08
-7.81,0.00,2.55,-0.13,0.32,0.17
-7.73,-1.61,2.08,-0.20,0.36,0.21
-7.34,-0.78,1.45,0.14,0.38,0.11
-7.22,0.78,1.73,0.12,0.36,0.15
-7.85,-0.63,0.94,-0.37,0.42,0.12
-8.90,-1.61,0.86,-0.23,0.45,0.03
-9.45,-0.20,0.94,0.17,0.39,0.03
-9.85,-0.39,0.78,0.16,0.34,0.19
-10.59,-0.86,0.55,0.12,0.35,0.16
-11.30,-0.31,0.63,0.31,0.31,0.09
-11.69,-0.08,1.10,0.44,0.26,0.05
-10.43,-0.04,0.90,0.56,0.18,-0.07
-11.30,0.67,0.98,0.78,0.13,-0.13
-10.75,0.90,0.94,0.68,0.09,-0.02
-11.06,0.00,0.47,0.58,0.09,0.02
-11.14,0.00,0.47,0.67,0.05,0.07
-10.98,0.35,0.43,0.65,0.04,0.06
-11.22,0.71,0.59,0.58,0.05,0.08
-11.65,0.98,0.78,0.57,0.03,0.12
-11.06,0.75,0.82,0.56,0.04,0.11
-11.02,1.49,1.18,0.57,0.08,-0.01
-10.79,1.02,0.71,0.45,0.10,0.19
-10.90,0.12,0.31,0.52,0.06,0.14
-11.06,0.43,1.02,0.50,0.05,-0.01
-10.75,0.16,0.55,0.45,0.05,-0.07
-10.94,1.57,-0.20,0.56,0.11,-0.02
-10.98,1.33,0.47,0.52,0.18,-0.04
-10.94,2.31,0.75,0.53,0.12,-0.05
-10.32,1.53,0.63,0.28,0.06,-0.00
-10.16,0.59,0.35,0.07,0.05,-0.09
-10.24,-0.08,0.35,0.08,0.03,-0.07
-10.20,0.31,0.43,0.11,0.04,-0.08
-10.12,0.08,0.43,0.13,0.06,-0.01
-10.32,0.20,0.39,0.31,0.08,-0.01
-10.67,1.92,0.24,0.43,0.08,-0.03
-13.42,0.98,3.18,0.06,0.10,-0.13
-8.79,3.22,2.16,-0.36,0.10,-0.61
-9.96,1.02,-0.90,-0.13,-0.04,-0.29
-12.94,-0.55,-0.20,0.88,0.07,-0.16
-10.12,1.69,0.71,0.97,0.06,-0.45
-10.79,0.90,1.18,0.38,-0.02,-0.40
-11.02,-0.94,1.80,0.06,-0.04,-0.30
-10.75,-0.08,0.98,-0.07,-0.02,-0.43
-10.47,0.08,0.94,0.06,-0.09,-0.23
-10.36,-0.12,1.53,0.12,-0.08,-0.25
-9.69,0.08,1.57,0.04,-0.18,-0.35
-9.30,-1.69,0.16,-0.10,-0.28,-0.49
-10.36,-0.90,0.31,0.32,-0.26,-0.33
-9.18,-1.84,0.63,0.52,-0.30,-0.22
-10.28,-1.45,1.49,0.81,-0.43,-0.19
-9.41,1.61,1.33,0.88,-0.49,-0.21
-8.47,-3.61,0.98,0.24,-0.36,0.28
-8.94,-3.92,0.04,1.03,-0.35,-0.59
-9.14,3.69,1.88,1.05,-0.28,-0.54
-10.04,0.00,1.41,0.15,-0.11,-0.05
-10.71,1.45,1.88,0.24,-0.01,-0.31
-10.79,-0.82,0.82,0.21,-0.06,-0.17
-10.08,1.77,2.12,0.37,-0.05,-0.28
-10.12,-1.33,2.86,-0.04,-0.16,-0.09
-10.40,-1.57,2.35,-0.11,-0.26,-0.26
-11.06,1.29,2.86,0.17,-0.25,-0.02
-9.69,-2.20,1.65,0.24,-0.24,0.09
-11.73,1.53,2.82,0.39,-0.14,-0.31
-9.45,0.16,2.08,0.08,-0.11,0.34
-10.51,0.82,2.71,-0.16,0.02,0.10
-8.87,0.63,4.43,-0.26,0.13,0.00
-11.18,-0.82,1.84,-0.64,0.03,-0.11
-9.49,-0.39,0.98,-0.56,0.17,-0.25
-9.22,1.14,0.20,-0.58,0.29,-0.39
-10.43,-1.37,0.94,-0.35,0.30,0.09
-9.57,-2.12,1.37,-0.16,0.17,-0.31
-10.40,-0.75,1.84,0.21,0.21,-0.08
-9.61,-0.20,1.29,0.14,0.36,-0.07
-9.92,-0.04,0.75,0.25,0.48,-0.01
-9.77,0.47,0.63,0.55,0.54,0.07
-9.77,0.47,0.94,0.20,0.52,0.10
-10.04,-0.75,1.33,-0.08,0.49,0.17
-9.96,-0.51,1.37,-0.21,0.44,0.17
-9.89,-1.10,1.33,-0.30,0.49,0.26
-10.16,-1.45,1.14,-0.10,0.51,0.28
-10.83,-0.71,1.45,0.06,0.47,0.21
-10.71,-0.75,1.18,-0.09,0.44,0.14
-11.10,0.39,2.16,-0.35,0.40,0.02
-10.79,1.53,3.37,-1.39,0.42,0.00
-11.26,-2.24,1.69,-1.60,0.36,0.12
-10.59,-5.30,-0.71,-0.19,0.18,0.10
-9.81,0.78,1.06,1.22,0.05,-0.24
-9.65,2.12,1.96,0.51,-0.04,-0.13
-9.81,-1.57,1.33,-0.61,-0.02,0.16
-9.69,-1.29,0.67,-0.20,0.01,0.04
-10.36,-1.22,0.98,0.13,0.03,-0.00
-9.69,-0.67,0.55,0.23,0.02,-0.06
-8.83,-0.59,0.47,0.20,-0.04,0.08
-10.08,-0.75,1.06,0.37,-0.01,0.22
-10.24,1.29,1.45,0.35,-0.01,0.03
-10.08,0.47,1.77,0.16,0.08,0.00
-10.04,-0.90,0.24,0.11,0.04,-0.08
-10.59,0.00,0.90,0.22,0.10,-0.10
-10.24,0.63,1.22,0.10,0.09,-0.05
-10.32,-0.47,0.86,-0.15,0.10,0.05
-10.63,-0.59,1.22,-0.06,0.11,-0.03
-10.40,-0.78,1.10,0.08,0.11,0.04
-10.28,-0.35,1.10,0.25,0.12,-0.04
-10.47,-0.55,1.41,0.21,0.11,-0.20
-11.81,-0.39,2.12,0.27,0.10,-0.15
-13.06,-1.29,3.10,0.02,0.13,-0.20
-15.57,-2.43,2.63,0.02,0.19,-0.22
-16.32,-3.02,2.51,0.34,0.07,-0.21
-16.83,-3.10,2.82,0.67,-0.13,-0.39
-17.46,-0.75,3.06,0.71,-0.41,-0.56
-15.97,-1.14,3.14,0.44,-0.61,-0.61
-16.40,-1.73,3.22,0.35,-0.81,-0.81
-16.40,-1.33,3.14,0.42,-0.84,-1.00
-16.48,-2.35,2.86,0.71,-0.84,-1.05
-16.16,-1.22,2.28,0.87,-0.87,-1.31
-16.87,-3.06,1.18,0.62,-1.05,-1.17
-16.83,-2.59,1.37,0.51,-1.17,-1.37
-15.38,-1.49,1.88,0.24,-1.27,-1.53
-15.61,-3.65,1.84,0.02,-1.19,-1.29
-15.38,-4.28,1.18,-0.09,-1.16,-1.31
-13.53,-2.43,0.94,-0.22,-1.24,-1.48
-10.40,-1.10,0.43,-0.46,-1.62,-1.52
-8.32,-1.41,0.63,-0.99,-2.01,-1.70
-4.79,-1.02,-0.63,-1.13,-3.03,-2.47
-1.57,-0.24,-1.80,-0.73,-3.47,-2.94
-1.80,0.12,-2.20,0.00,-3.95,-3.21
-0.51,1.06,-3.88,0.44,-4.47,-3.65
-0.59,3.49,-5.69,0.66,-4.70,-4.14
0.98,9.26,-6.32,0.76,-5.00,-4.93
5.30,11.41,-6.94,-0.38,-5.00,-5.00
8.90,8.39,-5.22,-1.12,-4.52,-4.75
7.45,3.41,-1.22,-1.27,-3.70,-4.02
10.20,2.51,-0.27,-1.12,-2.58,-3.55
6.86,-1.69,2.08,-1.13,-2.32,-2.79
6.20,-3.92,2.00,-2.76,-1.48,-3.33
-0.51,-18.32,0.04,-2.82,-1.47,-2.20
6.47,-15.57,4.90,-3.35,-1.48,-1.49
16.28,-8.00,6.35,-1.65,-0.65,-0.13
15.30,-0.63,4.31,-0.94,0.14,0.15
16.24,0.08,4.75,-0.56,0.52,0.28
12.98,-6.04,4.59,-0.05,0.53,0.80
14.63,-1.77,1.65,0.63,0.18,0.50
12.43,-4.71,2.12,0.23,-0.12,0.51
13.06,-3.22,2.31,0.62,-0.36,0.41
10.83,-4.00,1.33,0.69,-0.35,0.19
9.81,-3.30,0.16,0.77,-0.39,0.01
8.63,-3.18,-0.20,0.57,-0.51,-0.22
8.12,-2.75,-0.08,0.44,-0.57,-0.42
8.04,-2.28,0.24,0.36,-0.55,-0.54
8.32,-2.39,0.16,0.26,-0.47,-0.39
9.14,-2.90,-0.24,0.15,-0.35,-0.20
9.49,-3.37,0.20,-0.01,-0.19,-0.01
10.08,-3.14,0.43,-0.13,-0.03,0.02
10.47,-3.30,0.71,-0.11,0.02,0.01
10.12,-3.22,0.59,-0.02,0.16,-0.08
9.85,-2.79,0.12,0.03,0.23,-0.08
8.98,-3.26,0.12,-0.04,0.24,-0.01
8.71,-3.41,0.35,-0.04,0.20,0.05
8.83,-3.06,0.47,-0.03,0.22,0.04
8.79,-3.33,0.39,-0.03,0.19,0.07
8.67,-3.49,0.39,-0.07,0.19,0.10
8.83,-3.53,0.67,-0.07,0.16,0.08
8.98,-3.61,0.82,-0.05,0.14,0.08
9.02,-3.73,0.78,-0.01,0.13,0.06
9.14,-3.61,0.86,0.00,0.11,0.03
9.06,-3.73,1.06,-0.01,0.09,0.03
9.14,-3.80,1.14,0.05,0.07,0.04
9.22,-3.33,0.78,0.08,0.08,0.02
8.98,-3.45,0.67,0.02,0.06,0.02
8.75,-3.92,1.06,0.06,0.01,0.04
9.02,-3.53,0.86,0.10,0.00,0.07
8.94,-3.61,0.63,0.06,0.03,0.09
9.06,-3.77,1.06,0.08,0.04,0.13
9.22,-3.65,0.71,0.10,0.09,0.14
9.06,-3.92,0.75,0.05,0.12,0.13
8.98,-4.24,0.78,0.04,0.13,0.09
8.98,-3.73,0.71,0.03,0.16,0.05
8.71,-3.92,0.90,-0.02,0.13,0.04
9.10,-3.45,0.67,-0.02,0.10,0.05
9.18,-3.92,0.55,-0.13,0.15,0.08
9.02,-4.12,1.02,-0.06,0.16,0.10
9.73,-3.37,0.71,0.03,0.16,0.15
9.10,-3.26,1.06,0.12,0.20,0.33
8.63,-3.41,0.75,0.04,0.33,0.66
7.73,-4.00,1.88,-0.14,0.54,0.92
6.28,-5.92,1.53,-0.28,0.62,1.30
7.45,-3.96,1.02,-0.09,0.65,1.50
6.75,-4.55,2.39,-0.19,0.85,1.98
5.06,-7.02,1.96,-0.10,0.86,2.26
6.35,-5.69,1.88,0.01,1.07,2.47
5.73,-6.51,2.31,-0.27,1.41,2.98
5.92,-6.75,1.49,-0.16,1.68,3.47
5.49,-6.51,3.37,-0.35,2.19,3.71
5.65,-6.28,2.39,-0.13,2.56,4.23
6.00,-3.49,1.65,0.58,3.08,4.98
1.57,-5.33,1.57,0.49,3.57,5.00
-1.77,-8.24,-2.90,0.84,3.53,5.00
-3.84,-9.02,-4.55,1.43,2.44,5.00
-1.88,-2.31,-1.61,0.88,2.54,5.00
-20.01,-11.89,0.55,1.56,2.41,5.00
-11.69,-1.26,0.39,2.71,1.24,2.91
-16.20,9.22,6.55,1.55,1.15,2.47
-14.24,0.16,7.41,-1.60,0.87,2.88
-12.98,-6.98,5.26,-2.43,0.66,2.20
-12.40,-9.57,4.63,-1.10,0.55,2.03
-10.98,-1.18,6.16,0.43,0.38,1.12
-10.67,-3.69,3.61,-0.71,0.20,1.19
-10.04,-5.33,2.16,-0.74,0.16,0.92
-10.16,-2.59,2.31,-0.35,0.09,0.52
-10.04,-2.71,2.31,-0.31,0.08,0.54
-10.00,-2.51,2.35,-0.06,0.14,0.42
-10.32,-0.94,1.88,0.26,0.17,0.32
-10.00,-0.24,1.49,0.18,0.18,0.34
-9.92,-1.57,1.77,-0.03,0.23,0.37
-9.81,-1.33,1.84,0.21,0.13,0.42
-9.61,-1.29,2.08,0.17,0.10,0.40
-9.49,-0.94,1.69,0.01,-0.00,0.28
-9.61,-0.27,1.73,-0.08,-0.05,0.07
-9.30,0.04,2.12,-0.26,-0.05,-0.09
-9.61,0.24,2.82,-0.39,-0.04,-0.25
-9.77,-0.12,2.20,-0.59,-0.12,-0.24
-10.00,-0.59,2.16,-0.56,-0.02,-0.34
-10.36,0.55,3.37,-0.41,0.20,-0.52
-10.16,0.08,3.84,-0.51,0.30,-0.24
-9.34,-1.77,3.96,-0.52,0.40,-0.11
-8.08,-1.53,4.31,-0.12,0.48,0.02
-7.26,-0.71,3.30,-0.04,0.38,0.29
-6.71,-1.65,2.82,-0.13,0.37,0.45
-6.35,-1.02,2.24,-0.13,0.39,0.54
-5.69,-0.35,2.08,-0.20,0.43,0.60
-5.69,-1.10,1.69,-0.23,0.54,0.60
-7.18,-0.04,1.02,0.20,0.56,0.46
-9.18,0.08,-0.20,0.17,0.49,0.51
-11.89,-0.35,-1.29,0.18,0.44,0.32
-13.61,2.00,-0.20,0.46,0.32,0.25
-12.51,3.37,1.26,0.14,0.30,0.21
-11.26,2.24,1.45,-0.65,0.30,0.25
-10.94,0.04,0.78,-0.57,0.29,0.24
-10.16,-0.63,-0.04,-0.22,0.28,0.21
-8.79,0.16,-0.31,0.02,0.22,0.20
-9.34,-0.39,-0.16,-0.03,0.13,0.24
-9.14,0.08,-0.04,-0.24,0.03,0.18
-9.38,-0.90,-0.47,-0.52,-0.05,0.20
-9.34,-0.24,0.12,-0.10,-0.10,0.21
-10.00,0.08,0.90,0.10,-0.09,0.19
-10.59,0.86,0.90,0.22,-0.06,0.12
-10.94,0.31,0.71,0.27,-0.02,0.14
-9.81,0.24,2.47,0.50,0.01,0.13
-9.06,-1.29,1.45,0.53,-0.15,-0.46
-10.79,0.55,0.27,0.54,-0.13,-0.07
-10.75,2.31,-0.35,0.37,-0.07,-0.19
-10.36,1.37,0.67,0.04,0.04,-0.10
-10.63,0.00,1.84,-0.01,0.03,-0.06
-10.71,1.18,1.65,0.08,0.01,-0.16
-10.75,0.98,1.06,0.04,0.05,-0.03
-10.63,0.98,1.29,0.17,0.08,-0.02
-10.28,1.26,1.53,0.21,0.06,-0.02
-10.71,0.98,1.26,0.22,0.06,-0.09
-10.47,1.37,1.10,0.27,0.06,-0.09
-10.51,0.90,1.41,0.32,0.10,-0.04
-10.40,0.82,1.53,0.47,0.11,-0.09
-10.51,0.63,1.14,0.57,0.10,-0.12
-10.98,0.86,1.18,0.77,0.09,-0.12
-10.90,0.43,0.98,0.60,0.02,-0.04
-11.02,0.86,1.29,0.57,-0.02,-0.11
-11.06,0.67,-0.04,0.35,-0.06,-0.14
-18.04,2.47,6.12,0.45,-0.52,-0.39
-10.83,0.35,5.02,0.49,-0.35,0.12
-8.87,-1.18,0.75,0.30,-0.14,-0.56
-10.32,-0.47,-1.45,0.12,-0.27,-0.96
-11.57,-2.63,0.20,0.54,-0.18,-0.47
-9.73,2.82,1.26,0.71,-0.23,-0.42
-11.06,1.73,1.41,0.14,-0.15,-0.38
-10.43,0.63,0.63,-0.19,-0.15,-0.53
-9.77,1.02,1.26,0.25,-0.07,-0.43
-9.49,1.69,1.29,0.08,0.01,-0.30
-9.45,2.39,1.41,-0.27,0.14,-0.07
-9.61,2.31,1.61,-0.75,0.27,0.17
-9.38,1.80,2.43,-1.39,0.25,0.14
-10.00,-2.04,1.14,-1.44,0.26,0.14
-10.08,-4.82,-0.98,-0.45,0.21,0.10
-10.04,-2.47,0.67,0.58,0.20,-0.13
-10.04,0.20,2.35,0.31,0.25,-0.17
-9.61,-4.67,0.00,-0.08,0.19,0.07
-11.38,0.24,3.61,-0.23,0.35,-0.15
-11.92,-4.82,1.45,-0.66,0.17,0.21
-10.87,-1.92,0.82,0.06,0.09,-0.12
-10.59,-2.31,2.82,0.38,0.05,-0.06
-10.00,-1.84,1.77,0.79,-0.08,0.01
-10.36,-0.59,0.16,1.29,-0.12,-0.04
-9.26,-0.04,0.63,2.01,-0.04,0.17
-10.40,4.08,2.47,1.38,-0.09,0.14
-9.49,1.73,1.92,-0.36,0.08,0.37
-10.16,-0.63,1.61,-0.66,0.16,0.25
-9.73,-0.12,0.98,-0.43,0.09,0.16
-9.38,-0.90,0.78,-0.34,0.08,0.26
-9.18,-0.59,0.98,0.05,0.11,0.21
-9.96,0.78,2.12,0.10,0.19,0.05
-9.96,0.90,2.47,-0.21,0.18,0.02
-10.20,-0.51,1.88,-0.17,0.11,0.11
-10.43,-0.71,2.08,0.25,0.12,0.08
-10.67,-0.47,1.88,0.39,0.07,-0.04
-10.75,-0.39,1.53,0.77,0.05,-0.06
-10.43,0.63,1.77,1.14,0.02,-0.05
-10.51,0.63,2.12,1.15,0.05,-0.09
-10.63,1.33,1.84,1.12,-0.01,-0.16
-10.32,1.41,1.61,0.96,-0.09,0.05
-10.32,1.57,1.49,0.75,-0.06,-0.00
-10.24,1.84,1.45,0.21,-0.06,0.01
-10.28,0.82,1.14,-0.16,0.00,0.02
-10.59,1.61,0.98,-0.26,0.03,0.01
-10.36,1.57,1.33,-0.45,0.08,0.04
-10.32,0.59,1.49,-0.44,0.11,0.06
-10.43,0.20,1.26,-0.30,0.13,0.01
-10.59,0.08,1.18,-0.12,0.20,0.06
-10.32,0.55,1.73,0.08,0.21,0.08
-10.16,0.43,1.49,0.18,0.24,0.11
-9.65,1.88,2.04,0.09,0.27,0.02
-9.61,0.43,1.96,-0.31,0.24,0.04
-9.14,0.00,1.33,-0.24,0.21,0.04
-8.90,0.35,1.57,-0.07,0.15,0.01
-8.67,0.16,1.65,-0.05,0.10,-0.01
-9.02,0.31,1.69,0.11,0.04,-0.03
-9.65,0.63,1.61,0.06,-0.01,-0.11
-10.08,-0.35,1.02,0.05,-0.04,-0.09
-10.75,0.90,1.22,0.46,-0.03,-0.14
-10.90,1.49,1.37,0.24,0.02,-0.10
-10.83,1.26,1.80,0.04,0.06,-0.10
-10.87,2.47,1.45,-0.19,0.10,-0.16
-10.98,1.77,0.51,-0.48,0.11,-0.11
-10.55,0.43,0.39,-0.41,0.14,-0.08
-9.45,0.55,1.10,-0.01,0.14,-0.04
-9.30,0.78,1.96,0.04,0.14,-0.01
-9.57,0.39,2.20,-0.09,0.11,-0.04
-9.06,-0.12,1.77,-0.22,0.01,-0.13
-9.41,-0.35,1.69,-0.19,-0.04,-0.14
-9.61,-0.43,1.80,-0.11,-0.09,-0.17
-9.96,-0.16,1.41,-0.09,-0.13,-0.29
-10.20,-0.39,1.41,0.07,-0.15,-0.22
-10.63,0.39,1.65,0.25,-0.13,-0.26
-10.98,1.29,1.65,0.30,-0.08,-0.17
-10.79,0.94,1.45,0.25,-0.02,-0.16
-10.79,1.49,1.49,0.20,0.02,-0.16
-10.47,1.02,1.41,0.01,0.03,-0.02
-10.24,0.63,1.57,-0.13,0.08,-0.04
-9.89,0.20,1.92,-0.26,0.15,0.03
-9.77,-0.08,1.65,-0.24,0.14,0.09
-9.65,-0.04,1.57,-0.19,0.12,0.10
-9.65,0.35,1.65,-0.13,0.12,0.05
-9.38,0.63,1.61,-0.27,0.11,0.09
-9.85,0.04,1.80,-0.37,0.11,0.05
-9.85,-0.20,1.61,-0.27,0.08,-0.01
-9.69,-0.39,1.37,-0.12,0.04,-0.04
-9.85,0.16,1.73,-0.04,0.04,-0.07
-10.04,0.27,1.77,-0.01,0.05,-0.10
-10.28,0.12,1.61,0.01,0.06,-0.10
-10.36,-0.20,1.29,0.08,0.07,-0.10
-10.51,0.39,1.61,0.29,0.09,-0.09
-10.40,-0.08,1.84,0.39,0.13,-0.04
-10.90,-1.77,1.77,0.87,0.20,-0.04
-13.06,-1.80,1.49,2.35,0.31,0.00
-14.95,6.86,5.18,1.84,0.34,-0.35
-16.71,4.86,3.77,-1.18,0.47,-0.44
-16.55,-1.61,1.84,-2.73,0.31,-0.22
-15.93,-5.33,1.96,-0.53,0.13,-0.18
-16.99,-0.16,4.67,0.65,-0.04,-0.61
-16.32,-0.55,3.92,0.36,-0.26,-0.68
-15.93,-0.82,2.55,0.20,-0.33,-0.99
-16.75,-1.45,2.43,0.37,-0.40,-0.97
-16.51,-0.98,2.08,0.50,-0.47,-1.14
-15.97,-0.51,2.31,0.58,-0.40,-1.17
-16.63,-1.65,2.08,0.56,-0.38,-1.06
-16.20,-2.16,1.18,0.44,-0.47,-0.95
-16.83,-3.18,0.39,0.20,-0.58,-0.81
-15.85,-2.35,2.08,-0.31,-0.88,-0.70
-12.36,-0.55,0.86,-0.61,-1.54,-0.82
-9.45,-0.78,-0.31,-0.83,-1.99,-1.09
-7.77,0.82,-0.43,-0.69,-2.76,-1.91
-5.30,4.51,-1.77,-1.26,-4.15,-3.21
-0.51,2.51,-4.04,-2.04,-4.58,-4.12
-1.57,2.31,-4.79,-1.14,-4.80,-5.00
-3.53,8.08,-6.90,0.37,-5.00,-5.00
0.31,15.93,-8.79,-0.14,-5.00,-5.00
7.57,12.51,-7.92,-2.45,-5.00,-5.00
8.75,4.39,-6.75,-3.34,-4.22,-5.00
10.63,2.75,-6.51,-2.58,-3.39,-5.00
13.57,3.14,-2.75,-0.90,-2.29,-5.00
14.83,-10.36,2.16,-2.76,-1.49,-4.06
8.87,-20.01,4.28,-3.43,-1.17,-3.49
18.28,-8.47,2.90,-1.35,-1.44,-2.21
18.55,19.89,6.79,-0.60,-1.05,-2.31
20.01,12.79,8.47,-0.69,-0.36,-1.03
12.59,-1.37,-0.78,0.45,0.65,-0.85
4.47,-4.28,-1.10,-0.32,0.62,0.61
4.98,-5.96,1.26,0.00,0.07,1.32
9.69,-0.39,1.92,0.34,0.03,1.29
11.02,-1.18,1.57,0.48,-0.02,0.46
10.43,-2.16,1.29,0.64,-0.09,0.18
10.08,-1.33,0.35,0.79,-0.08,0.21
9.14,-0.31,-0.90,0.64,-0.11,0.19
9.73,-0.94,-0.12,0.41,-0.26,0.13
10.00,-0.94,0.75,0.33,-0.30,0.09
10.12,-1.02,0.59,0.36,-0.10,0.09
9.38,-1.18,0.00,0.32,-0.07,0.04
8.98,-1.49,0.04,0.24,-0.07,0.02
9.14,-1.73,0.16,0.20,-0.07,0.08
8.71,-1.33,0.12,0.19,-0.06,0.21
8.98,-1.61,0.27,0.14,-0.11,0.32
9.65,-1.96,0.20,0.12,-0.12,0.37
9.49,-1.88,-0.08,0.12,-0.06,0.39
9.81,-2.35,0.16,0.13,-0.03,0.40
10.20,-1.84,-0.47,0.16,-0.02,0.37
9.85,-2.47,-0.24,0.05,-0.04,0.26
9.89,-2.71,0.31,0.09,-0.03,0.15
9.77,-2.43,-0.24,0.14,-0.01,0.12
9.10,-2.90,-0.24,0.10,0.00,0.11
9.38,-2.47,-0.24,0.12,0.03,0.12
9.49,-2.71,-0.31,0.07,0.05,0.16
9.06,-3.26,0.24,0.03,0.07,0.21
9.34,-2.63,-0.27,0.06,0.11,0.21
9.02,-3.57,-0.04,0.03,0.08,0.20
9.18,-3.33,0.08,0.08,0.06,0.18
9.26,-3.22,0.20,0.08,0.08,0.23
9.34,-3.69,0.12,0.13,0.04,0.23
9.65,-3.41,-0.27,0.15,0.06,0.18
9.69,-2.98,-0.24,0.13,0.05,0.14
9.65,-4.00,0.24,0.10,0.01,0.10
9.73,-3.14,-0.51,0.16,0.03,0.07
9.45,-3.33,-0.12,0.08,0.07,0.04
9.38,-3.53,-0.04,0.05,0.07,-0.02
9.02,-3.57,-0.20,-0.02,0.13,-0.05
8.98,-3.53,0.08,-0.01,0.11,-0.03
8.94,-3.49,0.08,-0.00,0.12,-0.01
8.63,-3.41,-0.12,-0.05,0.15,0.02
8.59,-3.69,0.24,-0.05,0.12,0.05
9.02,-3.73,0.31,-0.04,0.12,0.09
9.14,-3.77,0.04,-0.04,0.10,0.08
8.98,-3.88,0.35,-0.05,0.09,0.07
9.30,-3.33,0.00,0.01,0.06,0.07
9.02,-3.77,0.16,-0.03,0.05,0.06
8.98,-3.80,0.43,-0.01,0.05,0.05
9.14,-3.65,0.24,0.03,0.06,0.08
8.94,-3.69,-0.08,-0.01,0.09,0.10
8.94,-3.69,0.24,-0.05,0.10,0.10
9.22,-3.69,0.16,0.01,0.08,0.07
9.10,-4.04,0.24,-0.01,0.09,0.08
9.30,-4.00,0.27,0.00,0.09,0.05
9.26,-3.88,0.12,0.01,0.06,0.03
9.34,-3.61,0.00,0.02,0.06,0.01
8.90,-3.84,0.16,-0.01,0.10,0.01
9.22,-3.69,-0.04,0.01,0.09,0.02
8.98,-4.00,0.08,-0.04,0.11,0.04
9.02,-3.92,0.12,0.01,0.09,0.04
9.06,-3.88,0.04,-0.01,0.10,0.04
9.10,-3.88,0.24,-0.01,0.09,0.05
9.14,-4.16,0.16,-0.02,0.06,0.06
9.06,-3.84,0.08,-0.03,0.07,0.02
8.90,-4.20,0.20,-0.03,0.06,0.03
9.14,-3.96,0.16,-0.01,0.10,0.07
9.14,-3.84,0.16,-0.02,0.13,0.11
8.94,-4.16,0.35,-0.05,0.16,0.10
8.98,-4.08,0.27,-0.02,0.16,0.09
8.83,-4.08,0.12,-0.01,0.15,0.08
8.63,-4.24,0.16,-0.01,0.12,0.07
8.83,-4.16,0.12,-0.00,0.09,0.08
8.67,-4.51,0.31,-0.02,0.10,0.11
8.87,-4.39,0.27,-0.01,0.10,0.13
8.98,-4.43,0.08,-0.00,0.13,0.12
8.75,-4.47,0.31,-0.03,0.14,0.12
8.83,-4.51,0.20,-0.02,0.14,0.11
8.83,-4.28,0.24,-0.03,0.19,0.12
8.55,-4.59,0.43,-0.05,0.21,0.16
8.39,-4.79,0.75,0.01,0.22,0.21
8.36,-4.86,0.59,0.02,0.29,0.31
8.79,-4.63,0.55,-0.08,0.49,0.50
6.94,-6.94,2.47,-0.16,1.05,1.09
7.73,-5.33,2.04,0.33,1.37,1.57
8.28,-4.16,0.31,0.25,1.70,1.90
7.45,-3.53,0.04,-0.02,1.93,2.45
5.84,-4.63,0.98,-0.21,1.88,2.95
4.94,-4.86,0.39,-0.40,1.55,3.14
5.96,-4.00,0.35,-0.49,1.29,3.31
5.10,-4.75,1.88,-0.73,1.38,3.57
2.12,-8.55,1.22,-0.91,1.21,3.75
4.67,-5.96,1.77,-0.56,1.22,3.81
3.80,-5.45,3.14,-0.76,1.58,4.26
-1.53,-8.83,1.61,-0.47,1.90,5.00
-2.00,-8.04,-0.71,0.27,1.54,5.00
-4.35,-9.06,-0.47,0.36,1.58,5.00
-15.77,-12.04,-0.43,0.56,1.39,5.00
-13.26,-4.28,-2.39,1.59,0.37,5.00
-15.93,2.55,0.78,1.40,0.13,4.66
-16.67,2.94,8.67,-1.16,0.05,3.89
-13.22,-5.45,9.61,-1.79,0.30,2.48
-11.18,-5.06,5.65,-0.93,0.24,1.57
-10.71,-8.28,1.57,0.12,0.14,1.30
-9.06,-8.75,0.27,0.91,0.00,0.92
-9.22,-4.04,1.02,0.74,0.04,0.49
-9.53,-3.41,1.61,-0.04,0.10,0.27
-9.96,-2.67,2.67,-0.10,0.14,0.17
-10.16,-1.77,2.59,0.10,0.17,0.08
-10.20,-1.65,1.61,0.23,0.20,0.05
-10.24,-2.28,1.18,0.26,0.19,0.08
-10.36,-2.31,0.55,0.23,0.18,0.08
-10.16,-1.18,1.49,0.10,0.09,0.14
-10.08,-1.84,1.41,-0.27,0.00,0.17
-10.47,-2.82,1.73,-0.41,-0.00,0.12
-10.28,-2.08,2.55,-0.27,-0.09,0.04
-9.92,-2.86,2.31,-0.30,-0.12,0.02
-9.53,-3.18,2.82,-0.05,-0.14,-0.07
-9.30,-1.10,2.94,0.22,-0.20,-0.14
-9.30,-1.37,3.14,-0.10,-0.14,-0.10
-8.98,-1.84,3.73,-0.36,-0.02,-0.04
-8.20,-0.47,4.35,-0.50,-0.00,-0.02
-7.88,-1.61,3.84,-0.72,0.09,-0.04
-7.73,-2.47,4.12,-0.51,0.24,-0.03
-7.41,-2.63,3.61,-0.18,0.31,0.07
-7.41,-2.75,2.79,-0.06,0.38,0.13
-7.69,-3.45,2.90,0.11,0.49,0.32
-8.51,-2.86,2.51,0.34,0.60,0.32
-10.40,-1.96,1.61,0.41,0.69,0.35
-11.49,-1.61,1.37,0.34,0.75,0.53
-11.49,-1.65,1.37,0.17,0.68,0.66
-11.49,-2.67,0.43,0.27,0.56,0.73
-11.18,-2.79,-0.08,0.71,0.38,0.68
-11.18,-1.53,0.04,0.80,0.25,0.54
-10.51,-0.08,-0.04,0.52,0.18,0.46
-9.45,-0.35,0.82,0.00,0.23,0.44
-8.67,-0.98,0.16,-0.12,0.19,0.40
-8.43,-1.77,-0.63,0.02,0.21,0.35
-8.16,-1.77,-0.39,0.38,0.17,0.28
-8.28,-1.02,-0.27,0.50,0.05,0.21
-8.12,-0.78,-0.04,0.37,0.01,0.16
-8.32,-0.12,0.82,0.11,-0.04,0.06
-7.85,1.02,0.98,-0.30,-0.14,-0.03
-8.94,-1.41,-0.55,-0.69,-0.13,0.01
-8.32,-0.12,0.71,0.05,-0.08,-0.07
-9.18,0.12,1.22,0.11,-0.07,0.02
-9.22,-0.78,0.86,0.22,0.00,0.07
-8.87,1.06,1.61,0.38,0.02,0.02
-8.98,0.24,1.18,0.21,0.03,0.07
-9.49,-0.43,1.14,0.32,0.04,0.01
-9.85,0.63,1.02,0.50,0.01,-0.07
-9.73,1.45,1.14,0.34,-0.02,-0.08
-10.08,-0.04,0.75,-0.05,0.03,-0.03
-10.90,-0.51,0.98,0.29,0.08,-0.09
-11.34,1.41,1.26,0.38,0.07,-0.12
-11.22,0.78,0.90,0.21,0.11,-0.01
-10.75,0.63,1.33,0.39,0.19,-0.03
-10.98,1.45,1.69,0.44,0.21,-0.04
-10.28,1.45,1.41,0.12,0.22,-0.03
-10.47,0.35,1.57,0.13,0.22,0.07
-10.08,0.35,1.61,0.26,0.18,0.07
-10.43,0.75,1.69,0.25,0.13,0.06
-11.69,-0.43,1.14,0.22,0.07,0.14
-11.73,0.67,1.29,0.38,0.00,0.08
-11.41,1.06,1.41,0.17,0.01,0.11
-11.30,0.43,1.41,0.12,-0.04,0.15
-11.18,1.02,1.10,0.40,-0.02,0.02
-10.59,1.18,1.14,0.51,0.02,0.02
-10.67,1.10,0.94,0.50,0.05,0.05
-10.67,0.98,0.94,0.52,0.00,0.17
-11.06,0.51,0.71,0.16,-0.04,0.09
-11.30,-0.04,0.67,0.12,-0.07,0.06
-10.79,1.73,1.29,0.03,-0.12,-0.02
-10.87,0.47,1.53,-0.24,-0.13,-0.00
-10.63,1.26,1.22,-0.12,-0.14,-0.03
-10.75,1.18,1.18,-0.21,-0.12,-0.01
-10.47,1.37,1.02,-0.03,-0.09,-0.07
-12.75,3.14,7.81,-0.56,0.01,-0.21
-6.79,-2.00,1.77,-1.19,-0.01,-0.30
-12.47,0.71,0.94,-0.53,-0.01,-0.63
-11.53,1.10,1.53,-0.39,-0.02,-0.16
-10.43,0.55,1.88,-0.35,0.09,-0.10
-11.18,1.26,3.14,-0.30,0.23,-0.20
-10.75,-0.16,3.53,-0.36,0.27,0.03
-10.36,-0.86,0.90,0.28,0.36,-0.33
-10.83,-2.35,-0.59,0.64,0.59,-0.65
-9.69,-0.35,-0.16,0.61,0.55,-0.69
-9.53,-5.30,-0.31,0.28,0.26,-0.15
-10.12,-1.61,1.10,1.01,0.03,-0.41
-10.00,0.90,0.98,1.24,0.01,-0.20
-9.77,1.73,1.65,1.11,0.02,-0.11
-10.20,1.45,1.14,0.92,-0.03,-0.06
-9.30,0.82,1.18,0.75,0.01,0.09
-10.20,2.00,0.82,0.51,0.14,0.11
-9.92,0.75,0.67,-0.03,0.14,0.24
-9.85,-1.33,1.10,-0.23,0.11,0.14
-9.81,-0.82,1.53,-0.32,0.05,0.11
-8.94,-2.59,0.63,-0.18,0.03,0.25
-10.83,-0.35,2.12,0.18,0.05,-0.05
-9.49,0.00,1.96,-0.09,-0.08,-0.27
-9.61,0.39,1.77,0.01,-0.05,-0.18
-8.83,-1.06,0.00,0.29,-0.12,-0.05
-8.71,-1.37,0.43,0.45,-0.03,-0.14
-9.45,-0.20,1.45,0.39,0.00,-0.33
-9.45,-0.35,2.12,0.16,0.05,-0.37
-10.24,-2.55,1.61,0.51,-0.00,-0.34
-11.26,-1.65,1.02,1.11,-0.07,-0.39
-10.75,3.65,1.33,1.11,-0.27,-0.36
-9.85,0.12,0.90,0.08,-0.10,-0.11
-11.65,-0.67,0.98,0.42,0.10,-0.17
-11.18,0.55,0.78,0.74,-0.02,-0.10
-10.83,0.12,0.35,0.62,-0.00,-0.15
-10.55,1.92,1.96,0.68,0.08,-0.14
-10.24,1.65,2.20,0.25,0.17,-0.03
-10.04,0.47,1.88,-0.01,0.14,0.03
-9.85,0.08,1.53,-0.25,0.12,0.06
-9.57,0.16,1.69,-0.50,0.11,0.03
-9.22,0.04,1.57,-0.61,0.05,0.04
-9.69,0.04,1.96,-0.60,0.05,0.07
-9.85,0.04,1.57,-0.69,0.03,0.07
-9.73,-1.14,0.71,-0.78,0.02,0.07
-10.12,-1.10,1.06,-0.27,0.03,0.19
-10.36,-0.75,1.80,0.06,0.04,0.19
-10.16,-0.39,1.22,-0.09,0.07,0.14
-10.67,0.51,1.80,-0.02,0.09,0.19
-10.43,-0.35,1.45,0.04,0.09,0.21
-10.55,0.00,1.57,0.09,0.11,0.17
-10.40,0.35,1.73,0.14,0.10,0.15
-9.96,0.35,1.61,-0.06,0.06,0.19
-10.36,0.08,1.73,-0.13,0.09,0.17
-9.96,0.12,2.08,-0.04,0.09,0.10
-9.69,0.16,1.69,-0.06,0.07,0.03
-9.89,-0.16,1.49,-0.09,0.06,-0.02
-9.77,0.04,1.41,0.01,0.02,-0.08
-9.92,0.24,1.14,-0.05,0.01,-0.05
-10.47,-1.22,1.18,0.06,-0.00,-0.08
-10.32,-0.35,2.04,0.67,0.03,-0.11
-10.24,0.59,2.75,0.77,0.01,-0.22
-10.55,0.24,2.00,0.46,0.10,-0.21
-10.00,0.86,1.53,0.80,-0.01,-0.10
-9.49,1.77,1.69,0.82,-0.02,0.03
-9.57,1.10,1.80,0.41,-0.00,-0.03
-10.08,1.18,1.53,-0.10,0.07,-0.04
-10.63,1.33,1.77,-0.42,0.03,-0.04
-10.16,0.04,2.35,-0.61,0.06,0.03
-10.28,-2.28,2.75,-0.15,0.00,-0.32
-9.77,0.67,1.69,0.22,-0.02,-0.31
-9.57,0.90,1.02,0.32,-0.04,0.01
-9.89,1.77,1.22,0.18,0.13,0.01
-10.12,1.33,2.00,-0.09,0.14,0.04
-10.16,0.98,2.04,-0.34,0.15,0.04
-10.20,0.08,1.88,-0.45,0.14,0.09
-9.92,-0.47,0.82,-0.28,0.08,0.03
-9.81,1.14,1.80,0.00,0.08,-0.00
-9.85,0.39,2.16,0.02,0.10,0.08
-9.26,1.22,2.24,0.13,0.10,0.03
-10.08,0.47,1.49,-0.27,0.12,0.08
-10.08,-0.98,0.98,-0.25,0.10,0.12
-9.73,0.00,1.65,0.03,0.10,0.07
-10.12,0.43,1.88,-0.11,0.08,0.03
-10.28,-0.04,1.73,-0.21,0.07,0.03
-10.24,-0.35,1.88,-0.18,0.08,0.01
-10.51,0.04,2.00,-0.07,0.07,-0.06
-10.12,0.27,1.84,-0.03,0.06,-0.07
-10.28,0.31,1.73,-0.09,0.04,-0.06
-10.16,0.00,1.57,-0.10,0.04,-0.05
-10.08,0.43,1.88,-0.05,0.03,-0.08
-10.00,0.35,1.88,-0.06,0.05,-0.08
-9.73,0.51,1.84,-0.01,0.07,-0.05
-9.92,0.47,1.77,0.01,0.09,-0.10
-9.89,0.82,1.53,0.01,0.07,-0.09
-9.73,0.12,1.73,-0.12,0.06,-0.03
-9.85,0.04,1.92,-0.12,0.06,-0.05
-9.85,0.27,1.92,-0.08,0.06,-0.04
-9.89,0.00,1.77,-0.09,0.07,0.02
-9.96,-0.16,1.96,-0.00,0.08,-0.01
-10.00,0.20,1.92,0.02,0.06,0.01
-10.08,-0.20,1.84,-0.04,0.06,0.00
-9.81,0.16,1.88,-0.00,0.05,-0.02
-10.24,0.20,2.04,0.01,0.09,-0.07
-10.20,0.08,1.88,0.03,0.09,-0.05
-10.51,-0.12,1.77,-0.01,0.09,-0.07
-10.87,0.04,2.16,0.00,0.12,-0.08
-11.34,-0.27,2.43,-0.02,0.15,-0.06
-13.02,1.06,3.14,0.01,0.22,-0.17
-15.02,-0.43,3.49,-0.12,0.20,-0.02
-15.10,-1.29,4.08,0.05,0.12,-0.05
-15.18,-0.94,3.84,0.31,0.02,-0.21
-15.02,-0.08,3.45,0.28,-0.17,-0.30
-15.10,-1.49,3.73,0.18,-0.30,-0.34
-14.83,-0.94,4.35,0.18,-0.47,-0.65
-15.26,-1.10,3.77,0.18,-0.49,-0.99
-15.18,-0.86,3.69,0.35,-0.51,-1.13
-15.38,-1.37,3.22,0.49,-0.55,-1.20
-16.08,-2.20,2.59,0.51,-0.48,-1.47
-16.00,-2.12,2.67,0.64,-0.49,-1.52
-15.26,-1.77,2.75,0.43,-0.68,-1.47
-16.12,-2.86,2.16,-0.08,-0.85,-1.37
-16.04,-3.10,1.53,-0.36,-1.06,-1.45
-13.69,0.04,0.90,-1.33,-1.66,-1.89
-10.55,0.86,0.86,-3.00,-2.26,-2.23
-6.67,-0.04,0.24,-3.85,-2.60,-2.64
-3.37,-2.47,-0.67,-4.02,-2.87,-3.66
-3.22,0.35,-0.82,-2.69,-2.90,-4.99
0.24,4.47,-3.65,-2.00,-3.11,-5.00
-0.86,2.71,-2.90,-0.46,-2.94,-5.00
-2.86,9.69,-3.69,0.57,-3.08,-5.00
3.92,13.10,-3.65,-0.27,-3.03,-5.00
6.63,3.57,-2.04,-1.49,-2.23,-5.00
10.04,5.57,-1.84,-0.59,-1.99,-5.00
14.32,0.51,-0.39,-0.14,-1.77,-5.00
12.94,-6.47,-1.37,-2.66,-0.85,-4.99
10.08,-15.30,-1.57,-3.12,-0.32,-4.52
17.65,-11.02,2.00,-1.93,-0.62,-3.54
15.69,-2.79,7.41,-1.80,-0.29,-2.35
13.96,11.26,6.79,-0.64,0.78,-2.01
8.83,4.82,0.90,0.30,0.59,-1.54
1.06,-6.43,-1.53,0.03,-0.11,-1.11
3.57,-1.26,3.06,0.09,-0.33,-0.17
7.45,0.31,2.55,0.66,-0.25,1.29
8.75,-1.45,0.04,0.81,-0.09,1.79
11.41,-0.98,-1.33,0.76,-0.13,1.75
12.28,-1.57,0.16,0.55,-0.35,1.34
12.63,-1.18,-0.43,0.68,-0.41,0.78
10.51,-1.84,-0.86,0.68,-0.33,0.50
10.87,-0.94,-0.90,0.66,-0.39,0.14
10.98,-0.78,-1.26,0.52,-0.26,0.13
10.00,-1.10,-1.10,0.44,-0.15,0.13
9.53,-1.14,-1.02,0.37,-0.07,0.04
9.18,-1.49,-0.94,0.27,-0.03,0.03
8.87,-2.59,-0.63,0.24,0.03,0.13
9.22,-1.18,-1.26,0.29,0.11,0.21
9.26,-1.49,-1.18,0.14,0.06,0.22
9.53,-1.73,-0.86,0.12,0.01,0.22
9.61,-2.12,-0.59,0.09,0.02,0.25
9.85,-2.24,-0.39,0.11,0.04,0.24
9.65,-2.43,-0.31,0.10,0.05,0.22
9.49,-2.55,-0.47,0.11,0.02,0.17
9.26,-2.82,-0.59,0.07,0.01,0.14
9.45,-2.71,-0.31,0.10,-0.01,0.13
9.69,-2.63,-0.55,0.10,0.02,0.09
9.30,-3.10,-0.27,0.08,0.04,0.06
9.69,-2.71,-0.20,0.10,0.05,0.02
9.53,-2.94,-0.35,0.05,0.12,0.03
9.22,-2.90,-0.39,0.08,0.14,0.01
9.26,-2.55,-0.59,0.08,0.13,-0.02
9.45,-2.43,-0.59,0.04,0.09,-0.02
9.02,-2.94,-0.35,0.02,0.07,-0.00
9.34,-2.71,-0.43,0.03,0.01,-0.03
9.22,-2.79,-0.51,-0.02,0.00,-0.03
9.34,-2.59,-0.51,-0.02,-0.02,-0.01
9.57,-2.79,-0.63,-0.13,0.01,0.01
9.22,-3.45,-0.04,-0.13,0.01,0.02
9.41,-3.30,-0.12,-0.05,0.04,0.02
9.22,-3.22,-0.47,0.02,0.09,0.05
9.10,-3.30,-0.43,0.06,0.07,0.06
9.38,-2.67,-0.82,0.08,0.09,0.08
9.41,-2.55,-1.41,-0.02,0.17,0.16
9.22,-3.02,-0.94,-0.09,0.27,0.35
9.49,-2.31,-1.77,-0.08,0.36,0.48
8.98,-2.08,-2.28,-0.27,0.64,0.78
7.85,-3.88,-1.18,-0.31,0.73,1.13
8.51,-2.35,-1.33,-0.08,0.81,1.52
5.84,-5.02,-0.67,-0.67,1.09,1.94
6.75,-5.73,-0.55,-0.49,0.94,2.10
6.16,-5.30,-0.43,-0.12,0.70,2.45
5.30,-6.55,0.08,-0.20,0.61,3.13
4.94,-8.32,0.31,-0.13,0.70,3.52
5.45,-7.26,0.86,0.29,0.75,4.04
3.77,-6.43,1.57,0.08,0.88,4.58
3.49,-6.35,2.28,0.05,0.86,4.80
0.63,-8.08,3.57,-0.21,1.02,5.00
-0.04,-8.04,2.00,-0.03,0.70,4.66
1.14,-4.75,4.90,-0.01,0.81,4.82
-6.63,-12.12,2.12,-0.39,0.73,5.00
-4.47,-8.36,3.33,0.31,0.62,4.78
-1.96,-5.49,3.96,0.37,0.50,4.97
-12.00,-13.42,-0.20,0.05,0.37,5.00
-8.43,-6.51,-0.39,0.94,-0.05,4.71
-13.49,-6.98,2.86,1.07,-0.04,5.00
-10.87,1.02,3.65,0.45,-0.33,3.84
-11.81,-2.51,8.79,-0.78,0.35,2.87
-10.04,-6.55,7.02,-0.25,0.50,1.76
-12.12,-3.57,3.57,0.99,0.56,0.67
-11.06,-5.22,1.06,0.93,0.51,0.63
-10.79,-6.43,0.24,0.75,0.40,0.50
-11.69,-5.10,-0.12,1.06,0.35,0.24
-11.96,-3.10,0.24,1.28,0.34,0.07
-12.12,-1.06,1.02,1.34,0.31,0.13
-11.45,-0.55,1.61,0.99,0.27,0.18
-10.55,-1.37,0.75,0.74,0.22,0.17
-9.92,-2.75,-0.04,0.72,0.13,0.25
-8.71,-2.55,0.20,0.76,0.05,0.14
-8.32,-1.96,0.71,0.62,0.02,0.08
-8.94,-2.94,0.27,0.16,-0.04,0.08
-9.41,-3.22,-0.71,0.04,-0.13,0.02
-10.00,-2.28,-0.51,0.18,-0.17,0.02
-10.24,-1.02,0.20,0.29,-0.15,0.01
-10.51,-0.08,0.63,0.05,-0.15,0.06
-10.47,-0.04,1.06,-0.10,-0.16,0.12
-10.83,-0.98,1.10,-0.15,-0.10,0.13
-10.63,-0.20,1.37,-0.12,-0.05,0.10
-9.06,-0.43,2.00,-0.24,0.05,0.18
-7.61,-1.57,2.90,-0.34,0.07,0.34
-7.02,-2.94,1.88,-0.21,0.03,0.24
-8.59,-2.86,1.02,0.23,0.06,0.12
-10.00,-0.75,1.65,0.61,0.15,0.03
-10.47,0.24,3.06,0.12,0.26,0.19
-10.04,-0.16,3.49,-0.24,0.28,0.32
-8.98,-0.75,3.06,-0.18,0.35,0.37
-8.20,-1.14,2.47,0.08,0.37,0.33
-7.61,-0.82,1.84,0.52,0.36,0.26
-7.37,-0.35,1.49,0.69,0.36,0.19
-7.30,0.24,1.61,0.62,0.38,0.15
-7.22,0.71,1.61,0.29,0.44,0.18
-7.14,0.20,1.37,-0.09,0.43,0.31
-7.06,-0.82,0.94,-0.08,0.43,0.33
-7.69,0.71,1.26,0.44,0.40,0.20
-7.57,3.30,1.18,0.24,0.29,0.07
-8.32,1.33,1.10,-0.34,0.34,0.13
-8.98,-0.20,1.06,-0.26,0.35,0.00
-9.69,1.14,1.18,0.05,0.31,-0.10
-10.04,-0.20,0.27,0.12,0.31,-0.04
-10.79,0.67,0.24,0.74,0.23,-0.10
-10.79,2.00,0.35,0.55,0.13,-0.16
-11.65,1.37,0.59,0.24,0.10,-0.11
-11.53,1.61,0.67,0.21,-0.05,-0.02
-11.77,2.31,0.63,-0.08,-0.05,-0.03
-11.49,1.80,0.90,-0.32,-0.01,0.01
-11.53,0.39,1.18,-0.08,0.04,0.03
-11.85,0.67,0.75,0.38,0.01,0.11
-11.85,1.26,1.02,0.32,0.00,0.14
-11.61,1.37,0.90,0.04,-0.07,0.19
-11.77,-0.39,0.16,0.11,-0.07,0.28
-12.00,0.71,0.63,0.55,-0.07,0.20
-11.49,1.18,0.90,0.47,-0.12,0.22
-11.41,0.08,0.75,0.36,-0.14,0.20
-11.49,-0.27,1.02,0.50,-0.13,0.16
-11.38,0.59,1.37,0.54,-0.14,-0.06
-10.67,1.26,1.45,0.36,-0.19,-0.05
-10.04,0.04,0.82,0.19,-0.22,-0.14
-10.08,-0.12,0.63,0.40,-0.20,-0.26
-14.28,0.94,5.65,0.59,-0.22,-0.27
-5.41,3.77,0.63,1.03,-0.80,-0.23
-11.96,1.88,1.37,0.28,-0.63,-0.72
-10.51,-0.47,0.75,0.27,-0.53,-0.15
-9.53,-1.33,-0.82,0.36,-0.41,-0.61
-11.22,0.67,1.45,0.49,-0.39,-0.43
-10.75,-0.04,0.39,-0.11,-0.37,-0.47
-12.16,1.53,0.82,-0.21,-0.17,-0.63
-11.61,4.43,2.55,0.03,-0.15,-0.32
-11.38,3.26,2.82,-0.18,0.04,-0.16
-12.04,1.88,2.04,-0.28,0.23,-0.12
-10.94,0.78,0.39,-0.30,0.33,0.10
-11.34,-0.75,1.49,-0.26,0.40,0.14
-10.24,0.04,2.24,-0.11,0.33,0.20
-9.57,0.43,2.51,-0.27,0.33,0.21
-8.83,0.00,1.77,-0.33,0.30,0.23
-7.96,0.75,1.65,-0.16,0.26,0.18
-7.96,0.59,1.49,-0.26,0.22,0.23
-7.92,-0.71,1.49,-0.29,0.21,0.19
-8.94,0.86,2.16,-0.23,0.03,0.07
-9.69,0.35,3.10,-0.23,-0.04,0.21
-9.73,-0.16,2.98,-0.06,-0.10,0.10
-10.71,-1.57,2.59,0.28,-0.07,-0.10
-10.32,0.20,2.55,0.60,-0.13,-0.21
-10.94,-0.24,1.69,0.16,-0.14,-0.07
-11.14,-1.14,1.37,0.16,-0.08,-0.06
-11.45,-1.53,2.12,0.79,-0.01,0.03
-10.90,4.51,2.75,2.07,-0.06,-0.20
-10.36,4.28,2.51,1.45,-0.01,0.14
-9.73,2.43,0.86,0.71,0.13,-0.04
-8.87,0.08,0.55,-0.20,0.26,-0.09
-8.39,1.96,0.63,-0.64,0.29,0.08
-8.90,0.71,2.20,-1.06,0.36,0.00
-9.10,0.35,1.77,-1.00,0.41,0.01
-8.83,0.71,1.69,-0.43,0.31,0.14
-9.45,1.02,2.28,-0.04,0.25,0.20
-10.90,0.63,2.16,-0.14,0.19,0.28
-10.20,-0.71,2.16,-0.16,0.03,0.14
-10.43,0.08,2.82,-0.14,0.03,0.02
-11.06,-0.39,2.28,-0.40,-0.05,-0.03
-10.08,-0.27,1.57,-0.03,-0.06,0.01
-10.20,0.63,1.96,0.18,-0.02,-0.05
-10.40,1.37,2.12,0.19,-0.03,-0.04
-10.12,1.26,1.88,0.18,-0.02,-0.05
-9.77,0.71,1.88,0.16,0.00,-0.07
-10.08,0.82,2.12,0.27,0.00,-0.12
-9.85,0.94,1.80,0.33,-0.01,-0.11
-9.53,1.33,1.92,0.35,0.02,-0.16
-9.61,1.22,2.08,0.29,0.01,-0.10
-9.96,0.94,2.08,0.27,0.02,-0.09
-9.49,0.82,1.96,0.14,0.06,-0.14
-9.73,1.57,2.39,0.26,0.09,-0.13
-10.04,1.22,2.28,0.18,0.12,-0.07
-10.12,-0.16,2.59,0.13,0.27,-0.11
-11.14,0.08,3.80,0.50,0.32,-0.06
-12.55,-0.43,1.96,0.19,0.33,-0.05
-15.02,-2.04,0.98,0.16,0.35,-0.11
-16.24,1.57,3.65,0.73,0.20,-0.28
-15.38,1.65,4.39,0.65,0.05,-0.20
-15.30,1.37,3.33,0.14,-0.10,-0.45
-14.98,0.31,2.67,0.25,-0.23,-0.63
-14.16,0.00,2.75,0.36,-0.35,-0.60
-13.81,-0.51,2.79,0.47,-0.40,-0.73
-14.51,0.47,2.35,0.43,-0.45,-0.80
-15.06,0.39,2.16,0.31,-0.45,-0.84
-15.10,0.55,2.82,0.49,-0.38,-0.96
-16.00,0.82,2.75,0.62,-0.25,-1.00
-15.30,-0.67,2.67,0.57,-0.19,-0.90
-14.59,-1.06,3.22,0.66,-0.13,-0.99
-14.08,0.00,3.22,0.73,-0.11,-1.09
-14.16,-0.98,2.63,0.44,-0.16,-0.98
-11.92,-2.16,2.67,0.55,-0.50,-1.11
-10.00,-0.47,1.22,0.75,-1.00,-1.63
-10.40,-0.63,-2.12,0.74,-1.92,-1.83
-9.81,1.33,-2.71,0.88,-3.00,-2.44
-7.57,7.57,-4.04,0.27,-4.20,-3.11
-3.26,4.24,-5.57,-2.06,-5.00,-3.43
-1.33,0.31,-8.75,-2.80,-5.00,-4.82
0.59,9.41,-9.69,-1.87,-5.00,-5.00
5.02,16.36,-8.98,-1.39,-5.00,-5.00
9.96,12.36,-9.85,-1.96,-5.00,-5.00
16.75,6.35,-7.81,-1.67,-4.87,-5.00
16.75,-0.27,-1.88,-3.56,-3.42,-5.00
12.63,-5.92,4.59,-3.79,-2.39,-4.14
10.94,-18.71,4.75,-3.56,-1.94,-1.28
13.45,-20.01,4.12,-2.40,-1.49,-0.97
14.12,1.49,5.96,1.01,-1.00,-2.50
12.08,1.33,5.33,0.40,0.03,-2.23
14.20,0.98,-0.75,1.34,0.36,-1.17
8.67,-1.26,0.86,0.47,0.51,-0.39
9.14,-2.31,1.65,0.45,0.18,0.34
7.77,-0.82,0.78,0.80,-0.06,0.66
8.08,-2.12,-1.06,0.79,-0.27,0.58
8.16,-2.59,-1.26,0.74,-0.50,0.51
8.87,-2.00,-0.75,0.52,-0.73,0.46
9.96,-2.00,-0.78,0.48,-0.73,0.32
10.59,-1.77,-1.02,0.44,-0.64,0.21
10.71,-1.06,-0.90,0.29,-0.51,0.06
10.55,-2.47,-0.98,0.15,-0.30,-0.01
10.40,-2.94,-0.94,0.11,-0.12,0.01
10.36,-2.43,-0.31,-0.03,0.06,-0.01
10.04,-2.51,-0.55,-0.05,0.22,-0.04
9.38,-2.67,-0.78,-0.09,0.29,-0.10
9.02,-2.79,-0.43,-0.13,0.19,-0.09
9.26,-2.71,-0.47,-0.11,0.14,-0.08
8.94,-2.55,-0.27,-0.12,0.12,-0.03
9.10,-2.59,-0.20,-0.10,0.11,0.01
9.10,-2.94,-0.20,-0.07,0.14,0.06
9.10,-2.90,-0.35,-0.06,0.17,0.11
9.18,-3.14,-0.08,-0.02,0.18,0.15
9.26,-2.98,-0.31,0.03,0.17,0.17
9.30,-2.82,-0.39,0.05,0.13,0.13
9.53,-2.79,-0.31,0.08,0.04,0.07
9.53,-2.82,-0.35,0.06,0.03,0.07
9.53,-2.47,-0.24,0.05,0.02,0.05
9.34,-2.86,-0.20,0.05,0.02,0.00
9.34,-3.14,-0.43,0.04,0.04,-0.01
9.26,-2.94,-0.20,0.04,0.06,-0.00
9.61,-2.82,-0.24,0.04,0.10,0.03
9.77,-2.86,-0.43,0.01,0.13,0.04
9.85,-2.86,-0.08,-0.04,0.16,0.03
9.81,-2.94,-0.08,-0.02,0.19,0.01
9.45,-2.79,-0.51,-0.05,0.22,0.02
9.18,-2.43,-0.75,-0.13,0.20,0.04
9.10,-2.35,-1.53,-0.29,0.20,0.12
8.55,-3.02,-0.75,-0.50,0.29,0.31
9.14,-2.75,-0.90,-0.42,0.30,0.59
8.90,-2.75,-1.41,-0.48,0.43,0.86
8.08,-3.84,-0.08,-0.72,0.66,1.40
7.61,-4.71,0.31,-0.59,0.64,1.79
7.18,-3.88,-0.08,-0.37,0.61,1.93
6.51,-5.30,-0.63,-0.58,0.61,2.28
4.79,-8.59,-0.47,-0.56,0.46,2.47
6.20,-5.88,-0.31,-0.14,0.28,2.63
5.41,-6.79,0.51,-0.28,0.35,3.11
4.16,-8.79,0.51,-0.23,0.39,3.05
4.75,-4.94,0.39,0.28,0.27,3.43
2.79,-9.92,1.65,-0.13,0.73,4.31
1.92,-11.22,1.26,0.22,1.20,3.89
3.37,-5.18,2.12,0.85,1.12,4.45
-3.18,-10.32,-0.04,0.67,1.27,5.00
-2.63,-9.61,0.31,1.48,1.39,5.00
-3.14,-5.73,1.88,1.40,1.34,5.00
-8.20,-9.38,-0.71,0.78,1.13,5.00
-8.71,-6.12,1.77,0.62,0.71,4.83
-12.71,-7.61,3.30,-0.20,0.55,4.59
-12.94,-8.79,5.33,-0.42,-0.05,4.18
-12.08,-9.22,4.94,-0.58,-0.25,3.66
-11.34,-6.98,5.22,-0.18,-0.27,3.07
-9.57,-6.47,4.67,0.14,-0.22,2.62
-8.12,-6.63,4.82,0.41,-0.05,2.18
-7.53,-4.24,4.67,1.01,0.12,1.62
-7.06,-3.69,3.18,1.00,0.18,1.19
-7.34,-2.67,2.16,0.96,0.29,0.80
-8.28,-1.02,2.31,0.77,0.50,0.36
-9.61,-0.94,2.67,0.46,0.74,0.10
-11.41,-1.26,2.86,0.43,0.81,0.01
-12.43,-1.65,2.47,0.69,0.81,0.11
-11.69,-1.61,2.12,1.01,0.78,0.11
-10.16,-1.14,1.80,1.09,0.74,0.05
-10.04,-1.65,0.90,0.81,0.57,0.09
-10.24,-3.26,-0.27,0.54,0.41,0.13
-10.67,-3.37,-0.55,0.56,0.31,0.07
-11.10,-2.04,0.12,0.42,0.21,-0.04
-10.67,-0.82,0.71,0.05,0.14,0.01
-10.08,-0.86,0.90,-0.08,0.11,0.09
-9.81,-1.53,0.43,0.03,0.06,0.20
-9.77,-1.92,0.04,0.35,0.05,0.13
-10.00,-0.86,0.04,0.53,0.03,0.09
-10.16,-0.31,-0.20,0.40,-0.02,0.18
-9.69,-0.63,-0.27,0.06,-0.05,0.28
-10.12,-1.10,0.04,-0.05,-0.06,0.37
-10.08,-1.02,0.35,-0.12,-0.16,0.36
-10.20,-0.98,0.86,-0.29,-0.18,0.37
-10.12,-1.02,0.94,-0.46,-0.21,0.35
-10.40,-0.35,1.02,-0.48,-0.26,0.30
-9.02,-0.47,1.77,-0.47,-0.28,0.26
-8.00,0.00,2.39,-0.50,-0.27,0.12
-7.61,-0.35,2.28,-0.55,-0.20,0.02
-8.47,-0.86,1.53,-0.40,-0.15,-0.02
-8.71,-0.82,1.88,0.03,-0.05,0.00
-8.36,-0.20,2.39,0.14,0.05,0.01
-7.85,-0.27,2.35,0.09,0.08,0.07
-7.77,-0.12,2.04,0.23,0.06,0.16
-7.65,0.59,0.98,0.40,0.11,0.16
-8.20,0.35,0.90,0.55,0.23,0.09
-8.39,1.88,1.73,0.60,0.41,0.04
-6.67,0.43,2.51,0.29,0.54,0.30
-6.90,-0.63,2.31,0.05,0.42,0.17
-8.98,0.39,1.33,-0.01,0.38,-0.00
-8.39,1.18,1.53,0.03,0.31,0.08
-9.61,1.49,1.29,-0.09,0.28,0.04
-10.32,1.26,1.53,-0.11,0.22,0.01
-10.79,1.14,1.53,-0.15,0.18,0.02
-11.38,0.67,1.53,-0.14,0.16,-0.01
-10.98,1.92,1.88,-0.21,0.08,0.00
-15.42,-9.10,3.73,-0.61,0.03,-0.72
-13.77,0.04,2.16,0.28,-0.11,-0.54
-9.53,0.82,-0.63,0.53,-0.34,-0.43
-11.30,3.30,-0.12,0.85,-0.17,-0.22
-11.10,2.98,1.57,0.75,-0.02,-0.07
-11.30,1.53,2.47,0.35,-0.05,-0.03
-11.85,-0.16,1.14,0.06,0.01,-0.07
-11.81,0.43,0.43,0.37,0.02,0.05
-10.79,2.43,0.63,0.59,0.07,0.23
-9.45,4.04,1.06,0.07,0.12,0.19
-10.40,0.47,0.67,-0.50,0.28,0.23
-10.67,1.45,0.31,0.18,0.27,0.10
-9.77,1.57,-0.08,-0.05,0.36,0.15
-9.77,0.55,1.26,-0.46,0.38,0.10
-10.87,0.12,1.96,-1.61,0.32,0.16
-13.18,-2.67,3.96,-1.93,0.29,0.47
-17.65,9.14,0.16,-0.47,-0.15,-0.21
-11.57,-1.06,0.12,-1.60,0.22,-0.41
-11.18,-8.28,2.35,-0.09,0.23,-0.90
-13.38,-0.90,-0.20,-0.09,-0.26,-0.55
-9.61,-2.24,1.02,-0.35,-0.44,-0.06
-11.02,0.59,2.82,0.02,-0.29,0.06
-11.65,-2.28,1.73,-0.14,-0.12,-0.25
-10.12,-2.08,-0.16,1.02,-0.07,-0.72
-10.12,-0.78,-0.75,1.56,-0.13,-0.60
-9.45,0.04,1.57,1.69,-0.10,-0.48
-9.77,0.71,2.75,1.51,-0.02,-0.28
-9.57,1.65,1.92,1.10,-0.07,-0.15
-8.98,0.55,0.75,0.36,-0.01,-0.06
-9.30,-0.47,1.06,0.27,0.02,-0.07
-9.38,-0.35,1.53,0.20,-0.03,0.06
-9.69,-0.39,2.24,-0.11,0.00,0.03
-9.73,-0.94,1.77,-0.16,-0.06,0.09
-10.32,-0.63,1.69,-0.07,-0.02,0.12
-10.67,-0.39,2.43,-0.29,-0.06,0.17
-10.40,-2.35,2.55,-0.37,-0.07,0.21
-10.32,-0.12,3.26,0.16,-0.09,-0.02
-10.00,0.63,2.24,0.15,-0.06,-0.10
-10.24,0.39,1.53,0.15,0.03,-0.06
-9.81,-1.06,1.73,0.37,0.04,-0.02
-10.32,0.39,2.43,0.35,0.05,-0.08
-9.69,0.27,2.08,0.17,0.02,0.09
-10.00,0.67,2.12,0.29,0.02,0.10
-10.00,0.39,2.79,0.02,0.06,0.04
-9.89,0.04,2.12,0.08,0.05,0.00
-9.89,0.59,2.12,0.15,0.05,-0.03
-9.45,0.67,2.28,0.04,0.03,0.06
-9.81,0.31,2.43,-0.03,0.05,0.04
-9.96,0.39,2.39,-0.07,0.04,-0.02
-9.85,0.04,2.20,-0.11,0.03,-0.03
-9.45,0.24,2.12,-0.15,0.00,0.02
-10.12,-0.27,2.43,-0.11,0.04,0.01
-10.00,0.35,2.59,-0.05,0.03,-0.02
-9.96,0.12,1.84,-0.14,0.05,0.03
-10.32,0.71,2.39,-0.04,0.06,0.04
-9.81,0.16,2.67,-0.07,0.04,0.05
-9.96,-0.20,2.31,-0.22,0.07,-0.02
-9.81,-0.04,2.39,-0.18,0.08,-0.13
-10.00,0.08,2.31,-0.20,0.07,-0.16
-10.08,-0.35,2.31,-0.30,0.09,-0.15
-10.12,-0.86,2.28,-0.23,0.08,-0.14
-10.12,-0.63,2.16,-0.19,0.08,-0.14
-9.89,-0.55,2.16,-0.06,0.04,-0.06
-9.57,-0.51,2.39,-0.00,0.05,-0.06
-9.85,-0.43,2.39,0.03,0.05,-0.07
-9.89,-0.12,2.28,0.01,0.04,-0.07
-9.81,0.35,2.43,-0.09,0.04,-0.13
-10.12,1.45,2.24,-0.30,0.05,-0.17
-10.04,-1.14,2.16,-1.11,0.11,-0.03
-10.71,-3.84,2.59,-0.49,0.18,0.22
-11.30,-1.73,2.94,0.58,0.24,0.14
-13.69,1.61,2.24,-0.28,0.36,0.25
-14.98,-4.47,1.37,-0.99,0.41,0.42
-15.53,-1.10,3.33,0.09,0.34,0.40
-15.53,6.67,6.75,0.60,0.15,0.61
-15.14,-1.65,5.73,-0.36,0.19,0.13
-15.46,-2.86,2.43,0.35,0.08,-0.34
-14.47,-0.12,2.24,0.68,-0.19,-0.37
-14.40,-2.04,2.59,0.18,-0.23,-0.33
-14.75,-1.69,3.30,0.40,-0.22,-0.61
-14.98,0.75,3.73,0.68,-0.20,-0.80
-15.06,0.43,3.73,0.61,-0.22,-0.80
-15.10,-0.59,3.41,0.61,-0.22,-1.14
-15.42,-0.78,3.92,0.88,-0.16,-1.67
-15.30,-0.31,4.39,1.01,-0.13,-1.90
-13.81,0.27,3.30,0.98,-0.17,-2.02
-11.96,-2.31,3.77,1.09,-0.21,-2.23
-11.18,-3.06,2.20,1.44,-0.35,-2.65
-11.41,-3.10,1.33,1.57,-0.99,-2.79
-9.38,-0.82,-1.22,1.49,-2.34,-3.60
-9.89,2.28,-5.18,1.28,-3.74,-4.09
-3.53,5.02,-9.02,-0.29,-5.00,-4.71
-5.41,5.10,-11.85,-0.80,-5.00,-5.00
-1.49,12.47,-11.22,-0.62,-5.00,-5.00
7.14,18.99,-8.28,-2.18,-5.00,-5.00
14.47,8.20,-8.98,-3.97,-4.93,-5.00
16.55,-0.90,-4.51,-3.25,-3.72,-5.00
13.96,-0.59,-0.59,-2.09,-2.62,-5.00
14.67,0.35,2.35,-3.91,-1.51,-4.80
4.82,-20.01,2.63,-4.99,-1.29,-3.52
7.88,-20.01,1.41,-2.79,-1.51,-1.84
19.97,-13.30,8.51,-0.23,-0.43,-2.20
18.01,4.63,9.89,-0.05,0.83,-2.45
10.59,1.69,3.22,1.39,1.32,-1.60
10.63,4.98,-4.16,1.22,0.91,-0.66
7.02,-2.16,-2.20,0.41,0.47,-0.28
7.65,-1.69,-0.47,0.20,-0.57,0.27
9.61,-1.69,1.41,0.08,-0.63,0.83
10.32,-1.57,1.77,0.35,-0.49,0.85
11.18,-1.88,-0.63,0.72,-0.34,0.74
10.00,-1.77,-1.26,0.64,-0.26,0.53
10.28,-2.04,-0.51,0.33,-0.31,0.43
10.67,-2.35,-0.98,0.26,-0.29,0.38
10.20,-1.80,-0.67,0.15,-0.18,0.21
10.16,-2.12,-0.24,0.09,-0.14,0.13
9.77,-2.16,-0.75,0.04,0.06,0.04
9.10,-2.59,-0.98,-0.01,0.12,-0.03
9.10,-2.35,-0.47,-0.07,0.14,-0.00
9.14,-2.47,-0.43,-0.14,0.19,0.04
9.22,-2.75,-0.24,-0.12,0.19,0.10
9.22,-2.82,-0.20,-0.06,0.23,0.16
9.30,-2.71,-0.31,-0.02,0.20,0.15
9.30,-2.63,-0.43,0.00,0.16,0.14
9.22,-2.79,-0.55,-0.04,0.19,0.17
9.06,-3.26,-0.16,-0.07,0.17,0.21
9.18,-3.33,0.24,-0.04,0.17,0.22
9.26,-3.37,0.27,-0.02,0.17,0.18
9.18,-3.49,0.16,0.04,0.09,0.11
9.30,-3.14,-0.08,0.06,0.07,0.08
9.22,-2.94,-0.24,0.07,0.08,0.10
9.30,-2.51,-0.90,0.03,0.17,0.23
9.06,-1.92,-1.53,-0.10,0.32,0.41
8.51,-1.57,-1.10,-0.36,0.51,0.92
7.57,-2.20,-0.04,-0.48,0.60,1.58
6.59,-3.92,0.31,-0.84,0.67,1.95
6.12,-5.22,1.18,-0.65,0.56,2.38
5.69,-6.63,1.73,-0.62,0.46,2.58
6.67,-6.75,1.29,-0.40,0.38,2.85
7.18,-5.49,1.22,-0.17,0.53,3.23
4.94,-7.49,1.61,-0.35,0.72,3.55
4.98,-8.12,1.33,0.07,0.67,3.92
4.24,-6.83,0.94,0.45,0.90,4.04
1.61,-7.57,2.20,0.22,1.14,4.24
0.94,-9.85,0.51,0.16,0.91,4.32
0.00,-9.49,0.31,0.26,1.24,4.06
-0.31,-7.96,2.28,0.29,1.21,4.28
-4.75,-11.65,-0.31,0.34,1.26,4.45
-2.86,-6.98,0.27,0.85,1.17,4.28
-6.79,-10.08,0.31,0.47,1.02,4.73
-7.81,-10.71,-1.06,0.33,0.90,3.84
-8.43,-6.86,1.37,0.96,0.60,3.82
-11.49,-7.69,0.71,0.32,0.36,3.88
-11.41,-5.61,2.08,-0.36,0.12,2.95
-11.45,-5.06,3.22,-0.43,-0.06,3.20
-11.69,-7.85,3.26,-0.48,-0.04,2.90
-10.71,-4.63,2.90,0.13,-0.07,2.09
-10.51,-3.57,2.82,0.32,0.03,1.72
-10.00,-3.69,3.06,0.54,0.10,1.39
-9.89,-2.04,2.67,0.42,0.12,0.99
-10.12,-4.67,1.06,-0.10,0.15,0.80
-9.89,-4.08,1.14,-0.01,0.16,0.54
-9.57,-3.10,2.12,0.08,0.17,0.42
-9.96,-3.18,1.80,-0.04,0.13,0.37
-10.00,-3.53,1.45,0.06,0.15,0.26
-10.08,-2.59,1.57,0.37,0.14,0.11
-10.20,-2.24,1.33,0.25,0.12,0.11
-10.43,-2.67,0.94,0.12,0.09,0.13
-10.36,-2.04,1.10,0.13,0.02,0.11
-10.28,-1.84,1.06,0.07,-0.00,0.11
-10.12,-1.73,1.37,0.11,-0.04,0.12
-9.85,-0.94,1.53,0.04,-0.11,0.05
-9.81,-1.65,1.88,-0.10,-0.12,0.05
-9.85,-1.26,2.28,-0.17,-0.12,-0.03
-9.57,-2.00,2.12,-0.17,-0.13,0.03
-9.38,-1.88,2.43,-0.05,-0.13,-0.02
-8.98,-0.94,3.02,-0.14,-0.10,-0.11
-8.98,-1.41,3.41,-0.29,0.01,-0.10
-9.45,-1.57,3.53,-0.19,0.12,-0.08
-8.71,-1.53,3.92,-0.07,0.27,-0.04
-7.26,-1.96,4.00,0.10,0.39,0.11
-6.20,-2.51,3.49,0.34,0.48,0.18
-6.24,-2.43,2.75,0.72,0.58,0.24
-6.83,-2.08,1.65,0.83,0.64,0.34
-6.67,-0.71,1.33,0.76,0.66,0.33
-7.14,-0.12,1.02,0.42,0.67,0.38
-9.10,-0.82,0.12,0.26,0.66,0.35
-10.63,-1.80,-0.86,0.21,0.54,0.37
-11.65,-1.45,-1.06,0.50,0.33,0.24
-11.69,1.65,-0.55,0.57,0.18,0.14
-10.08,2.94,0.86,-0.00,0.10,0.09
-9.65,1.06,1.73,-0.73,0.14,-0.01
-9.81,-0.98,0.47,-0.75,0.10,-0.02
-8.00,-1.57,-0.67,-0.32,0.04,0.18
-7.34,-0.39,-0.63,0.16,-0.02,0.19
-7.37,-0.08,-0.78,0.09,-0.10,0.21
-8.08,-1.96,-0.71,0.02,-0.08,0.14
-9.38,-1.18,-0.31,0.37,-0.17,-0.05
-10.75,0.43,0.90,0.35,-0.18,-0.04
-10.79,1.61,2.08,-0.00,-0.09,0.06
-9.53,1.53,2.39,-0.34,0.00,0.24
-10.12,-1.73,1.37,-0.18,0.06,0.34
-11.81,-1.18,0.24,0.80,0.06,0.10
-11.73,2.51,0.55,1.07,-0.01,-0.03
-10.87,2.82,1.06,0.51,-0.00,0.08
-10.55,-0.59,1.37,-0.31,0.11,0.12
-11.41,-0.78,1.65,-0.07,0.10,0.00
-11.81,0.55,1.65,0.24,0.07,0.02
-10.94,0.98,1.33,0.44,0.12,0.16
-10.94,0.86,1.53,0.47,0.16,0.10
-11.14,0.78,1.18,0.24,0.17,0.10
-11.22,0.24,0.75,0.36,0.13,0.16
-12.00,0.90,0.67,0.49,0.11,0.12
-12.12,1.96,0.75,0.47,0.18,0.18
-16.67,4.79,3.69,0.28,0.02,0.29
-12.32,0.20,3.06,0.20,-0.04,0.36
-13.45,-0.43,2.16,0.18,0.36,-0.23
-10.32,-0.04,-0.47,-0.26,0.09,-0.15
-10.32,-2.55,-1.02,-0.56,0.02,-0.05
-9.92,0.04,0.20,-0.23,-0.08,0.06
-10.16,2.82,1.57,-0.40,-0.13,0.11
-10.00,2.24,1.73,-0.76,-0.09,0.07
-10.00,-0.55,1.29,-0.63,0.01,0.08
-9.96,0.43,1.53,-0.13,0.05,-0.05
-9.49,-3.06,3.61,-0.30,-0.05,-0.09
-9.89,-1.88,0.86,-0.34,-0.24,-0.49
-12.04,0.00,0.78,0.47,-0.15,-0.35
-10.59,2.51,0.67,0.47,-0.06,-0.15
-9.92,0.82,0.27,-0.26,-0.01,-0.03
-11.30,1.14,1.69,-0.16,-0.04,-0.02
-9.73,0.90,1.33,-0.30,-0.03,0.11
-10.16,0.08,2.04,-0.50,-0.02,-0.03
-10.83,-1.29,1.65,-0.39,-0.03,-0.00
-9.81,-0.08,2.12,-0.14,-0.02,0.01
-9.22,0.16,1.73,-0.08,0.02,0.20
-9.69,0.43,2.08,0.08,0.03,0.15
-9.77,0.78,1.96,0.28,0.02,0.16
-9.06,1.49,1.73,0.05,0.01,0.14
-9.73,0.27,1.88,-0.08,0.03,0.13
-10.04,-0.27,2.08,0.18,0.04,0.05
-9.96,1.61,2.16,0.42,0.07,-0.12
-9.81,0.90,1.29,0.16,0.10,-0.09
-10.08,0.04,1.96,-0.07,0.13,-0.13
-9.92,0.47,2.35,-0.01,0.11,-0.16
-9.61,-0.16,1.92,0.00,0.12,-0.14
-9.61,0.90,1.18,0.08,0.14,-0.21
-10.36,1.49,1.77,-0.00,0.12,-0.09
-9.22,0.59,0.39,0.07,0.20,0.12
-10.55,2.94,1.57,0.29,0.18,-0.05
-10.43,0.16,1.29,0.06,0.29,0.08
-10.12,0.47,1.18,0.16,0.24,0.09
-10.04,0.24,1.26,0.11,0.22,0.15
-10.08,0.59,1.57,0.15,0.19,0.15
-10.12,1.37,1.22,0.06,0.21,0.11
-9.92,0.71,0.94,-0.05,0.22,0.09
-10.12,-0.20,1.02,0.17,0.18,0.06
-10.40,1.65,1.61,0.33,0.15,-0.03
-10.36,0.98,1.49,0.12,0.15,-0.06
-10.04,0.63,0.90,0.12,0.13,-0.10
-10.12,1.33,1.10,0.17,0.09,-0.11
-10.04,1.06,1.18,-0.00,0.08,-0.13
-9.89,0.35,0.75,0.00,0.07,-0.14
-10.28,1.57,0.98,0.29,0.07,-0.17
-10.12,0.82,1.14,0.02,0.07,-0.11
-10.12,-0.12,0.98,-0.08,0.07,-0.12
-10.20,0.51,1.57,0.09,0.05,-0.15
-9.85,0.04,1.22,0.10,0.07,-0.12
-10.43,-1.29,1.53,0.19,0.09,-0.08
-10.90,0.00,2.82,1.10,0.11,-0.01
-11.14,-3.84,4.20,1.45,0.24,-0.12
-10.98,-0.47,1.10,0.30,0.43,-0.14
-17.38,-4.75,1.84,-1.12,0.69,0.02
-16.36,-6.35,-1.61,0.32,0.19,-0.14
-16.32,4.79,3.57,1.26,-0.14,-0.35
-18.36,12.87,8.71,1.43,-0.58,0.22
-14.44,-0.43,3.41,-0.57,-0.26,-0.68
-15.57,-3.69,-0.08,0.39,-0.21,-1.24
-14.71,-2.12,0.51,1.44,-0.25,-1.56
-14.08,-1.53,0.75,1.06,-0.41,-1.38
-14.59,-0.86,0.94,0.58,-0.44,-1.38
-14.79,-1.06,0.51,0.20,-0.50,-1.25
-14.24,-0.71,0.86,0.39,-0.60,-1.30
-14.67,-0.75,1.80,0.37,-0.56,-1.30
-14.12,-1.77,1.61,0.35,-0.40,-1.21
-14.00,-2.35,2.20,0.50,-0.24,-1.23
-12.55,-2.71,2.51,0.27,-0.31,-1.21
-10.55,-5.73,1.61,0.19,-0.45,-1.10
-9.10,-2.71,0.82,0.95,-0.86,-1.71
-9.22,2.35,-0.47,1.08,-1.30,-2.11
-9.53,3.26,-0.47,0.14,-2.43,-2.81
-5.30,0.75,-1.69,-0.53,-3.57,-4.02
-4.59,0.90,-4.51,-0.05,-4.24,-4.48
-2.71,2.79,-6.39,0.36,-4.92,-5.00
-0.43,10.40,-5.41,0.45,-5.00,-5.00
6.12,13.34,-6.98,-0.64,-5.00,-5.00
8.90,6.63,-8.04,-1.44,-4.93,-5.00
11.45,8.39,-5.53,-0.75,-4.27,-5.00
15.73,6.24,-0.24,-0.89,-3.40,-5.00
12.83,-2.43,-0.16,-3.58,-2.49,-5.00
10.16,-12.83,2.79,-3.88,-2.04,-4.98
9.34,-18.32,5.49,-1.60,-1.93,-2.73
16.20,-19.69,4.35,-1.57,-0.66,-2.02
14.98,2.43,6.16,0.15,0.19,-2.10
8.67,8.16,7.02,0.42,0.76,-1.02
14.67,-0.35,0.78,0.74,0.70,0.54
8.59,-0.20,0.04,0.67,0.71,0.56
7.18,0.24,-0.39,0.75,-0.29,0.97
8.63,-1.18,-0.39,0.33,-0.90,1.03
10.90,-2.16,0.20,0.19,-1.15,1.10
12.47,-0.55,1.49,0.20,-1.10,0.80
12.40,-2.39,1.69,0.32,-0.70,0.62
11.38,-2.20,0.67,0.49,-0.37,0.40
9.41,-2.67,0.04,0.52,-0.10,0.25
9.06,-1.73,-0.55,0.46,-0.06,-0.01
9.41,-1.61,-0.31,0.26,-0.13,-0.10
10.00,-2.71,0.47,0.15,-0.15,0.03
10.59,-1.41,0.78,0.19,0.07,0.11
9.81,-2.43,0.39,0.26,0.16,0.10
9.10,-1.41,0.20,0.32,0.15,-0.06
9.14,-1.73,-0.20,0.27,0.06,-0.02
9.02,-2.12,-0.24,0.20,0.02,0.11
9.41,-2.20,0.16,0.14,-0.00,0.25
9.45,-1.92,0.24,0.17,-0.03,0.22
9.38,-1.88,-0.20,0.19,-0.02,0.13
9.53,-2.04,-0.51,0.15,-0.02,0.05
9.73,-2.08,-0.31,0.10,-0.02,0.04
9.77,-1.84,-0.27,0.02,0.03,0.03
9.73,-2.04,-0.24,-0.03,0.08,0.01
9.65,-2.55,-0.08,-0.03,0.09,0.04
9.73,-2.47,-0.16,0.02,0.14,0.06
9.73,-2.55,-0.27,-0.00,0.14,0.06
9.45,-2.67,-0.27,-0.03,0.13,0.05
9.49,-2.63,-0.39,0.00,0.13,0.09
9.26,-2.51,-0.47,-0.00,0.15,0.16
9.26,-2.59,-0.35,-0.01,0.15,0.19
9.38,-2.75,-0.71,-0.01,0.15,0.29
9.10,-2.55,-0.94,-0.10,0.24,0.50
8.12,-1.61,-0.86,-0.26,0.43,0.76
7.85,-2.39,-0.47,-0.31,0.47,1.58
7.22,-2.43,-1.02,-0.14,0.74,2.36
6.94,-2.82,-1.06,-0.56,0.90,2.81
5.14,-5.22,0.55,-0.75,0.83,3.54
5.96,-4.94,1.06,-0.48,0.82,3.86
4.82,-5.45,1.77,-0.55,0.94,4.33
2.94,-7.81,2.79,-0.43,1.03,4.84
3.26,-6.94,1.53,0.11,1.02,5.00
2.04,-5.81,2.08,0.12,1.38,5.00
1.96,-5.84,3.02,0.14,1.67,5.00
0.98,-8.94,0.71,0.36,1.77,5.00
-0.35,-8.39,0.55,0.73,2.12,5.00
0.39,-9.14,-1.53,1.02,1.67,5.00
-13.65,-16.44,-1.88,0.88,1.82,5.00
-17.50,-9.14,-7.10,2.81,0.23,5.00
-17.69,9.26,2.12,2.09,-0.21,3.33
-14.55,12.16,16.79,-0.16,0.22,3.02
-12.24,-1.80,8.79,-2.26,0.60,2.44
-11.85,-12.24,-1.02,-0.70,0.49,2.25
-8.98,-9.65,-0.63,0.83,0.32,1.71
-8.71,-0.94,3.18,0.44,0.23,0.86
-9.49,-4.39,2.79,-0.86,0.14,0.80
-10.24,-1.65,3.10,-0.32,0.06,0.51
-10.75,-0.12,2.39,-0.32,-0.02,0.19
-11.34,-0.39,2.31,-0.79,-0.05,-0.14
-11.06,-0.20,2.59,-1.02,-0.15,-0.19
-10.51,-0.86,2.16,-1.18,-0.30,-0.25
-9.69,-0.78,2.08,-1.14,-0.40,-0.31
-9.14,-1.53,2.04,-1.20,-0.44,-0.27
-9.49,-1.37,2.39,-1.03,-0.33,-0.45
-9.92,-0.86,3.37,-0.91,-0.22,-0.55
-10.32,-0.63,3.53,-0.89,-0.18,-0.50
-9.73,-1.57,3.45,-1.21,-0.12,-0.46
-9.77,-3.14,3.18,-1.28,-0.07,-0.49
-9.53,-3.18,3.06,-1.05,-0.14,-0.45
-8.63,-2.28,2.86,-1.19,-0.24,-0.45
-8.67,-3.02,2.43,-1.42,-0.30,-0.39
-8.87,-4.12,2.51,-1.55,-0.34,-0.27
-8.67,-4.43,3.18,-1.77,-0.28,-0.26
-8.12,-5.14,2.31,-1.85,-0.32,-0.22
-8.20,-5.84,1.29,-1.48,-0.27,-0.15
-8.79,-5.53,1.18,-1.18,-0.22,-0.25
-9.30,-5.22,0.71,-1.18,-0.26,-0.21
-10.40,-6.08,1.26,-1.31,-0.37,0.02
-10.36,-6.51,1.45,-1.37,-0.48,0.00
-10.32,-6.59,0.98,-1.31,-0.53,0.02
-9.89,-7.57,0.86,-1.17,-0.53,-0.05
-9.73,-7.34,0.82,-0.75,-0.58,-0.25
-9.26,-6.43,1.18,-0.63,-0.59,-0.33
-8.83,-6.39,1.41,-0.70,-0.66,-0.43
-8.24,-6.32,1.45,-0.63,-0.72,-0.45
-7.37,-6.28,1.14,-0.48,-0.72,-0.50
-6.90,-5.81,1.10,-0.25,-0.70,-0.52
-6.67,-5.92,1.10,-0.17,-0.71,-0.47
-6.75,-5.73,0.75,-0.06,-0.68,-0.44
-7.34,-5.77,0.94,-0.07,-0.58,-0.37
-7.53,-5.45,1.26,-0.12,-0.51,-0.26
-7.88,-5.69,1.53,-0.17,-0.45,-0.10
-7.77,-5.57,2.00,-0.24,-0.35,0.01
-7.61,-6.00,2.47,-0.18,-0.22,0.05
-7.22,-5.45,2.71,-0.07,-0.15,0.11
-7.41,-5.92,2.67,-0.12,-0.03,0.04
-7.41,-6.08,2.86,-0.08,-0.00,-0.03
-7.53,-6.43,2.51,-0.10,0.01,-0.08
-8.04,-6.16,2.28,-0.09,0.02,-0.14
-8.16,-6.24,2.51,-0.17,-0.04,-0.18
-8.28,-7.65,1.80,-0.35,-0.05,-0.31
-8.98,-7.34,2.16,-0.15,-0.05,-0.38
-7.65,-5.84,3.41,-0.18,-0.02,-0.40
-10.47,-7.02,3.06,-0.18,-0.04,-0.02
-9.49,-5.77,3.77,-0.29,-0.03,0.10
-7.65,-6.94,4.71,-0.44,0.09,-0.08
-8.20,-6.24,3.33,0.21,0.11,-0.43
-10.08,-5.81,3.49,0.72,-0.15,-0.27
-11.18,-7.77,3.26,0.31,-0.21,-0.57
-7.22,-3.30,3.84,0.31,-0.34,-1.04
-10.43,-6.55,2.82,-0.91,-0.36,-0.80
-8.43,-12.08,3.33,-0.84,-0.66,-1.54
-4.90,-7.02,4.04,-0.10,-0.95,-2.13
-4.24,-9.61,3.37,-0.47,-1.02,-1.99
-4.39,-10.20,2.71,-0.16,-1.12,-2.31
-1.49,-7.18,1.45,0.25,-1.19,-2.60
-0.16,-7.10,2.31,0.25,-0.82,-2.10
0.04,-7.77,2.94,0.05,-0.58,-2.09
0.55,-7.49,2.82,0.08,-0.44,-1.91
-0.08,-8.43,2.39,0.03,-0.23,-1.63
-0.08,-8.75,1.96,0.05,-0.19,-1.42
-0.71,-8.98,2.98,-0.10,-0.08,-0.82
-2.16,-10.67,3.57,-0.27,0.11,-1.03
-1.29,-9.73,2.94,0.10,0.23,-1.24
-1.02,-8.87,2.35,0.37,0.62,-0.94
-1.10,-9.22,2.43,0.24,0.98,-0.75
-1.10,-9.77,2.28,0.16,1.05,-0.75
-0.39,-10.12,2.55,0.18,1.06,-0.79
-0.24,-8.98,2.94,0.27,1.05,-0.81
-0.20,-8.98,3.37,0.23,1.13,-0.74
-0.31,-8.59,3.88,0.22,1.12,-0.63
-0.08,-8.79,3.49,0.15,1.04,-0.60
-0.35,-10.20,3.22,0.03,0.96,-0.41
-0.78,-10.94,3.41,0.11,0.86,-0.34
-0.63,-9.30,3.61,0.20,0.74,-0.42
-0.39,-8.94,4.00,0.10,0.63,-0.44
-0.04,-9.14,3.96,-0.02,0.55,-0.39
0.08,-9.45,3.96,-0.09,0.48,-0.38
0.35,-9.69,4.04,-0.15,0.38,-0.38
0.63,-9.30,4.04,-0.15,0.35,-0.37
0.59,-9.53,3.53,-0.14,0.36,-0.31
0.55,-9.69,3.73,-0.04,0.43,-0.33
1.02,-9.10,4.00,0.04,0.44,-0.33
0.39,-9.61,3.77,-0.10,0.45,-0.24
-0.24,-10.75,2.82,-0.02,0.42,-0.73
1.06,-8.90,3.49,0.18,0.41,-0.59
-0.75,-7.06,4.43,0.07,0.33,-0.71
0.12,-8.24,5.77,-0.27,0.19,-0.12
-2.28,-11.61,4.71,-0.07,0.09,0.11
1.57,-8.28,4.43,0.24,-0.07,0.18
0.20,-10.75,4.47,-0.16,-0.07,0.35
1.69,-10.47,4.24,-0.10,-0.02,-0.12
0.08,-9.02,3.65,0.06,0.01,-0.27
0.31,-11.18,4.51,0.26,-0.14,-0.20
0.98,-10.20,4.55,0.52,-0.21,-0.20
0.86,-8.87,4.51,0.34,-0.23,-0.18
1.26,-9.41,4.08,0.26,-0.21,-0.00
1.29,-8.87,4.51,0.32,-0.17,0.05
1.65,-8.94,4.43,0.28,-0.10,0.04
1.02,-8.67,4.16,0.34,0.05,0.11
1.02,-8.51,4.75,0.21,0.13,0.05
0.94,-8.90,4.55,0.10,-0.04,0.03
1.29,-8.71,4.20,0.10,0.00,0.10
1.06,-8.59,4.71,-0.04,-0.00,0.02
0.67,-9.65,4.43,-0.14,0.05,-0.00
1.26,-8.59,4.39,0.05,0.07,0.06
0.98,-8.63,4.59,-0.08,0.11,0.05
1.02,-9.53,4.90,-0.10,0.19,0.04
1.14,-8.94,4.75,0.09,0.13,0.06
0.90,-8.67,4.75,0.11,0.08,0.05
0.78,-8.83,4.47,0.08,-0.00,-0.09
1.02,-8.43,4.82,0.17,-0.06,-0.11
1.18,-8.67,4.67,0.05,-0.08,-0.10
1.14,-9.22,4.75,-0.01,0.05,-0.02
1.10,-9.38,4.86,0.01,0.06,-0.02
1.14,-9.18,4.90,0.06,0.04,-0.06
0.78,-8.90,4.86,0.07,0.10,-0.01
0.94,-8.94,5.02,0.04,0.17,0.01
1.06,-9.30,5.14,0.02,0.16,-0.02
0.90,-8.87,4.82,0.13,0.08,-0.06
0.75,-8.55,4.79,0.08,0.10,-0.00
0.90,-8.79,4.94,-0.03,0.08,0.03
0.59,-9.18,4.82,-0.06,0.11,-0.00
0.86,-8.83,4.94,-0.05,0.18,0.03
0.71,-8.98,4.90,-0.07,0.16,0.00
0.67,-8.83,4.82,0.05,0.10,-0.07
0.86,-8.59,4.86,0.03,0.08,-0.06
0.94,-8.98,4.71,-0.09,0.08,-0.05
0.90,-8.98,5.02,-0.10,0.08,-0.03
0.98,-8.90,4.86,-0.09,0.10,-0.04
0.90,-9.10,4.90,-0.10,0.18,-0.01
0.86,-9.06,4.86,-0.10,0.20,0.02
0.75,-9.10,4.79,-0.05,0.22,0.02
0.55,-9.10,4.90,-0.02,0.22,-0.03
0.59,-8.87,4.75,-0.04,0.20,-0.04
0.51,-9.10,4.67,-0.08,0.17,-0.05
0.51,-8.94,4.67,-0.07,0.12,-0.05
0.55,-8.90,4.63,-0.08,0.06,-0.03
0.63,-9.06,4.63,-0.08,-0.02,-0.02
0.67,-8.79,4.59,-0.07,-0.09,-0.03
0.78,-9.18,4.55,-0.11,-0.08,-0.03
0.75,-9.30,4.71,-0.10,-0.06,0.01
0.82,-9.65,4.67,-0.05,-0.00,-0.00
0.63,-9.10,4.71,0.02,0.08,0.03
0.67,-9.10,4.75,-0.02,0.11,0.08
0.78,-9.38,4.71,-0.05,0.09,0.07
0.82,-9.26,4.63,-0.01,0.09,0.06
0.59,-9.02,4.47,-0.04,0.05,0.04
0.27,-9.26,4.28,-0.08,-0.03,0.08
0.71,-8.87,4.35,-0.13,-0.01,0.08
0.71,-9.38,4.47,-0.19,-0.02,0.06
0.67,-9.41,4.28,-0.12,-0.06,0.06
0.59,-9.18,4.39,-0.09,-0.03,0.04
0.63,-9.26,4.47,-0.14,0.03,0.02
0.71,-9.34,4.35,-0.15,0.05,0.02
0.51,-9.18,4.35,-0.15,0.07,-0.02
0.59,-9.10,4.28,-0.16,-0.08,-0.07
0.59,-9.34,4.43,-0.18,-0.18,-0.07
0.63,-9.26,4.12,-0.24,-0.25,-0.09
0.67,-9.26,4.16,-0.14,-0.27,-0.04
0.94,-9.69,4.16,-0.13,-0.25,-0.04
1.14,-9.96,4.12,-0.12,-0.12,-0.06
0.98,-9.81,4.20,-0.00,0.05,-0.04
0.82,-9.73,4.16,0.05,0.17,-0.07
0.82,-9.38,4.16,0.11,0.18,-0.07
1.06,-9.22,4.12,0.00,0.13,-0.11
1.06,-9.49,3.92,0.05,0.08,-0.08
0.90,-9.14,4.16,0.13,0.07,-0.03
0.71,-9.61,4.16,0.10,0.05,-0.05
0.90,-9.53,4.16,0.17,0.01,-0.07
0.82,-9.02,4.43,0.21,0.03,-0.04
1.14,-9.02,4.35,0.11,0.02,-0.05
1.10,-9.38,4.08,0.10,0.01,-0.06
0.98,-9.06,4.16,0.09,0.09,-0.05
0.90,-9.65,4.20,0.09,0.11,-0.06
0.94,-9.38,4.39,0.22,0.09,-0.07
1.06,-8.83,4.67,0.17,0.11,-0.09
1.02,-9.06,4.59,0.10,0.12,-0.07
1.14,-9.14,4.55,0.09,0.08,-0.05
0.98,-8.98,4.59,0.05,0.07,-0.02
1.02,-9.06,4.47,0.03,0.03,-0.01
0.90,-9.26,4.39,0.03,0.02,-0.02
0.98,-9.34,4.24,0.07,-0.01,-0.07
1.06,-8.87,4.39,0.05,0.01,-0.08
1.18,-9.02,4.51,-0.04,0.07,-0.06
1.22,-9.14,4.39,-0.02,0.07,-0.07
0.24,-7.14,3.96,-0.06,0.10,-0.05
1.10,-8.94,4.08,-0.07,0.09,-0.04
1.06,-8.67,4.43,-0.03,0.05,-0.04
1.06,-9.26,4.35,-0.10,0.06,-0.06
1.14,-8.98,4.47,-0.09,0.06,-0.06
0.86,-9.34,4.39,-0.13,0.10,-0.07
1.06,-9.45,4.55,-0.03,0.06,-0.08
1.18,-9.18,4.51,0.05,0.03,-0.07
1.06,-9.02,4.59,-0.00,0.05,-0.06
1.06,-9.30,4.55,-0.08,0.10,-0.05
1.06,-9.38,4.35,-0.07,0.06,-0.05
1.18,-9.14,4.51,0.02,0.02,-0.03
1.37,-9.06,4.28,0.02,-0.00,-0.03
0.98,-9.06,4.63,-0.00,0.09,-0.04
0.75,-9.14,4.43,0.06,0.05,-0.01
1.33,-9.06,4.43,-0.03,-0.02,-0.06
1.14,-8.98,4.35,-0.06,0.04,-0.03
0.98,-9.34,4.43,-0.07,0.06,-0.00
1.22,-9.26,4.55,0.03,0.03,-0.02
1.41,-9.26,4.35,-0.04,0.03,-0.05
1.22,-9.06,4.28,-0.03,0.10,-0.01
1.18,-9.18,4.47,0.02,0.17,0.02
1.10,-8.98,4.51,-0.01,0.14,-0.02
1.61,-9.06,4.31,-0.04,0.08,-0.01
1.10,-9.26,4.43,-0.08,0.12,0.04
1.14,-9.65,4.31,-0.06,0.08,0.01
1.18,-9.26,4.31,0.03,0.09,-0.01
1.18,-9.30,4.31,0.04,0.08,0.00
1.02,-9.10,4.35,-0.00,0.11,0.03
0.94,-9.06,4.39,-0.08,0.16,0.03
0.12,-7.81,4.51,-0.03,0.15,0.02
1.84,-9.85,4.20,-0.00,0.11,-0.01
0.98,-9.18,4.47,0.03,0.11,0.02
0.94,-9.18,4.39,0.01,0.08,-0.02
1.06,-9.30,4.35,0.00,0.07,-0.03
1.14,-9.30,4.59,0.08,0.07,0.00
1.10,-9.26,4.31,0.01,0.12,-0.03
1.06,-9.22,4.35,0.01,0.10,-0.02
1.18,-9.26,4.31,-0.00,0.06,-0.04
1.18,-9.73,4.24,-0.01,0.09,-0.03
0.47,-9.18,4.82,-0.03,0.10,-0.00
1.14,-9.45,4.67,-0.07,0.08,-0.02
1.10,-9.02,4.47,0.02,0.07,-0.01
0.94,-9.45,4.51,-0.00,0.13,-0.04
1.10,-9.14,4.47,0.04,0.11,-0.05
1.18,-9.30,4.51,0.01,0.14,-0.01
0.98,-9.02,4.59,0.02,0.22,-0.01
0.94,-9.26,4.51,0.05,0.27,-0.03
1.02,-9.22,4.47,0.15,0.27,0.02
0.75,-9.38,4.79,0.11,0.31,0.06
0.59,-9.14,4.55,0.10,0.24,0.03
0.35,-8.87,4.90,0.09,0.26,0.03
0.86,-9.22,4.55,0.06,0.30,0.06
0.86,-9.10,4.31,0.07,0.23,0.04
0.43,-8.83,4.47,0.05,0.19,0.03
0.67,-8.90,4.28,0.05,0.05,-0.01
0.82,-9.41,4.16,0.05,0.08,-0.04
0.27,-9.06,4.94,0.02,0.04,-0.05
0.59,-8.94,4.67,-0.04,-0.08,-0.11
-0.04,-8.59,4.39,-0.06,0.04,-0.08
0.55,-9.73,5.02,0.01,0.05,-0.08
0.59,-8.94,4.86,0.07,-0.02,-0.07
0.35,-8.98,4.59,-0.07,0.09,-0.09
0.63,-9.14,4.67,-0.09,0.02,-0.05
0.75,-9.65,4.79,-0.04,-0.04,-0.03
1.45,-9.41,4.47,-0.05,-0.02,0.04
0.67,-9.77,4.67,-0.14,0.03,0.06
0.82,-9.34,4.71,0.01,0.04,0.11
0.63,-8.75,4.71,-0.04,0.11,0.15
0.51,-8.98,4.86,0.06,0.10,0.02
1.45,-9.92,4.12,0.17,-0.10,-0.06
1.14,-9.18,4.51,0.15,-0.06,-0.05
0.90,-8.98,4.43,-0.02,-0.12,0.01
0.86,-9.14,4.51,-0.10,-0.02,0.08
0.47,-9.14,4.51,-0.16,-0.02,0.08
0.51,-9.02,4.39,-0.05,-0.02,0.11
0.67,-9.69,4.51,-0.01,0.14,0.09
-0.20,-9.81,5.73,0.10,-0.04,0.13
0.51,-8.83,4.90,0.36,-0.28,0.14
0.31,-8.67,4.51,-0.09,0.27,0.12
0.24,-10.16,4.75,-0.05,0.31,0.20
0.75,-8.87,4.12,0.30,-0.10,0.13
0.75,-8.83,4.16,0.36,0.19,0.14
0.08,-8.98,4.71,0.31,0.36,0.15
0.43,-8.90,4.82,0.27,0.21,0.14
0.31,-8.08,5.10,0.06,0.26,0.12
-0.04,-8.79,5.06,-0.15,0.13,0.12
-0.63,-7.61,5.49,0.03,0.10,0.13
0.12,-7.22,3.61,0.31,-0.09,0.14
0.00,-8.08,4.31,0.04,0.13,0.12
-0.43,-8.16,5.10,0.04,0.07,0.11
-0.31,-8.28,4.67,-0.17,0.10,0.05
-0.08,-9.57,4.63,-0.22,0.23,0.23
0.35,-10.08,4.94,0.10,0.05,0.13
0.00,-8.55,4.79,0.29,-0.02,0.12
-1.10,-8.83,5.10,-0.05,0.16,-0.01
-0.08,-9.14,5.18,0.11,-0.02,0.04
0.59,-9.06,5.26,0.20,-0.13,-0.02
-0.51,-8.90,4.94,0.12,-0.15,-0.14
-0.16,-8.94,4.98,0.24,-0.04,-0.06
0.55,-8.39,5.10,0.29,-0.03,-0.07
0.08,-7.49,5.26,0.07,-0.03,-0.13
0.24,-8.71,4.51,-0.24,0.10,-0.08
0.16,-9.06,4.51,-0.09,0.10,0.08
0.08,-9.06,5.22,-0.00,0.14,0.01
0.00,-9.77,5.26,-0.03,0.03,-0.14
-0.35,-8.71,5.18,0.32,-0.15,-0.15
1.18,-8.47,4.90,0.49,0.10,-0.12
0.71,-7.92,5.61,-0.44,0.69,-0.09
0.59,-9.14,4.90,-0.37,0.14,-0.19
0.47,-8.98,4.98,-0.37,0.31,-0.27
1.92,-8.08,4.86,-0.67,0.61,0.22
2.55,-10.04,4.08,-2.77,1.10,1.01
-6.35,5.81,-9.22,-1.45,0.61,0.60
-1.26,-13.22,5.81,0.38,0.14,0.07
-0.90,-6.24,1.45,-0.35,0.26,0.17
-1.49,-9.57,2.16,-0.36,0.30,0.27
-1.65,-10.24,3.06,-0.33,0.33,0.27
-2.00,-9.41,2.16,-0.44,0.31,0.38
-2.00,-9.53,1.84,-0.71,0.23,0.40
-1.96,-9.49,1.61,-0.97,0.03,0.41
-1.73,-9.92,1.14,-1.26,-0.09,0.39
-1.69,-10.32,0.63,-1.36,-0.20,0.36
-1.77,-10.24,0.24,-1.35,-0.22,0.33
-1.77,-10.16,-0.16,-1.41,-0.15,0.30
-1.77,-10.90,-0.51,-1.43,0.06,0.37
-2.08,-11.69,-0.75,-1.28,0.28,0.31
-2.16,-11.89,-1.14,-0.81,0.58,0.21
-1.96,-11.77,-1.06,-0.63,0.75,0.17
-2.24,-12.28,-1.22,-0.27,1.01,0.20
-2.71,-11.49,-1.22,0.21,0.96,0.08
-2.82,-10.63,-1.06,0.42,0.83,-0.03
-2.86,-10.20,-1.10,0.44,0.71,-0.06
-2.71,-10.08,-1.37,0.35,0.64,-0.15
-2.20,-10.08,-1.61,0.30,0.69,-0.20
-1.45,-9.92,-1.92,0.24,0.92,-0.30
-0.39,-10.16,-2.00,0.22,1.29,-0.30
0.63,-10.94,-1.96,0.26,1.72,-0.24
0.08,-11.61,-1.77,0.58,2.00,-0.25
0.08,-11.30,-1.69,0.84,2.10,-0.40
-0.98,-11.34,-1.14,1.10,1.96,-0.59
-1.14,-10.12,-1.06,1.15,1.79,-0.59
-1.84,-9.92,-0.39,0.98,1.62,-0.53
-2.00,-9.34,-0.51,0.80,1.18,-0.35
-2.90,-10.00,-0.20,0.60,0.86,-0.25
-2.67,-9.26,-0.04,0.61,0.51,-0.21
-3.26,-9.02,1.92,0.34,0.27,-0.21
-2.00,-10.59,2.90,0.03,-0.11,-0.02
-2.24,-11.73,1.61,-0.27,0.05,-0.04
-2.63,-8.39,0.63,-0.17,0.21,0.08
-1.96,-10.00,0.94,0.00,0.46,0.03
-2.79,-9.02,0.20,0.16,0.44,0.18
-1.10,-10.32,0.35,-0.36,0.84,0.47
0.00,-12.94,0.86,-0.14,0.31,-0.15
-1.41,-9.61,1.29,0.31,0.51,-0.43
-1.14,-9.65,1.45,0.08,0.66,-0.14
-2.31,-9.92,1.57,-0.01,0.57,-0.12
-2.00,-10.08,1.29,0.10,0.40,-0.19
-0.94,-9.89,1.33,-0.18,0.49,-0.23
-0.51,-10.55,0.90,-0.15,0.56,-0.25
-0.59,-10.40,0.90,-0.10,0.70,-0.26
-0.51,-10.24,0.94,-0.11,0.89,-0.21
-0.98,-10.90,0.55,-0.18,1.01,-0.23
-1.37,-10.32,0.90,-0.11,1.12,-0.30
-1.29,-10.75,0.16,-0.17,1.16,-0.16
-1.10,-11.18,-0.16,0.02,1.05,-0.14
-1.73,-10.08,0.08,-0.00,1.01,-0.23
-1.88,-9.53,0.12,-0.13,0.80,-0.23
-1.02,-8.67,-0.20,-0.19,0.74,-0.04
-0.90,-8.04,-0.90,-0.42,0.87,0.30
-1.73,-8.63,-1.14,-0.60,0.90,0.53
