-5.84,-7.81,1.26,-2.51,-4.17,4.28
-5.84,-5.77,1.02,1.48,-0.13,-0.63
-5.22,-5.81,2.71,0.28,0.48,-0.21
-7.69,-7.92,2.98,-0.41,0.54,0.94
-20.01,-9.53,0.67,-0.91,4.64,-0.06
-14.67,-6.83,-7.57,-0.89,-0.85,0.04
-4.51,-8.55,-2.08,-0.28,-3.12,-1.22
-2.67,-9.45,3.26,-0.10,-2.57,-1.46
-0.51,-8.94,3.57,0.21,-1.62,-2.06
-3.61,-7.37,5.53,1.42,-0.20,-2.49
-11.26,-10.98,3.33,-0.16,-0.14,1.65
-11.92,-14.36,3.06,0.41,-0.94,0.05
-8.16,-9.96,4.59,1.72,-1.59,-1.10
-4.79,-8.87,6.16,1.99,-1.19,-1.74
-5.41,-8.55,3.57,1.26,-0.40,-0.60
-5.41,-4.90,5.37,1.26,-0.35,0.93
-4.47,-2.12,4.71,0.52,-0.07,0.12
-2.71,-0.86,4.16,-0.16,-0.42,-0.53
0.43,-3.18,3.14,-0.76,-1.00,-0.79
1.53,-2.12,4.24,-1.42,-1.39,-0.01
-1.37,-3.65,3.06,-2.50,-0.68,0.53
-3.41,-7.45,0.78,-2.79,-0.28,0.75
-4.24,-11.22,2.31,-1.78,0.40,0.15
-5.92,-13.34,1.80,-0.96,1.26,0.38
-7.26,-10.94,1.65,-0.32,1.88,0.04
-7.88,-10.98,0.35,-0.11,2.04,-0.23
-7.88,-11.26,-1.10,0.03,1.96,-0.56
-5.30,-11.10,0.71,1.04,1.61,-1.54
-4.90,-11.22,2.67,1.37,0.92,-1.36
-4.71,-13.30,1.14,1.21,0.09,-1.11
-2.86,-10.83,6.00,2.11,-0.57,-0.94
-2.31,-8.08,5.77,1.11,-0.17,0.04
-3.37,-6.71,3.49,-0.25,1.19,0.65
-4.67,-7.14,3.14,-0.51,1.21,0.51
-4.35,-7.49,2.51,-0.78,1.76,0.31
-5.18,-7.81,0.90,-1.50,1.19,0.18
-4.20,-8.94,2.20,-0.96,-0.03,-0.18
-2.12,-8.47,2.94,-0.05,-0.53,-0.36
-2.90,-5.06,2.86,-0.08,0.48,-0.27
-3.84,-7.41,0.35,-1.85,1.43,0.22
-3.41,-10.24,0.51,-0.94,0.78,-0.31
-3.69,-10.20,0.59,0.78,0.07,-0.27
-3.26,-7.92,1.22,1.36,-0.47,-0.09
-3.02,-7.61,3.06,0.67,-0.63,0.10
-2.35,-8.71,3.77,0.46,-0.16,-0.04
-1.92,-9.61,3.22,0.30,0.49,0.11
-1.88,-8.59,4.20,0.17,0.72,0.34
-0.82,-7.85,6.71,-0.31,0.87,-0.40
-2.43,-10.16,5.30,-0.17,2.24,-0.67
-5.02,-9.10,2.47,0.96,2.92,-0.67
-6.43,-8.79,1.18,0.52,2.36,-0.42
-4.31,-14.67,2.04,0.21,1.50,-0.24
-4.82,-13.26,0.67,1.11,1.72,0.76
-6.86,-0.71,10.47,3.00,0.10,0.08
-2.08,-0.24,17.22,1.61,-0.47,-0.33
-5.26,-6.67,10.47,-0.44,3.25,-1.36
-8.63,-8.36,6.39,1.89,3.25,-1.58
-4.63,-5.69,9.38,3.50,1.71,-2.25
0.35,-12.43,6.28,2.53,2.10,-2.74
1.73,-17.22,0.98,1.77,3.15,-1.40
-0.63,-11.57,-6.28,1.42,3.90,-0.92
-1.02,-11.02,-5.30,1.39,1.84,-1.11
0.67,-10.47,-0.90,1.96,0.05,-0.99
0.43,-10.40,0.98,1.96,-0.17,-0.81
0.78,-10.71,3.10,1.01,-0.73,-0.40
1.96,-11.02,5.53,1.06,-1.10,-0.44
-0.24,-9.92,4.63,1.09,-0.23,-0.34
-1.65,-9.69,4.28,0.61,-0.11,-0.16
-0.63,-10.24,4.82,0.41,-0.59,0.01
-1.65,-10.51,4.47,0.37,-0.38,0.14
-0.63,-9.34,5.92,0.35,-0.86,0.66
-0.39,-8.63,7.22,0.45,-0.87,0.59
-1.29,-7.14,6.86,0.47,-0.46,0.43
-2.08,-6.90,6.35,0.07,-0.41,0.49
-1.29,-8.20,6.39,0.23,-0.63,0.48
-1.73,-6.86,6.71,0.31,-0.43,0.36
-1.49,-7.06,7.34,0.15,-0.38,0.09
-1.37,-7.88,7.61,-0.33,0.52,0.11
-2.75,-8.47,5.30,-0.50,0.74,0.22
-2.63,-8.43,5.26,0.04,0.12,0.28
-2.28,-7.37,6.08,0.60,-0.29,0.20
-2.86,-7.30,5.53,0.39,-0.32,0.25
-2.43,-8.12,5.92,0.15,-0.52,0.28
0.98,-8.83,10.43,-0.38,0.26,0.79
-2.75,-9.14,6.32,-0.59,1.47,0.78
-2.82,-7.96,6.28,0.12,1.24,0.39
-3.41,-7.49,7.22,0.25,0.90,0.71
-4.59,-7.30,3.73,-0.12,0.87,1.21
-4.90,-18.75,16.08,-0.72,0.93,1.09
-7.02,-4.75,0.63,0.39,1.06,-1.01
-3.30,-7.02,5.18,0.74,-2.00,0.04
-3.45,-7.92,5.96,0.03,-1.44,0.87
-1.69,-5.26,3.88,0.08,-0.31,1.03
-1.65,-6.28,2.94,0.46,0.16,1.30
-2.71,-8.47,5.37,0.96,1.64,1.11
-4.43,-7.73,5.84,1.90,2.28,0.60
-5.26,-6.08,6.24,2.61,2.26,-0.14
-5.02,-4.08,5.41,3.03,2.37,-0.98
-6.28,-4.86,5.84,2.54,2.53,-1.06
-8.04,-4.79,7.06,2.02,2.57,-1.42
-8.08,-3.84,6.35,1.87,1.74,-2.54
-6.16,-2.31,5.41,1.31,1.02,-3.17
-6.75,-2.43,5.65,0.36,1.03,-3.55
-6.75,-4.20,6.79,-0.11,0.72,-3.77
-6.28,-6.35,5.10,-1.20,-0.45,-3.20
-4.43,-7.96,4.71,-1.96,-1.00,-1.78
-4.43,-9.06,4.71,-2.35,-0.52,-1.44
-3.26,-9.34,4.51,-1.17,0.07,-1.63
-2.75,-8.00,3.57,-0.41,0.27,-1.44
-2.35,-7.14,2.82,0.35,0.99,-0.95
-1.61,-7.85,4.08,0.50,1.88,-0.27
0.63,-12.12,-3.33,3.67,4.99,0.64
-7.73,-4.20,0.98,5.00,4.99,1.29
-6.47,-2.90,2.59,5.00,4.99,2.97
-17.38,2.82,-1.22,4.98,4.99,2.76
-8.83,0.47,2.86,3.76,4.99,1.33
-12.55,-2.24,2.16,3.76,4.97,-1.27
-18.04,5.18,4.43,3.40,3.34,-0.69
-9.65,2.00,2.00,1.23,0.36,-0.17
-9.14,0.20,1.84,0.08,-0.55,0.91
-8.04,-0.16,1.65,-1.34,0.33,1.25
-6.51,1.10,1.37,-2.10,1.32,1.31
-8.67,0.71,-0.24,-3.49,2.17,1.99
-12.24,3.84,-0.82,-3.94,2.60,3.39
-15.42,0.98,-0.98,-1.30,-0.74,3.27
-7.22,-0.98,-1.69,0.10,-1.89,2.84
-7.45,3.26,-0.98,2.00,-1.93,4.96
-11.73,6.86,-0.63,2.93,-2.00,4.99
-10.98,5.10,5.84,3.71,-2.40,3.83
-9.06,7.73,0.51,0.62,-1.56,2.64
-8.12,9.14,-1.96,0.33,-0.64,1.58
-8.16,7.14,-0.31,0.39,-0.37,1.45
-6.75,5.49,0.16,0.89,-0.60,1.39
-6.35,8.47,-0.16,2.28,-1.65,1.18
-5.06,7.85,-0.24,3.78,-2.88,0.41
-2.31,9.38,0.63,2.59,-2.23,0.11
-2.47,11.41,0.08,1.30,-0.21,0.84
-6.71,10.40,-3.37,1.48,-1.76,1.80
-2.67,8.94,-0.51,3.78,-2.27,3.88
-2.86,11.92,-0.51,3.24,-1.93,3.11
-4.00,11.34,-1.80,1.67,-1.67,1.00
-3.73,9.92,-1.69,1.37,-1.52,0.63
-7.14,15.30,-0.55,-0.39,-1.06,-0.67
-5.30,15.22,-0.55,-2.22,-1.38,-0.75
-2.67,10.98,-0.94,-2.54,-3.41,0.79
-4.20,9.53,-1.22,-2.15,-4.86,2.35
-2.79,8.08,-4.04,-2.66,-4.78,1.65
0.00,7.85,-3.02,-1.61,-4.16,1.13
1.02,7.02,-3.96,-1.41,-3.19,1.44
0.98,4.63,-4.94,-0.38,-1.10,2.09
3.49,10.20,-1.84,1.78,1.21,2.92
-1.69,10.47,-1.29,1.87,2.13,2.52
1.26,9.69,6.35,2.66,0.67,2.45
0.67,13.77,3.26,1.08,-1.10,1.54
6.35,14.16,1.37,-0.63,-2.16,0.27
5.33,12.16,-2.04,-0.77,-1.76,1.11
3.65,9.02,-3.33,-0.58,-1.00,2.66
3.73,7.49,-3.92,0.80,-0.39,3.45
4.16,5.53,0.59,0.50,0.43,2.13
3.77,7.65,2.00,0.18,-0.04,0.28
3.65,9.73,1.49,-0.79,0.52,-0.42
3.65,8.00,0.90,-0.86,0.74,-0.66
2.63,10.28,-2.20,0.26,-0.80,-0.52
7.45,10.43,0.35,-0.58,0.05,-1.39
4.39,8.47,-0.67,-0.20,-0.57,-0.41
2.59,7.41,0.39,0.25,-0.89,-0.24
-1.10,10.71,2.04,-0.22,-1.25,-1.50
-0.35,13.30,5.57,-0.73,-1.89,-1.21
5.96,10.90,9.57,0.64,-1.16,1.49
5.10,8.90,-4.31,-1.64,-2.19,1.20
10.67,6.59,-1.84,-1.88,-0.03,0.04
4.43,8.98,-1.18,-0.28,0.39,0.09
4.94,9.53,-0.94,0.05,0.83,0.67
2.86,8.43,1.41,-1.23,1.36,0.47
4.28,6.47,-0.71,-2.31,0.76,0.09
4.59,6.32,0.12,-1.20,0.69,0.06
4.43,7.73,1.73,-0.62,0.69,0.09
4.39,7.77,2.82,-0.59,0.68,0.20
4.00,7.14,3.33,-0.30,0.14,0.60
4.04,5.57,2.51,-0.26,0.01,0.52
4.08,5.84,4.00,-0.32,-0.13,0.26
3.45,7.18,6.79,0.21,-0.29,0.52
4.08,8.71,6.39,0.39,-1.19,0.58
6.32,9.57,4.16,-0.40,-0.69,0.62
6.24,9.34,1.96,0.04,0.02,1.78
6.35,7.10,-0.04,0.24,0.21,1.55
5.61,6.16,0.78,0.66,0.20,0.84
4.94,8.55,3.33,0.62,-0.49,0.14
5.61,7.88,3.10,0.36,-0.65,0.22
-0.35,3.45,5.77,0.87,-0.17,-0.22
9.49,13.14,4.28,0.52,-0.80,-2.97
5.02,5.14,-1.65,-0.60,-0.64,-0.50
4.79,4.59,-2.98,0.16,-0.41,-0.64
4.24,6.16,0.31,-0.51,-0.81,-0.37
4.47,8.39,0.31,-0.87,-1.30,-1.41
4.71,10.08,3.69,-1.68,-0.83,-1.16
-2.51,16.16,17.34,-0.62,0.80,0.49
-0.47,8.55,-6.86,-2.94,-2.20,-1.89
4.59,13.38,5.18,1.70,-2.34,-0.92
2.55,12.55,2.35,-1.51,-2.91,-0.77
11.69,7.77,-3.49,-2.27,-2.60,0.16
4.94,5.10,-0.31,-0.08,-1.43,0.11
4.98,10.67,0.16,1.67,-1.33,0.07
5.02,10.12,-3.33,-0.04,-1.31,-0.14
6.08,7.06,-3.65,-0.21,-0.98,0.07
6.04,7.65,-0.20,-0.09,0.31,0.14
3.02,9.89,0.51,-0.09,0.50,0.28
3.49,9.26,0.31,-0.75,0.16,0.10
5.22,7.10,-0.86,-1.12,-0.15,-0.56
3.22,8.87,1.18,0.54,-0.34,-0.31
4.63,11.53,0.20,0.37,-0.49,-0.25
4.31,9.06,0.00,-0.63,-0.24,-0.15
3.88,6.67,0.90,-0.36,0.01,-0.44
2.82,8.79,1.96,0.08,0.06,-0.56
2.79,10.94,3.65,-0.04,-0.13,-0.50
1.18,8.71,3.73,-0.95,-0.22,-0.06
1.45,9.41,1.77,0.01,-0.76,0.10
4.79,9.85,-1.69,-0.06,-1.33,-0.01
4.98,9.49,-2.31,0.22,-1.43,0.81
4.04,11.34,0.59,0.15,-1.57,1.43
6.32,7.41,0.59,-0.28,-1.41,1.28
4.47,9.02,1.77,0.06,-1.21,1.08
6.08,7.49,1.65,0.68,-1.25,1.20
5.88,7.49,-0.12,0.77,-0.89,0.80
5.65,7.61,-2.00,0.07,-0.61,0.03
4.90,9.81,-1.92,0.06,-0.64,-0.17
5.06,8.28,-0.94,-0.17,-0.82,-0.02
0.98,8.28,-2.35,0.04,-0.78,0.41
-4.79,5.22,5.73,0.47,-0.72,1.08
20.01,8.87,-0.94,2.41,-5.00,2.20
20.01,13.96,4.67,2.29,-3.76,-0.12
1.77,6.39,-9.73,-0.28,-2.81,0.44
4.86,1.14,-12.87,-0.40,-1.66,0.64
5.61,4.51,-10.12,1.35,0.64,-0.33
3.96,10.12,-5.45,1.70,1.39,-0.47
4.00,9.06,-5.33,0.93,0.12,0.07
4.31,7.06,-9.18,1.48,-0.26,0.76
3.22,8.59,-8.43,1.16,0.16,0.84
3.06,5.53,-7.85,-0.91,0.68,0.93
4.35,2.75,-7.10,-1.65,1.02,1.07
5.22,3.84,-5.84,-0.93,1.36,0.77
5.92,6.86,-4.82,-0.83,1.64,0.52
4.59,9.53,-2.59,-1.69,1.62,0.53
5.73,8.24,-4.12,-2.87,0.70,0.62
5.84,9.18,-3.65,-2.91,0.56,0.86
5.65,5.02,-5.18,-3.18,0.39,1.43
12.67,-6.79,-6.63,-2.40,0.50,1.14
8.24,4.59,-4.12,-1.80,0.69,0.70
4.20,6.55,-1.61,-3.49,0.89,0.22
6.98,3.22,-0.75,-2.38,0.87,-0.01
6.39,9.73,0.51,-1.06,0.94,-0.53
6.55,6.12,-0.51,-2.28,0.38,-0.01
7.14,3.49,0.94,-2.31,0.59,-0.27
7.10,5.02,3.22,-1.59,0.53,-0.66
6.16,6.24,2.35,-1.44,0.39,-1.38
5.45,4.47,0.71,-0.49,0.09,-1.49
3.80,7.69,1.77,0.77,0.18,-1.97
7.96,8.51,0.39,2.97,0.30,-0.64
2.28,10.12,4.90,4.73,-1.25,1.24
2.75,13.22,2.63,5.00,-3.25,2.36
4.59,4.00,-5.49,2.08,-3.85,1.75
6.35,1.73,-8.20,2.28,-2.40,0.72
6.51,4.08,-7.88,2.87,-1.58,0.31
6.67,5.84,-7.81,2.38,-0.47,-0.32
5.77,2.67,-7.57,1.50,0.87,-0.82
6.75,7.61,-7.49,2.42,1.36,-0.89
2.86,14.24,-6.55,1.77,1.99,-1.17
11.89,5.73,-3.10,0.06,2.91,-1.25
5.06,5.02,-4.79,-0.50,2.41,-1.35
7.02,8.12,-4.59,-0.56,1.81,-1.08
7.53,4.39,-6.08,-0.94,1.74,-0.98
2.16,11.45,-2.16,-1.19,2.45,-1.04
6.39,7.85,-1.77,-1.48,2.11,-1.23
8.32,5.37,-3.57,-1.77,1.12,-0.18
8.51,5.37,-1.77,-1.45,0.90,0.18
8.36,6.51,-0.67,-1.01,0.68,0.06
4.24,1.14,3.33,0.61,-0.20,0.61
6.28,10.75,4.59,2.46,-0.57,1.92
7.41,10.63,-1.49,-0.46,-0.08,1.29
7.77,5.14,-2.59,-0.47,0.26,0.88
6.94,4.98,-0.75,-0.62,0.58,0.53
0.00,5.45,2.24,-0.63,1.34,-1.84
-0.04,6.08,-4.98,0.44,0.70,-4.50
5.33,-0.67,-5.30,0.47,-0.46,1.03
-1.49,7.41,-0.90,2.17,-0.78,1.15
4.31,7.41,-0.43,-0.15,-2.05,2.60
14.98,12.16,-12.04,-0.89,-0.27,0.51
17.69,12.20,-1.33,-0.98,0.01,-2.31
7.41,2.98,-4.82,-2.25,0.13,0.26
5.92,6.71,-3.26,-1.56,0.43,1.19
9.38,4.04,-1.29,-0.60,0.25,0.15
5.37,4.39,1.29,0.60,0.15,-0.00
7.57,7.26,-3.06,2.75,-0.04,-1.09
5.65,11.22,-2.04,1.82,0.28,-1.04
6.24,9.96,-1.96,0.67,0.18,-0.79
0.75,7.02,-1.10,-0.45,-0.02,1.03
0.75,-0.31,-4.59,-1.84,0.51,0.60
-3.88,20.01,-15.65,0.36,1.23,-1.11
-1.41,-1.18,2.47,0.38,0.84,-1.51
12.12,-1.18,-1.84,0.77,1.28,-2.48
5.33,8.28,-0.16,0.42,1.64,-0.89
4.35,5.45,3.80,0.17,1.17,0.85
6.59,8.39,2.75,1.74,-0.29,2.04
5.81,0.47,1.92,1.77,-0.46,0.90
6.43,10.08,-2.47,1.65,0.15,0.55
6.75,9.14,-2.55,0.38,0.75,-0.03
7.57,5.49,-2.00,-0.21,1.49,-0.01
-0.94,3.18,12.12,0.59,0.27,-0.76
8.36,15.57,-2.00,-0.91,-1.65,-2.63
6.71,11.02,-7.77,-2.16,-0.93,-1.44
5.53,7.61,-3.61,-2.03,-0.29,-0.85
6.24,6.75,-2.86,-1.43,-0.13,-0.40
5.88,6.51,-1.88,-0.30,0.18,-0.10
5.10,8.75,0.47,-0.21,0.39,-0.25
3.96,7.73,0.67,-0.62,0.38,-0.14
5.22,10.55,0.67,-0.37,0.02,-0.87
3.73,11.73,2.12,-1.12,-0.11,-0.67
4.35,8.55,-0.12,-1.64,-0.32,-0.35
5.53,5.22,-3.14,-1.11,-0.13,-0.32
5.33,7.69,-1.22,1.16,0.08,-0.27
5.14,9.53,0.86,1.06,0.00,-0.17
5.53,9.69,0.27,0.79,-0.12,-0.27
4.98,10.71,0.75,0.09,-0.09,-0.24
4.35,8.00,1.88,-0.82,-0.42,-0.53
4.04,8.04,0.55,-1.63,-0.31,-0.55
4.39,9.06,1.41,-0.47,-0.29,-0.40
4.39,4.82,1.18,-0.47,-0.32,-0.35
0.86,4.59,0.04,-1.03,-0.44,-2.35
3.57,9.92,-2.47,1.71,-0.05,-2.53
2.47,16.67,0.04,1.40,0.42,-1.52
0.75,11.96,1.57,-1.09,-0.22,0.01
3.26,6.67,0.27,-1.86,-0.50,-0.12
3.06,6.83,-0.98,-1.01,-0.38,-0.48
1.33,8.24,0.08,0.45,0.00,-0.39
1.84,12.08,2.43,0.91,0.11,-0.44
3.02,9.49,5.37,-1.07,-0.47,-0.32
1.57,10.43,5.88,0.38,-0.29,-0.22
2.51,9.92,0.12,-1.49,-0.78,-0.62
0.78,12.04,1.33,-0.83,-0.66,-0.45
2.20,13.65,1.37,-1.03,-1.00,-0.35
1.37,17.61,1.61,-0.77,-1.00,2.12
7.18,11.41,-0.16,-2.23,-0.95,4.95
7.77,8.00,-6.32,-2.23,-1.09,2.69
2.98,13.38,-3.65,-0.34,-0.55,0.26
2.47,9.18,2.79,-0.78,0.14,0.62
6.04,8.51,0.82,-2.67,0.85,-0.68
4.31,6.16,0.82,-1.08,-0.56,0.30
5.53,8.59,4.51,-1.45,-0.56,-0.42
4.86,7.73,1.61,-0.46,-0.42,0.47
5.53,6.75,4.00,0.83,-0.29,0.88
5.45,3.22,-1.41,1.28,0.02,0.67
6.00,7.02,0.20,2.92,0.38,0.44
2.39,7.18,-3.26,5.00,0.34,1.33
7.30,20.01,11.85,2.12,-0.07,-1.30
3.57,3.22,-6.86,-3.15,-0.68,-0.03
3.02,7.06,0.47,0.15,0.81,-0.55
1.92,6.00,3.65,0.38,0.48,-0.62
2.12,4.79,-1.96,1.76,0.55,-0.91
4.63,9.61,-3.37,3.13,1.25,-1.12
4.24,7.81,0.75,2.80,1.59,-2.01
4.08,9.22,-0.98,1.97,0.83,-1.22
4.08,9.49,-1.84,1.89,-0.69,-1.32
3.77,1.65,-7.96,2.82,-0.39,-1.19
3.96,8.79,-7.85,4.25,-0.00,-1.15
3.30,9.65,-6.86,4.61,0.67,-0.96
4.47,9.77,-7.26,4.26,0.73,0.56
1.14,8.79,-5.65,3.82,0.55,1.28
-5.14,20.01,3.80,0.11,-0.15,-0.11
-0.16,15.42,-10.28,-5.00,-1.79,-1.74
5.73,5.30,-10.47,-5.00,-1.21,-1.54
2.39,5.88,-8.67,-2.67,0.22,-1.23
1.88,9.22,-6.20,0.24,0.98,-1.11
1.37,12.83,-2.90,-0.37,1.20,-1.25
0.31,13.18,-1.92,-2.11,1.21,-1.64
1.73,9.65,-2.75,-3.21,1.16,-1.73
0.39,7.81,-1.57,-2.61,1.26,-1.57
-2.16,8.47,1.57,-1.18,1.20,-1.43
-2.43,8.47,1.92,-1.32,0.79,-1.67
-3.84,10.16,0.39,-1.60,0.66,-1.75
-3.06,10.40,0.27,-1.62,0.56,-1.54
-1.96,10.75,0.35,-1.61,0.63,-1.47
-2.00,12.20,-0.20,-1.45,0.78,-1.22
-2.51,11.73,0.31,-1.51,0.92,-1.02
-2.86,9.81,0.67,-1.78,1.14,-0.79
-3.49,9.02,1.10,-1.60,1.34,-0.61
-4.00,9.45,1.61,-1.48,1.40,-0.50
-17.65,-5.61,-9.89,-1.29,1.51,-0.53
0.86,13.49,0.47,0.36,1.57,-2.11
-5.49,7.81,3.26,0.77,1.64,0.52
-4.47,7.96,2.67,-0.19,0.89,0.62
-5.41,8.00,0.08,-1.54,0.10,1.91
-2.86,3.77,7.37,-0.09,0.95,0.29
-4.35,10.98,1.45,0.39,0.58,0.44
-7.45,6.67,2.98,-0.60,0.38,0.41
-2.39,8.90,7.57,-0.34,0.30,0.35
-11.30,3.96,4.24,-1.79,-0.22,0.32
-1.02,9.61,4.28,-1.72,-0.68,-0.15
-2.90,8.12,3.45,-1.82,-1.05,-0.05
-4.59,7.77,4.16,-1.79,-1.40,-0.00
-2.12,7.53,3.41,-1.56,-1.26,0.24
-3.80,8.00,6.08,-1.39,-1.36,0.10
-3.06,7.30,6.08,-1.19,-1.76,0.23
-2.82,7.14,6.00,-1.24,-2.05,0.20
-2.24,6.67,5.81,-0.88,-1.93,-0.08
-16.12,10.32,8.28,0.69,1.40,-1.25
-0.04,0.51,9.30,0.40,-1.74,-1.12
-1.14,6.47,4.94,0.05,-1.94,-0.30
-1.26,6.98,3.88,0.52,-1.35,-0.43
-1.41,7.45,5.61,0.83,-0.41,-0.33
-1.22,7.18,6.90,0.69,-0.09,-0.10
-1.96,7.14,6.47,-0.00,-0.38,0.36
-0.55,6.55,6.32,-0.31,-0.55,0.59
-0.67,7.22,7.69,-0.52,-0.55,0.71
-1.29,7.81,6.98,-0.57,-0.53,0.54
0.24,6.43,7.14,-0.73,0.05,0.40
-2.82,9.69,10.08,-1.48,0.10,0.06
2.24,4.31,7.06,-1.38,-0.16,-0.13
-0.04,-18.67,20.01,-1.76,0.05,0.03
-2.79,15.18,-2.28,-1.83,-1.01,-0.37
-0.59,-0.43,8.87,-1.33,-1.73,-0.17
-1.84,3.37,7.77,-0.82,-1.19,0.06
1.73,4.04,5.88,0.25,-0.76,-0.13
0.08,5.37,9.26,0.55,-0.57,-0.15
0.82,5.02,8.36,0.23,-0.85,-0.41
1.80,4.98,6.94,0.42,-0.93,-0.25
2.04,5.65,6.47,0.64,-0.96,-0.26
3.57,4.82,5.49,0.63,-0.72,-0.45
2.04,4.90,7.61,0.51,-0.15,-0.02
0.59,6.55,8.87,0.55,0.04,0.28
1.49,7.65,7.61,0.17,0.06,0.45
5.49,3.96,7.30,-0.53,0.64,0.72
4.43,-4.20,9.61,-0.84,-0.04,1.23
-2.12,-1.41,6.79,5.00,-1.77,-2.75
-0.04,10.67,0.35,5.00,-2.35,-1.87
2.04,19.65,6.83,5.00,-0.94,-0.63
1.84,16.04,4.71,2.20,-1.44,1.99
2.79,11.38,2.59,-0.92,-1.49,1.15
3.88,8.32,0.00,-1.61,-1.48,1.21
4.47,7.26,-0.86,-0.79,-1.12,1.15
5.57,8.32,-0.63,0.35,-0.61,1.05
4.90,9.65,-0.51,0.57,-0.27,1.19
5.14,9.22,-0.12,0.30,-0.08,1.27
4.86,9.10,3.73,0.04,0.18,1.30
5.37,9.85,1.49,-1.10,0.13,1.33
4.04,-2.79,10.40,-1.40,0.13,1.37
7.02,0.47,4.28,0.02,0.11,0.26
6.16,4.35,2.75,1.35,0.28,0.39
6.00,11.41,3.37,1.97,0.39,1.10
2.94,8.63,4.16,-0.44,0.06,2.62
8.59,8.24,-0.47,-0.94,-0.38,1.55
6.24,5.02,0.55,-0.89,-0.14,0.36
5.53,5.77,2.51,-0.29,-0.13,0.26
6.63,4.08,2.71,0.12,-0.16,0.10
6.47,6.71,3.06,0.73,-0.01,-0.25
6.79,9.02,3.26,-0.08,0.21,-0.38
7.02,9.02,2.04,-1.23,0.40,-0.59
6.43,7.85,2.82,-3.02,0.62,-1.43
6.35,5.06,2.98,-3.12,0.60,-1.23
6.75,7.18,5.33,-2.41,0.70,-1.04
7.14,6.16,0.39,-1.40,1.20,-1.02
6.51,7.49,5.53,0.00,1.68,0.35
5.33,5.02,6.75,-1.48,1.89,-0.00
4.98,6.24,5.30,-1.46,1.89,0.03
4.43,4.98,6.12,-0.97,2.02,0.38
3.96,5.49,8.90,-0.75,1.79,0.35
3.80,7.49,9.22,-0.95,1.51,0.33
3.45,3.69,8.43,-1.31,1.12,0.48
2.79,2.94,8.94,-0.49,0.80,0.56
2.82,5.53,9.65,-0.07,0.34,0.66
2.28,2.47,8.75,-0.31,-0.03,0.61
3.84,4.12,8.16,0.06,-0.06,0.67
3.61,2.20,7.45,0.13,0.07,0.86
3.30,6.86,9.10,0.41,0.18,0.99
3.41,3.02,7.37,-0.54,0.09,0.99
3.02,3.49,8.39,-0.33,0.03,0.83
4.28,2.28,6.94,0.42,0.00,0.53
2.94,5.49,7.61,0.92,-0.09,0.75
4.31,2.63,6.59,0.28,-0.26,0.56
4.00,3.26,7.30,0.51,-0.32,0.68
2.82,5.26,6.94,0.29,-0.24,0.64
2.98,5.49,10.00,-1.12,-0.13,-0.08
4.04,0.59,7.14,-1.81,-0.49,-0.04
7.45,-0.16,6.75,-0.93,-0.05,-0.13
3.65,1.88,7.57,-0.71,0.15,0.07
3.26,0.59,7.41,-0.85,-0.10,-0.09
4.98,-0.24,7.41,-0.13,-0.25,-0.30
4.71,1.37,8.04,0.18,-0.30,-0.38
7.14,0.47,6.04,0.34,-0.38,-0.58
10.12,-6.98,4.20,1.86,-0.42,1.49
3.02,2.86,0.75,-1.10,-1.04,1.31
8.08,-2.59,4.47,0.60,-1.04,-0.91
4.04,9.10,7.61,3.43,-0.48,0.41
6.04,2.35,5.26,1.44,-0.61,-0.65
5.41,2.86,4.35,0.76,-0.33,-1.18
8.36,3.45,5.22,0.45,0.63,-1.05
8.55,4.28,5.26,0.72,1.24,-1.06
9.49,6.51,6.43,1.66,1.71,-0.58
6.63,5.84,6.75,1.28,1.36,0.46
5.22,5.02,6.79,1.08,1.20,1.31
6.79,7.92,4.67,0.88,0.75,1.55
4.82,10.98,6.16,0.82,0.69,1.55
4.51,7.30,6.75,-0.29,0.24,-0.43
5.88,6.08,4.90,-0.91,-0.35,0.35
5.92,6.47,6.20,-0.12,-0.52,0.69
5.88,5.53,5.37,-0.02,-1.52,-0.44
6.94,3.80,7.10,0.74,-0.32,0.17
-8.79,8.87,5.84,0.75,1.34,-0.31
6.39,8.00,5.41,0.13,-0.62,-0.26
1.02,7.49,6.08,-0.23,0.27,0.13
2.35,6.86,6.47,-0.61,0.00,-1.07
2.00,4.28,0.94,-0.83,-0.88,-0.71
13.81,7.18,10.87,-0.58,-0.59,0.89
6.94,10.47,0.78,-0.09,-0.72,1.58
8.79,1.69,4.63,-2.52,0.26,2.19
3.33,4.51,7.57,1.31,-0.20,2.91
0.31,5.22,12.32,3.20,-0.86,1.63
-4.16,12.63,9.10,1.47,-3.07,0.04
7.41,6.79,1.41,-1.79,-0.48,-3.91
6.59,7.57,2.16,0.63,0.39,-2.09
14.36,11.06,6.12,1.66,-0.24,0.78
4.98,3.02,4.79,-1.34,-1.03,2.36
5.53,-0.39,2.67,-1.72,-1.33,1.78
5.37,0.08,3.65,-0.73,-1.30,0.62
11.02,2.90,2.20,-0.45,-1.10,-0.28
10.04,2.98,4.67,-0.45,-0.99,0.67
7.10,2.51,2.82,-1.44,-0.97,0.10
9.02,-2.59,-0.98,-0.41,-0.88,-0.40
5.65,-5.30,-6.98,1.44,-0.78,-0.89
6.00,-5.06,-2.51,0.67,-0.14,-1.83
8.51,-8.08,6.20,0.24,-0.28,-0.71
12.47,-3.37,-1.18,-0.09,-0.11,-1.47
10.08,8.00,1.45,-1.91,-0.11,-1.39
5.02,10.59,1.73,-1.14,0.01,-1.04
8.75,4.24,1.37,-2.18,-0.09,-1.36
7.61,1.80,0.86,-0.84,0.17,-0.56
7.77,5.37,3.22,1.22,0.34,-0.67
8.43,12.24,8.67,-0.36,0.23,-1.10
11.57,4.28,2.63,-2.88,-0.63,-0.26
7.96,4.24,3.96,-1.24,-0.31,0.65
3.22,6.71,4.86,-0.69,-0.66,0.55
6.55,4.16,0.94,-1.33,-1.56,-0.30
9.92,0.20,1.49,0.05,-0.78,0.18
5.49,3.88,1.92,1.71,-0.07,-0.01
4.51,4.82,5.65,1.94,0.04,-0.07
7.57,4.31,-1.10,2.39,0.37,-0.20
10.83,5.22,-2.59,2.64,1.40,-0.19
8.16,2.12,0.98,3.76,2.80,-0.36
-0.27,14.47,-0.31,3.31,1.50,-1.43
1.41,11.53,1.06,3.73,0.99,-1.40
3.84,0.35,-7.57,4.99,0.03,-0.25
0.00,3.02,-0.78,5.00,0.03,-0.02
14.40,-5.22,-14.36,5.00,0.05,-3.36
13.93,20.01,0.27,2.24,-0.72,-2.21
-4.43,12.59,4.31,-0.43,-0.79,0.67
2.75,15.97,-1.53,-1.79,-0.76,0.29
5.61,16.40,-2.59,-4.17,-0.46,0.49
3.33,12.51,-9.02,-5.00,-0.48,1.26
-3.26,0.59,1.92,-4.61,-0.09,3.02
-8.24,12.12,-0.55,-3.12,0.22,0.60
2.00,0.00,-1.73,-3.09,0.44,0.06
7.92,3.80,-0.35,-2.76,0.02,-0.50
-7.88,1.65,10.67,-2.88,-0.32,0.35
5.26,-2.82,5.10,-3.11,-0.39,-0.36
8.39,1.92,5.37,-2.95,-0.91,-0.48
8.59,5.69,0.04,-2.48,-0.15,0.39
2.90,8.98,5.69,-2.21,0.29,-0.11
7.26,3.30,0.59,-0.96,0.53,0.26
8.71,1.92,1.80,1.53,0.79,0.24
7.49,5.26,1.57,2.49,1.10,0.04
5.96,2.67,-0.12,3.82,1.43,0.14
-1.57,14.83,-7.10,5.00,1.88,0.01
0.39,13.42,2.51,4.28,2.63,-2.12
2.20,5.65,4.67,1.99,2.30,-2.89
2.39,9.14,0.78,1.96,1.74,-2.73
-8.94,13.18,-0.63,1.27,2.33,-2.63
-0.75,14.83,-0.24,0.75,2.24,-1.98
2.35,11.22,0.04,-0.64,2.25,-1.77
1.33,11.10,1.57,-0.38,2.27,-0.89
0.31,9.38,0.63,-0.86,2.29,-0.75
-1.57,10.08,1.06,-0.06,2.43,-0.53
-2.20,9.22,0.82,0.33,2.21,-0.65
-3.77,11.53,1.69,0.80,1.83,-0.58
-5.18,13.10,0.75,0.66,1.25,0.23
-4.31,16.28,1.41,-0.63,1.13,1.22
-0.94,13.77,-0.12,-2.03,1.20,1.69
1.53,7.37,-0.31,-2.76,1.36,1.67
2.79,6.63,1.61,-0.45,1.44,1.70
7.14,-2.94,-4.98,1.75,1.55,1.57
0.16,11.89,-0.08,5.00,1.59,1.93
4.04,4.28,1.26,2.08,1.72,0.79
7.37,-6.43,-0.82,-1.03,1.63,0.84
6.55,4.51,-2.71,-0.92,1.63,0.84
2.59,9.14,-2.55,0.61,1.75,0.75
1.65,10.16,-0.67,1.03,1.59,0.76
0.86,16.44,-3.53,-1.40,0.45,0.31
-0.43,5.57,2.51,-1.74,0.54,0.89
5.10,1.73,1.84,-1.58,-0.23,0.27
-0.39,3.53,0.75,-0.02,0.51,0.63
1.69,7.14,0.51,0.96,0.47,-0.13
-0.47,5.33,0.67,1.69,0.63,-0.24
2.28,7.22,1.26,2.60,0.53,-0.45
1.53,8.32,1.65,2.66,0.41,-0.35
1.29,10.40,0.67,2.95,0.59,-0.80
4.35,12.12,1.49,2.24,0.83,-1.87
4.00,12.51,-0.90,2.55,1.33,-2.09
5.61,13.49,2.24,1.84,1.71,-2.18
0.63,11.49,-1.02,1.24,2.08,-1.68
-1.57,10.12,0.35,0.52,1.95,-1.78
-2.28,15.77,4.63,0.58,1.78,-1.88
-7.85,12.87,-4.12,-3.36,0.82,0.20
-1.49,4.67,3.49,-3.03,1.58,-1.72
-0.94,7.02,2.35,-0.24,2.03,-1.38
-3.22,14.71,3.33,-0.26,2.21,-1.36
-1.57,10.47,0.94,-2.34,2.08,-0.95
-0.20,8.36,0.39,-2.21,2.40,-0.75
-1.02,9.02,0.86,-1.69,2.58,-0.62
-1.88,9.81,0.86,-1.56,2.49,-0.61
-1.45,9.81,-0.20,-1.60,2.31,-0.61
-1.80,9.18,-0.04,-1.28,2.16,-0.52
-2.20,10.00,0.94,-0.88,1.90,-0.54
-2.51,10.75,1.37,-0.85,1.64,-0.45
-3.06,9.73,1.37,-0.89,1.55,-0.36
-3.45,9.77,1.49,-0.85,1.44,-0.45
-4.16,10.40,1.80,-0.94,1.40,-0.41
-4.59,10.24,1.61,-1.04,1.37,-0.31
-5.02,9.89,1.53,-1.16,1.38,-0.19
-5.10,10.04,1.45,-1.31,1.44,-0.19
-5.61,10.28,1.53,-1.43,1.44,-0.14
-6.16,9.53,1.73,-1.50,1.43,0.09
-5.96,9.57,1.80,-1.42,1.33,0.11
-6.75,8.79,1.84,-1.39,1.17,0.13
-6.71,8.67,2.31,-1.15,0.84,0.17
-5.96,9.14,2.90,-0.93,0.57,0.21
-6.32,8.63,3.26,-0.92,0.44,0.28
-5.69,8.59,3.57,-0.92,0.37,0.33
-5.92,8.00,4.28,-1.00,0.39,0.41
-5.69,6.79,2.86,-1.21,0.31,0.31
-7.18,7.65,2.51,-0.51,0.18,0.40
-8.90,8.28,2.75,0.12,-0.22,0.20
-5.81,10.51,5.26,0.38,-0.38,-0.08
-1.65,7.57,5.73,-0.23,-0.27,0.28
-2.43,5.10,5.69,-0.01,0.09,-0.14
-2.51,6.59,5.77,0.49,0.25,-0.32
-1.49,7.53,3.92,0.46,0.11,-0.38
-3.65,5.06,5.33,0.73,-0.46,-0.73
-5.33,8.55,4.31,0.39,-0.84,-0.62
-4.63,8.04,5.14,0.58,-1.16,-0.71
-4.90,7.53,5.69,0.49,-1.20,-0.58
-7.14,9.26,7.34,0.22,-1.16,-0.46
-7.45,10.24,5.92,-0.43,-0.97,-0.32
-6.00,5.30,8.08,-1.00,-0.89,-0.55
-6.43,5.02,7.34,-1.35,-1.03,-1.11
-4.20,3.65,6.67,-0.93,-1.22,-0.92
-4.12,5.81,5.26,-0.60,-1.49,-0.82
-3.84,5.26,5.88,-0.23,-1.37,-0.62
-1.69,5.77,5.22,0.43,-1.01,-0.19
-2.20,6.86,5.61,0.99,-0.25,0.71
-4.51,8.04,4.67,0.91,0.09,0.76
-4.20,9.57,2.82,0.60,0.31,0.34
-3.22,9.38,3.57,0.47,0.27,0.14
-3.53,6.47,5.53,0.06,0.19,0.13
-3.77,5.53,6.32,-0.30,0.16,0.07
-3.45,6.12,6.51,-0.57,-0.01,-0.16
-3.65,4.04,7.41,-0.35,-0.29,-0.39
-3.49,2.98,8.16,0.22,-0.50,-0.64
-6.35,6.71,6.86,1.22,-0.79,-0.72
-5.92,2.35,6.43,2.79,-0.98,0.59
-3.65,11.30,6.67,3.40,-1.20,0.34
-3.02,11.89,6.79,1.86,-1.07,0.75
-2.24,9.73,5.96,0.60,-1.09,0.71
-1.10,9.45,4.82,0.35,-1.08,0.60
-1.73,9.81,4.67,0.42,-1.08,0.70
-0.94,8.94,3.84,0.52,-1.14,0.94
-0.31,9.77,4.20,0.53,-1.13,0.99
-0.71,8.43,4.08,0.37,-1.11,1.24
0.63,9.81,3.33,0.59,-1.04,1.22
0.59,9.41,3.49,0.50,-0.97,1.27
0.75,9.18,2.75,0.61,-0.98,1.26
0.86,8.98,2.35,0.68,-1.04,1.33
1.69,9.49,1.45,0.89,-1.01,1.34
1.84,8.98,1.41,0.95,-0.86,1.41
2.51,8.83,1.06,1.07,-0.74,1.49
3.26,9.38,1.18,1.13,-0.64,1.46
2.94,9.06,0.90,0.80,-0.45,1.44
2.98,9.14,0.98,0.48,-0.31,1.25
3.49,8.67,1.10,0.25,-0.23,1.06
3.84,7.85,1.14,0.11,-0.12,0.79
4.00,8.36,1.22,0.26,-0.03,0.46
4.16,8.67,1.57,0.08,-0.00,0.36
4.00,7.88,1.33,-0.12,0.03,0.31
4.08,8.36,1.29,-0.13,0.06,0.34
3.92,8.08,1.22,-0.27,0.14,0.49
4.55,8.00,1.22,-0.36,0.25,0.75
4.98,8.87,1.57,-0.53,0.42,0.99
3.53,8.87,1.92,-0.88,0.52,1.10
3.96,8.59,2.98,-1.44,0.60,1.22
3.53,7.49,3.14,-1.79,0.61,1.42
4.59,6.39,4.00,-1.58,0.40,1.54
5.53,7.14,4.43,-1.45,0.43,1.41
5.02,5.57,4.94,-1.66,0.33,1.56
6.71,4.90,5.57,-1.59,0.10,1.86
8.24,3.30,5.53,-1.45,0.01,1.88
8.67,2.82,5.69,-1.16,-0.16,1.85
8.94,2.43,5.84,-1.11,-0.20,1.82
10.32,2.04,6.20,-1.19,-0.13,1.80
9.49,1.26,5.53,-1.16,0.03,1.59
9.30,1.92,5.22,-1.00,0.08,1.44
9.26,1.57,5.30,-1.33,0.14,1.45
8.47,-0.04,4.47,-1.93,0.14,1.42
7.81,-1.41,3.10,-1.75,0.06,1.31
8.75,-1.61,3.88,-1.43,-0.08,1.30
8.24,-2.20,2.86,-1.38,-0.20,1.15
8.90,-2.86,2.79,-1.02,-0.31,0.91
8.24,-2.04,2.86,-0.84,-0.39,0.79
9.02,-1.69,3.49,-0.73,-0.45,0.69
7.92,-2.39,4.28,-0.95,-0.53,0.67
8.00,-3.10,3.18,-0.96,-0.65,0.60
9.69,-3.45,3.53,-0.71,-0.60,0.54
8.20,-3.57,3.61,-0.74,-0.52,0.53
7.85,-3.92,2.63,-0.67,-0.52,0.56
8.75,-4.20,2.08,-0.53,-0.63,0.60
8.90,-4.63,1.41,-0.47,-0.62,0.58
9.22,-4.86,1.37,-0.39,-0.58,0.57
9.26,-4.90,1.29,-0.34,-0.54,0.55
8.90,-5.10,1.49,-0.31,-0.44,0.61
8.71,-5.26,1.18,-0.26,-0.32,0.63
8.55,-5.81,0.90,-0.19,-0.16,0.59
8.47,-5.65,0.86,-0.15,-0.06,0.57
8.47,-5.77,1.18,-0.17,0.04,0.53
7.92,-5.88,1.29,-0.18,0.17,0.47
8.16,-5.73,1.22,-0.14,0.27,0.41
8.39,-5.92,1.10,-0.15,0.32,0.38
8.90,-6.67,1.41,-0.13,0.40,0.35
8.71,-6.59,1.65,0.00,0.55,0.23
8.43,-5.92,1.80,0.04,0.66,0.18
8.20,-5.92,2.47,-0.14,0.85,0.13
7.73,-6.28,2.63,-0.36,0.92,0.10
7.37,-6.32,2.59,-0.32,0.91,0.09
7.02,-6.24,2.71,-0.24,0.94,0.09
5.96,-6.12,3.06,-0.30,0.84,0.11
5.30,-6.16,3.26,-0.35,0.72,0.16
5.26,-6.67,2.75,-0.29,0.53,0.19
4.94,-7.02,2.79,-0.20,0.46,0.11
4.39,-6.98,2.67,-0.18,0.33,0.04
4.71,-7.53,2.43,-0.09,0.06,-0.03
5.14,-7.85,2.24,0.12,-0.13,-0.08
5.69,-7.69,2.12,0.27,-0.23,-0.15
6.43,-7.73,1.92,0.33,-0.35,-0.17
6.90,-8.08,1.92,0.34,-0.44,-0.11
8.08,-7.92,1.92,0.39,-0.52,-0.04
9.02,-7.18,2.28,0.50,-0.72,0.09
9.18,-6.75,2.24,0.57,-0.84,0.23
8.79,-5.81,2.59,0.66,-0.87,0.26
8.16,-4.71,2.79,0.75,-0.87,0.26
7.92,-3.57,3.30,0.69,-0.79,0.22
7.34,-3.45,3.84,0.49,-0.74,0.23
7.49,-3.73,3.41,0.25,-0.63,0.25
7.26,-4.20,3.53,0.09,-0.47,0.28
7.06,-4.47,3.49,-0.01,-0.36,0.33
7.26,-4.82,3.18,-0.14,-0.21,0.32
7.22,-5.37,2.98,-0.38,-0.09,0.32
7.18,-6.12,2.51,-0.56,0.02,0.30
7.49,-6.67,2.00,-0.57,0.05,0.24
7.10,-7.22,1.84,-0.61,0.08,0.23
7.14,-7.49,1.29,-0.56,0.07,0.19
7.10,-7.73,0.94,-0.49,0.02,0.13
6.94,-7.61,0.55,-0.46,-0.01,0.09
6.98,-7.73,0.16,-0.41,-0.05,0.06
6.71,-7.69,0.12,-0.36,-0.12,0.12
6.39,-7.69,-0.04,-0.23,-0.15,0.18
6.55,-7.57,-0.12,-0.09,-0.18,0.21
6.35,-7.57,0.04,-0.07,-0.17,0.22
6.51,-7.69,0.00,-0.06,-0.16,0.19
6.32,-7.65,0.04,-0.05,-0.17,0.15
6.47,-8.04,0.08,-0.00,-0.25,0.12
6.59,-8.20,-0.12,0.11,-0.34,-0.02
6.51,-7.88,-0.12,0.16,-0.27,-0.24
6.16,-7.73,0.00,0.06,-0.11,-0.41
6.39,-7.61,0.08,0.01,0.02,-0.51
6.86,-7.53,0.08,0.06,0.11,-0.58
6.86,-7.14,0.27,0.10,0.22,-0.69
7.26,-6.90,0.20,0.07,0.17,-0.76
8.04,-6.55,0.24,0.12,0.10,-0.81
8.83,-6.28,0.16,0.20,0.16,-0.80
9.10,-5.77,0.82,0.25,0.36,-0.86
8.79,-5.81,0.82,0.11,0.37,-0.85
9.30,-5.73,0.67,0.12,0.37,-0.82
8.94,-5.30,0.59,0.26,0.50,-0.77
8.43,-4.75,1.14,0.23,0.49,-0.69
8.47,-4.20,1.37,0.05,0.31,-0.59
8.75,-4.75,1.45,-0.07,0.34,-0.43
8.47,-4.31,1.88,-0.05,0.48,-0.35
7.85,-3.96,2.12,-0.18,0.50,-0.25
8.16,-4.67,2.16,-0.26,0.51,-0.03
8.00,-4.55,1.80,-0.17,0.57,0.02
8.00,-6.12,1.57,-0.20,0.62,-0.01
7.22,-2.43,2.55,-0.37,0.51,0.10
7.73,-10.24,5.33,-1.58,0.65,-0.11
8.16,-4.59,0.20,-0.50,0.46,-0.18
4.00,-4.24,1.33,0.20,0.45,-0.09
8.75,-5.10,2.00,0.03,0.31,-0.50
8.71,-5.81,1.77,0.60,0.36,0.08
6.39,-6.71,3.77,-0.53,-0.19,0.48
8.79,-9.57,2.12,-0.88,-0.14,-0.06
7.30,-6.98,2.39,-0.31,-0.07,-0.16
7.73,-4.43,1.96,-0.03,-0.01,-0.02
9.92,-4.31,1.53,-0.22,0.07,-0.11
8.20,-5.77,1.61,-0.17,0.05,-0.16
8.67,-4.86,1.77,0.06,0.15,-0.27
8.63,-4.75,1.61,-0.14,-0.01,-0.32
8.55,-4.24,1.37,-0.03,-0.15,-0.09
9.30,-4.04,1.10,0.19,-0.13,0.03
9.06,-4.08,1.33,0.03,0.02,0.12
8.71,-4.55,1.57,-0.18,0.06,0.14
8.51,-5.33,1.45,-0.23,0.06,0.16
8.20,-5.14,1.65,0.04,0.06,0.11
8.28,-4.94,1.84,0.02,0.04,0.05
8.28,-5.02,1.80,-0.07,0.04,-0.04
7.96,-5.14,1.77,-0.01,0.02,-0.05
8.00,-5.06,1.53,0.07,-0.01,-0.05
8.12,-4.75,1.80,0.04,-0.03,-0.06
8.16,-5.14,1.61,-0.05,-0.08,-0.05
8.12,-5.14,1.57,0.05,-0.12,-0.05
8.08,-4.90,1.65,0.12,-0.19,-0.03
8.16,-4.86,1.41,0.14,-0.27,0.01
8.12,-4.79,1.02,0.23,-0.31,0.09
7.41,-4.67,1.14,0.38,-0.33,0.31
7.06,-4.98,1.18,0.29,-0.48,0.45
6.67,-5.33,1.26,0.07,-0.58,0.39
7.22,-5.26,0.51,0.52,-0.77,0.46
6.12,-4.63,1.57,0.62,-0.93,0.63
5.84,-4.98,1.14,0.45,-1.04,0.75
6.83,-4.90,1.22,0.27,-1.02,0.77
7.10,-5.65,1.14,0.11,-1.09,0.82
7.69,-5.65,0.63,0.10,-1.00,0.69
8.63,-5.88,0.31,-0.04,-0.90,0.48
9.02,-5.81,0.20,-0.28,-0.64,0.23
8.20,-5.33,0.20,-0.41,-0.64,0.10
8.47,-4.90,-0.67,-0.66,-0.84,0.18
9.22,-6.51,-1.41,-1.02,-1.12,0.13
10.36,-7.41,-2.16,-1.07,-1.09,-0.23
9.73,-7.30,-3.22,-1.05,-0.93,-0.51
9.34,-6.55,-3.57,-0.74,-0.77,-0.69
8.90,-5.33,-3.53,-0.58,-0.54,-0.67
8.55,-5.37,-4.12,-0.69,-0.37,-0.71
8.00,-5.37,-4.51,-0.83,-0.08,-0.89
7.30,-5.06,-4.43,-0.91,0.19,-0.98
6.94,-5.10,-4.47,-0.83,0.31,-1.06
6.98,-3.53,-4.00,-0.66,0.20,-0.90
7.22,-4.16,-3.88,-0.57,0.09,-0.46
7.61,-4.35,-3.73,-0.25,-0.09,-0.32
8.36,-4.51,-3.88,-0.32,-0.18,-0.45
7.22,-5.45,-3.45,-0.28,-0.24,-0.61
7.53,-4.47,-3.73,-0.00,-0.48,-0.85
7.18,-3.53,-4.28,0.41,-0.66,-0.99
7.61,-1.96,-4.47,0.85,-0.85,-0.87
7.96,-0.67,-4.98,0.78,-0.94,-0.71
8.71,-1.22,-5.37,0.36,-0.88,-0.52
9.69,-0.67,-5.65,0.23,-0.59,-0.45
11.57,0.67,-6.79,0.03,-0.11,-0.29
10.47,0.98,-6.51,-0.51,0.86,0.31
10.00,-1.06,-5.77,-1.07,0.81,0.61
11.30,-2.16,-5.57,-0.99,0.91,0.64
10.47,-2.35,-4.90,-0.88,0.79,0.51
8.79,-3.73,-4.67,-0.81,0.57,0.29
7.49,-2.90,-4.35,-0.58,0.53,0.14
6.71,-2.90,-4.04,-0.51,0.49,0.14
5.22,-4.31,-3.02,-0.67,0.36,0.00
6.24,-4.35,-3.77,-0.57,0.02,-0.11
6.86,-3.26,-4.20,-0.23,0.06,-0.12
7.85,-2.98,-4.82,-0.20,0.30,-0.09
8.51,-2.90,-5.26,-0.17,0.49,0.03
8.71,-3.26,-5.88,-0.06,0.60,0.07
8.51,-2.71,-5.96,0.05,0.87,-0.05
8.32,-2.55,-6.08,-0.08,1.06,-0.05
8.20,-1.69,-5.06,-0.11,1.19,-0.03
8.20,-2.63,-3.92,-0.06,1.00,0.05
8.55,-2.51,-2.16,0.15,0.65,0.09
9.34,-2.31,-2.20,0.46,0.10,0.04
9.41,-2.12,-2.08,0.69,-0.05,0.01
9.22,-1.77,-2.59,0.74,-0.05,0.00
7.77,-2.47,-3.18,0.56,0.16,-0.06
7.34,-2.39,-4.55,0.56,0.64,-0.06
8.63,-2.98,-5.06,0.76,1.14,-0.01
8.24,-2.82,-4.67,0.75,1.35,-0.34
8.79,-2.35,-3.73,0.56,1.76,-0.44
11.38,-2.75,-1.84,0.51,2.16,-0.25
13.14,-2.67,0.51,0.52,2.23,-0.30
12.04,-1.18,1.92,0.70,1.74,-0.22
11.34,-1.96,1.61,0.79,1.47,0.06
8.28,-0.31,2.47,1.06,1.19,-0.07
6.28,0.35,2.79,0.73,0.48,0.24
7.02,-2.04,2.12,0.91,0.22,0.60
6.67,-0.04,3.92,1.06,-0.01,0.67
8.24,-1.33,4.20,0.44,-0.31,0.96
9.30,-3.45,3.65,0.43,-0.31,0.79
9.30,-2.82,3.45,0.59,-0.20,0.68
9.26,-2.51,2.90,0.35,-0.18,0.41
9.30,-3.77,2.51,0.16,-0.21,0.26
9.18,-3.96,2.20,0.23,-0.21,0.14
9.06,-3.45,1.65,0.23,-0.26,0.03
8.87,-3.45,1.53,0.16,-0.12,0.09
8.71,-3.14,1.10,0.07,-0.08,0.13
8.90,-3.57,0.67,-0.05,-0.04,0.20
9.02,-4.20,1.02,0.03,-0.06,0.15
9.45,-3.80,0.98,0.01,-0.07,0.11
9.65,-4.47,1.02,-0.01,-0.08,0.08
9.77,-4.04,0.82,0.15,-0.06,-0.01
9.61,-3.33,1.06,0.18,-0.04,-0.04
9.18,-3.49,1.14,0.11,-0.09,-0.02
9.14,-3.88,0.86,0.23,-0.16,0.01
8.67,-4.31,0.71,0.37,-0.20,-0.06
8.63,-4.31,0.63,0.68,-0.38,-0.26
8.98,-4.28,1.10,0.98,-0.78,-0.46
8.83,-4.31,0.71,1.33,-1.02,-0.48
9.53,-4.90,-0.35,2.10,-1.32,-0.56
10.04,-4.39,-1.06,3.14,-1.45,-0.55
9.96,-1.73,-0.90,3.92,-1.28,-0.22
9.65,1.88,-0.55,4.32,-1.04,0.74
9.38,6.28,1.61,2.13,0.00,1.55
8.12,5.37,2.12,-2.39,1.02,1.98
6.90,-2.75,2.43,-4.07,1.19,2.24
7.57,-8.28,1.45,-4.15,1.05,1.69
8.32,-7.88,1.14,-3.22,0.59,0.88
8.43,-5.69,-0.51,-2.04,0.24,0.56
8.71,-5.33,-1.37,-1.72,-0.03,0.33
8.94,-8.55,-3.69,-1.60,-0.20,0.00
8.98,-8.32,-3.88,-0.49,-0.52,-0.46
7.73,-6.43,-4.51,0.80,-0.97,-0.17
8.04,-5.30,-5.06,1.94,-1.37,0.30
6.83,-7.57,-2.59,3.48,-2.36,2.10
5.61,-9.14,-3.57,3.24,-3.11,1.85
6.63,-4.82,-5.37,0.84,-2.18,0.49
7.65,-4.16,-5.33,-0.50,-1.43,0.71
6.04,-5.53,-4.12,-0.77,-0.39,1.34
4.79,-7.49,-2.12,-0.39,0.50,1.60
4.82,-9.14,-2.04,-0.38,0.66,1.21
3.53,-10.12,-1.69,0.13,0.73,0.52
4.08,-10.04,-1.37,0.57,0.31,0.12
4.12,-8.32,-0.63,0.85,-0.14,-0.12
5.02,-8.67,-2.16,0.55,-0.82,-0.23
5.77,-9.26,-2.63,0.60,-1.14,-0.40
7.02,-8.79,-2.75,0.89,-1.07,-0.50
7.92,-7.02,-1.80,0.96,-0.82,-0.46
8.47,-6.43,-1.69,0.41,-0.51,-0.29
8.75,-5.92,-1.41,0.01,-0.25,-0.34
8.36,-4.63,-1.33,-0.70,0.18,-0.36
8.63,-5.26,-1.88,-1.61,0.56,-0.15
8.71,-5.10,-2.39,-1.87,0.92,-0.02
9.10,-4.63,-2.47,-2.33,1.41,0.22
9.06,-3.77,-5.26,-3.18,1.66,0.21
7.69,-7.77,-4.47,-3.48,1.90,-0.10
7.73,-9.34,-3.22,-3.34,1.89,-0.92
7.10,-6.79,-3.14,-2.47,0.93,-1.40
6.86,-3.30,-4.79,-2.04,0.13,-1.34
9.77,-1.57,-7.22,-1.25,0.09,-0.39
10.71,-4.16,-8.08,-1.56,0.62,-0.40
9.02,-3.80,-7.81,-1.23,0.85,-0.47
9.10,-2.51,-6.98,-1.22,1.14,-0.56
6.98,-4.08,-5.33,-1.49,1.33,-0.65
3.57,-1.73,-3.37,-1.32,1.05,-0.56
2.86,-0.78,-4.08,-1.68,0.04,0.03
7.26,-5.22,-4.24,-0.70,-0.24,0.65
8.75,-2.28,-4.51,-0.19,0.07,0.35
7.92,-2.00,-5.06,-0.79,0.36,0.24
7.81,-3.45,-5.88,-1.32,0.71,0.14
7.26,-3.53,-5.30,-1.05,0.75,0.14
7.45,-3.26,-5.18,-0.64,0.47,0.19
8.79,-3.92,-5.33,-0.41,0.20,-0.03
9.10,-4.39,-5.49,-0.12,0.21,-0.28
8.12,-1.45,-4.90,0.22,0.27,-0.57
7.14,-1.77,-4.39,-0.07,0.10,-0.40
7.37,-3.41,-4.98,0.54,0.03,-0.18
8.28,-2.20,-6.00,0.87,0.20,-0.16
8.36,-2.00,-5.18,0.31,0.44,-0.16
9.57,-3.37,-4.71,0.35,0.36,0.04
8.63,-2.55,-3.69,0.65,0.23,0.07
8.59,-2.35,-3.57,0.61,-0.23,0.12
9.26,-2.43,-3.73,0.67,-0.13,0.26
8.39,-2.00,-3.49,0.71,-0.13,0.16
8.90,-2.67,-3.57,0.63,-0.28,0.30
8.12,-3.10,-3.53,0.58,-0.28,0.26
8.28,-3.33,-3.41,0.49,-0.28,0.23
8.51,-3.18,-3.06,0.41,-0.22,0.21
8.32,-3.30,-3.37,0.24,-0.20,0.28
8.47,-3.61,-3.06,0.18,-0.17,0.29
8.71,-2.35,-2.67,0.06,-0.06,0.19
8.55,-2.71,-3.06,-0.24,0.08,0.20
8.43,-3.33,-4.12,-0.39,0.14,0.18
8.12,-4.12,-4.20,-0.41,0.25,0.22
8.32,-3.53,-4.67,-0.37,0.24,0.20
8.20,-4.16,-5.10,-0.38,0.21,0.28
8.00,-3.73,-4.98,-0.27,0.16,0.23
7.77,-3.30,-4.94,-0.05,0.05,0.15
7.53,-3.10,-4.90,0.11,-0.03,0.13
8.08,-2.86,-4.35,0.33,-0.08,0.16
8.20,-4.04,-4.20,0.35,-0.10,-0.04
7.88,-3.77,-4.28,0.44,-0.06,-0.19
7.88,-2.67,-4.04,0.65,-0.07,-0.25
8.55,-1.80,-2.79,0.42,0.01,-0.17
8.36,-3.14,-2.28,-0.40,0.16,-0.33
8.98,-4.24,-3.49,-0.78,0.28,-0.51
9.06,-4.16,-4.12,-0.77,0.40,-0.46
8.67,-4.24,-4.71,-0.73,0.40,-0.38
8.04,-4.94,-4.67,-0.70,0.49,-0.43
8.20,-4.16,-4.71,-0.42,0.52,-0.59
8.75,-2.24,-4.79,-0.15,0.49,-0.53
8.71,-2.35,-4.82,-0.11,0.42,-0.30
8.79,-3.26,-4.75,-0.13,0.43,-0.10
9.06,-3.22,-4.67,0.06,0.42,-0.19
9.06,-2.12,-3.57,0.19,0.32,-0.20
9.26,-1.77,-3.10,0.19,0.08,-0.15
9.77,-2.16,-2.90,0.00,-0.01,-0.36
8.90,-1.57,-2.71,-0.10,-0.11,-0.47
8.08,-2.20,-3.45,-0.24,-0.20,-0.38
8.79,-2.75,-3.77,0.19,-0.19,-0.27
8.59,-1.84,-4.00,0.22,-0.19,-0.22
8.67,-1.53,-4.12,0.08,-0.16,-0.20
8.24,-2.04,-4.04,0.09,-0.24,-0.09
8.71,-1.69,-3.49,0.21,-0.22,-0.07
8.63,-1.57,-3.53,0.24,-0.17,-0.02
8.51,-2.47,-4.04,0.16,-0.13,0.06
8.83,-2.51,-4.31,0.24,-0.11,0.11
8.28,-1.77,-4.08,0.31,-0.12,0.14
8.36,-2.20,-3.84,0.29,-0.09,0.23
8.39,-2.12,-3.22,0.29,-0.04,0.28
8.12,-2.35,-3.30,0.28,0.14,0.49
7.92,-1.96,-3.30,0.44,0.18,0.56
7.88,-1.57,-3.18,0.43,0.21,0.64
8.59,-1.96,-3.73,0.18,0.17,0.68
8.67,-2.82,-3.18,0.09,0.18,0.63
8.79,-2.51,-2.90,-0.06,0.09,0.31
9.45,-3.30,-4.35,-0.20,0.06,0.10
8.98,-2.67,-4.67,-0.34,0.20,-0.03
8.75,-2.94,-4.86,-0.46,0.19,-0.03
8.67,-5.10,-5.53,-0.69,0.15,-0.13
8.08,-4.16,-5.14,-0.55,0.18,-0.39
8.47,-4.08,-5.26,-0.55,0.14,-0.46
8.08,-4.24,-4.55,-0.09,0.12,-0.36
8.36,-2.08,-3.77,0.13,0.01,-0.10
9.06,-3.61,-4.35,0.07,0.01,0.05
8.55,-3.57,-4.20,0.63,0.01,-0.06
8.00,-2.43,-3.80,0.88,-0.07,0.21
8.12,-3.14,-3.92,0.59,-0.04,0.31
8.87,-3.02,-3.41,0.25,-0.04,0.38
8.94,-3.61,-4.28,-0.24,-0.12,0.31
7.92,-3.45,-4.59,0.03,-0.13,0.27
7.85,-3.37,-4.63,0.16,-0.16,0.29
7.77,-4.16,-5.22,0.15,-0.23,0.27
8.20,-3.57,-4.67,0.29,-0.15,0.08
8.04,-3.61,-4.24,0.33,-0.10,0.02
8.75,-3.53,-4.31,0.32,-0.10,-0.05
8.24,-3.45,-4.35,0.32,-0.02,-0.18
8.36,-3.33,-3.80,0.36,0.01,-0.24
8.87,-3.37,-3.88,0.20,0.09,-0.32
9.45,-2.98,-3.73,-0.11,0.29,-0.41
9.38,-3.22,-3.26,-0.33,0.41,-0.50
9.18,-2.98,-3.22,-0.46,0.54,-0.59
7.92,-2.47,-2.98,-0.58,0.46,-0.60
8.71,-2.79,-3.37,-0.63,0.43,-0.57
9.45,-2.59,-3.53,-0.63,0.39,-0.70
8.94,-2.94,-2.98,-0.59,0.34,-0.60
8.51,-2.39,-3.80,-0.39,0.33,-0.62
7.61,-2.24,-3.92,-0.28,0.37,-0.42
8.28,-2.00,-3.92,-0.15,0.32,-0.17
8.75,-2.08,-4.04,-0.19,0.28,-0.03
9.10,-2.31,-4.31,-0.18,0.24,0.09
8.79,-2.47,-4.79,0.01,0.21,0.09
8.24,-2.75,-5.10,0.22,0.08,0.22
7.88,-2.24,-4.86,0.54,0.01,0.36
7.14,-2.20,-4.98,0.55,-0.09,0.57
7.14,-2.94,-4.90,0.88,-0.14,0.75
8.87,-2.28,-3.45,1.19,-0.25,0.83
8.98,-2.51,-2.08,0.79,-0.23,0.54
8.32,-2.59,-2.08,0.35,-0.26,0.35
8.00,-3.92,-2.20,0.26,-0.22,0.39
8.94,-2.59,-2.24,0.28,-0.05,0.27
12.32,-1.22,-2.16,-0.13,0.09,0.26
9.38,-3.77,-2.86,-0.38,0.07,0.31
9.65,-1.80,-2.90,-0.16,0.10,0.22
9.73,-2.20,-2.94,-0.76,0.25,0.22
9.18,-4.00,-2.82,-0.99,0.23,0.05
8.43,-3.80,-3.69,-0.96,0.03,-0.17
8.71,-2.31,-4.55,-0.81,0.01,-0.18
8.16,-3.45,-4.63,-0.88,0.14,-0.08
7.81,-4.04,-3.65,-0.79,0.03,-0.32
8.63,-2.86,-4.47,-0.76,-0.17,-0.38
8.59,-2.59,-5.26,-0.65,-0.04,-0.28
7.85,-3.06,-5.41,-0.67,0.12,-0.21
7.61,-3.37,-5.02,-0.46,0.03,-0.14
8.94,-2.75,-5.26,0.04,-0.00,0.07
8.08,-2.16,-5.26,0.16,0.10,0.06
8.20,-2.55,-5.37,-0.11,0.19,0.23
8.75,-3.65,-4.75,-0.15,0.26,0.26
8.51,-3.26,-4.39,-0.12,0.19,0.07
8.63,-2.67,-4.35,-0.06,0.21,-0.02
8.32,-2.82,-3.45,-0.05,0.12,0.02
9.02,-3.22,-3.88,0.01,0.06,-0.01
8.51,-2.94,-3.77,0.09,0.27,-0.21
8.32,-1.88,-3.45,-0.05,0.28,-0.23
8.36,-3.73,-4.12,-0.01,0.25,-0.13
8.24,-2.55,-4.63,0.00,0.54,-0.39
6.90,-2.63,-4.55,-0.41,0.81,-0.51
7.96,-0.51,-4.00,-0.09,0.66,-0.29
8.59,-1.69,-3.73,0.18,0.46,0.48
9.49,-3.10,-4.28,0.11,0.37,0.10
10.40,-2.08,-3.57,0.17,0.19,-0.07
10.63,-2.47,-3.73,0.49,-0.02,0.11
7.61,-3.45,-3.33,0.61,0.19,-0.07
6.16,-3.26,-2.94,0.53,0.01,-0.11
7.92,-2.63,-3.10,0.46,-0.38,-0.16
6.08,-3.80,-3.14,0.86,-0.52,-0.02
7.61,-2.90,-3.02,1.60,-0.98,0.20
9.34,-2.82,-2.59,1.67,-1.09,0.31
11.81,-0.98,-2.71,1.00,-0.99,-0.00
10.83,-1.10,-3.84,0.29,-0.52,0.15
10.32,-3.02,-4.24,0.16,-0.40,0.19
10.16,-2.12,-4.24,0.45,-0.17,0.22
9.96,-1.33,-4.63,0.16,0.07,0.32
10.08,-1.80,-4.59,-0.64,0.47,0.39
9.49,-3.30,-4.35,-1.02,0.71,0.31
9.18,-3.61,-4.28,-0.98,0.73,0.17
9.57,-3.61,-4.71,-0.87,0.71,0.08
8.98,-3.02,-4.90,-0.58,0.96,0.07
5.49,-4.59,-2.43,-0.55,0.78,0.12
8.24,-4.28,-3.14,-0.57,-0.03,-0.24
8.71,-1.96,-3.88,-0.30,0.08,-0.40
6.32,-2.51,-3.69,-0.53,0.23,-0.16
8.08,-3.69,-3.77,-0.51,0.14,-0.13
9.18,-2.63,-4.08,-0.27,0.07,-0.17
8.79,-2.82,-4.24,-0.36,-0.00,-0.24
8.55,-3.57,-4.59,-0.33,0.08,-0.09
8.32,-3.30,-4.00,-0.42,0.41,-0.18
7.96,-3.65,-3.73,-0.37,0.22,-0.45
7.96,-1.80,-3.77,-0.02,0.12,-0.37
7.49,-1.84,-3.65,-0.03,0.17,-0.05
8.39,-2.94,-3.33,-0.20,0.10,0.12
8.04,-2.04,-3.33,-0.06,0.01,0.05
8.94,-1.22,-3.14,-0.13,-0.10,0.14
11.02,-1.92,-3.88,-0.29,-0.07,0.20
10.12,-2.35,-3.80,-0.02,0.04,0.17
8.36,-3.02,-3.96,0.08,-0.00,0.13
7.26,-3.84,-4.31,0.27,0.06,0.05
7.65,-2.75,-4.16,0.47,0.12,0.02
8.87,-2.16,-4.20,0.44,0.11,0.15
9.77,-2.55,-3.92,0.46,0.08,0.30
8.36,-3.10,-3.65,0.37,0.02,0.21
7.81,-2.86,-3.92,0.22,0.00,0.13
8.87,-3.69,-3.73,0.15,-0.01,0.33
8.47,-3.33,-3.77,0.20,-0.10,0.41
9.10,-4.67,-4.08,0.07,-0.17,0.65
9.69,-3.53,-4.12,0.01,-0.13,0.56
8.47,-2.28,-3.45,-0.00,-0.05,0.43
8.24,-2.94,-3.06,-0.12,-0.04,0.49
8.04,-3.18,-3.69,-0.32,-0.07,0.28
7.61,-3.49,-3.22,-0.27,-0.06,0.20
8.16,-3.57,-3.53,-0.23,-0.08,-0.05
8.43,-2.47,-3.65,-0.10,-0.07,-0.34
8.59,-2.94,-4.63,-0.20,0.14,-0.64
7.73,-3.92,-4.43,0.04,0.31,-0.74
10.16,-3.80,-3.45,0.07,0.45,-0.49
10.20,-2.90,-4.47,-0.97,0.68,-0.96
8.00,-2.43,-4.90,-1.14,0.71,-0.93
6.83,-2.39,-4.47,-0.70,0.45,-0.65
7.65,-2.31,-3.73,0.11,0.06,0.02
8.67,-2.51,-3.06,0.04,-0.03,0.19
9.65,-3.53,-3.61,-0.40,-0.15,-0.03
8.98,-2.43,-3.41,0.10,-0.02,-0.07
8.83,-1.88,-2.82,0.15,0.02,0.02
8.36,-2.51,-3.06,-0.00,0.03,0.02
9.22,-3.10,-4.28,0.45,0.09,0.06
8.43,-1.96,-4.39,0.84,0.19,0.15
7.92,-2.51,-4.04,0.87,0.11,0.31
9.26,-2.35,-3.33,0.26,0.10,0.29
10.04,-3.73,-3.80,-0.10,0.21,0.21
8.36,-2.82,-4.12,0.08,0.18,0.12
8.39,-2.39,-3.92,0.14,0.13,0.16
9.06,-2.90,-4.28,0.10,0.08,0.09
8.28,-2.82,-4.35,0.19,0.08,0.04
8.16,-2.43,-3.84,0.31,-0.00,-0.01
8.98,-2.71,-3.06,0.34,0.03,-0.05
8.67,-2.59,-2.47,0.26,0.02,-0.12
9.26,-2.59,-2.28,0.12,0.11,-0.10
9.26,-2.28,-2.31,-0.13,0.23,-0.18
8.47,-3.26,-3.22,-0.23,0.31,-0.18
9.10,-3.41,-3.80,-0.11,0.32,-0.16
9.18,-3.22,-3.80,-0.04,0.29,-0.17
8.55,-3.33,-3.88,-0.06,0.24,-0.09
9.06,-3.22,-3.77,0.09,0.20,-0.06
8.59,-2.47,-3.84,0.12,0.12,-0.06
8.75,-2.86,-3.77,-0.00,0.01,-0.12
8.63,-3.22,-3.53,-0.02,-0.08,-0.17
8.59,-2.24,-2.47,0.00,-0.07,-0.11
9.34,-1.53,-2.63,-0.22,-0.04,-0.08
8.83,-1.88,-2.00,-0.31,0.08,-0.11
9.30,-2.31,-2.20,-0.41,0.04,-0.22
9.96,-2.51,-2.79,-0.47,0.10,-0.33
9.14,-2.43,-3.45,-0.69,0.24,-0.35
8.36,-2.79,-4.16,-0.63,0.30,-0.33
8.28,-2.51,-3.96,-0.28,0.33,-0.23
9.02,-2.00,-3.73,0.01,0.26,-0.16
9.06,-1.69,-2.82,0.19,0.21,-0.14
9.92,-2.51,-3.06,0.24,0.14,-0.06
8.94,-1.96,-2.67,0.20,0.16,-0.16
8.75,-1.88,-2.94,0.19,0.15,0.02
8.94,-1.77,-3.02,0.18,0.12,-0.04
9.30,-2.16,-3.30,0.20,0.10,-0.06
9.41,-1.88,-3.49,0.14,0.09,-0.10
8.94,-1.92,-3.26,0.11,0.07,-0.11
9.18,-1.57,-3.37,0.10,0.03,-0.13
9.41,-1.53,-3.65,0.01,0.01,-0.22
8.28,-1.84,-3.26,0.01,-0.10,-0.34
9.65,-1.73,-2.90,0.09,-0.15,-0.22
9.49,-1.61,-4.16,-0.06,-0.18,-0.24
8.79,-1.57,-3.88,0.03,-0.22,-0.17
9.02,-0.82,-2.86,0.03,-0.25,-0.15
9.49,-0.82,-2.55,-0.18,-0.17,-0.23
8.83,-1.45,-2.51,-0.13,-0.09,-0.22
9.38,-0.98,-3.45,-0.01,0.02,-0.29
8.83,-1.37,-3.10,-0.11,0.07,-0.27
10.32,-0.98,-3.69,-0.12,0.14,-0.27
9.96,-1.14,-3.92,-0.14,0.16,-0.26
10.16,-1.26,-4.20,-0.10,0.16,-0.29
9.92,-0.31,-3.84,0.10,0.20,-0.34
9.96,-0.94,-3.77,0.04,0.24,-0.37
9.81,-0.82,-4.31,0.19,0.24,-0.39
9.49,-1.61,-5.14,0.37,0.21,-0.43
9.69,0.00,-2.20,0.56,0.15,-0.33
8.87,1.22,-2.47,0.29,0.17,-0.32
9.02,-0.47,-2.86,-0.12,0.23,-0.35
8.47,-0.39,-3.80,-0.01,0.21,-0.41
8.75,-0.90,-3.61,0.08,0.18,-0.37
8.67,0.04,-2.82,0.21,0.14,-0.34
8.98,-0.31,-2.59,0.12,0.21,-0.27
8.39,0.39,-3.14,0.12,0.25,-0.29
9.18,-0.59,-2.67,0.04,0.26,-0.22
8.24,0.47,-3.02,0.07,0.31,-0.28
8.94,-1.02,-2.24,0.02,0.31,-0.23
8.90,0.43,-3.02,0.17,0.39,-0.23
8.98,-1.33,-3.18,0.07,0.35,-0.20
9.30,-0.16,-3.10,0.38,0.31,-0.18
9.92,-0.82,-2.63,0.63,0.24,-0.10
9.49,-1.18,-3.69,0.66,0.18,-0.03
9.77,2.12,-1.88,0.86,0.09,-0.10
9.38,0.12,-0.82,0.39,0.04,-0.19
10.16,1.57,-0.55,0.26,0.05,-0.24
8.75,1.18,-1.73,0.07,0.06,-0.37
10.20,-1.84,-2.59,-0.08,0.01,-0.27
8.79,1.77,-2.71,0.28,-0.00,-0.27
9.53,0.12,-1.84,0.21,-0.03,-0.24
9.02,1.41,-1.69,0.16,0.01,-0.23
9.41,0.71,-1.61,0.05,0.07,-0.21
9.14,0.43,-2.28,-0.20,0.17,-0.20
9.02,0.12,-2.75,-0.02,0.18,-0.15
9.02,0.12,-2.98,-0.04,0.15,-0.08
9.06,0.24,-2.79,0.32,0.14,0.05
9.18,1.73,-1.69,0.32,0.14,0.02
9.45,0.24,-2.43,0.01,0.23,0.14
8.87,2.24,-2.55,0.02,0.25,0.15
9.45,-0.47,-2.63,-0.19,0.24,0.21
8.55,2.28,-3.33,-0.02,0.24,0.13
8.90,-0.82,-2.94,-0.06,0.12,0.22
10.20,0.27,-1.65,0.13,0.12,0.27
8.75,1.26,-1.92,-0.23,0.13,0.26
9.26,-0.12,-2.63,-0.33,0.09,0.27
8.43,1.10,-2.71,-0.12,0.04,0.07
9.30,-2.16,-1.61,-0.33,-0.06,0.15
9.30,0.78,-2.16,-0.00,0.04,0.18
10.00,0.63,-2.08,-0.10,0.06,0.18
8.55,0.39,-1.96,-0.25,0.08,0.06
8.98,-1.92,-2.04,-0.10,0.11,0.14
9.92,1.02,-1.53,-0.08,0.15,0.18
8.20,-1.80,-2.47,-0.09,0.17,0.22
10.08,0.94,-2.20,0.02,0.24,0.34
7.06,-0.27,-1.65,0.07,0.20,0.29
9.38,-2.16,-2.71,-0.01,0.22,0.52
7.18,-0.08,-1.49,0.10,0.16,0.38
10.04,-0.86,-3.33,-0.01,0.13,0.54
7.57,-0.35,-1.33,0.12,0.13,0.29
9.45,-0.63,-2.51,0.09,0.17,0.46
8.12,0.12,-1.73,0.05,0.18,0.20
9.45,-1.49,-2.63,-0.12,0.14,0.45
8.98,-1.26,-2.82,0.09,0.25,0.16
8.55,-0.59,-2.39,0.09,0.11,0.40
10.40,-0.27,-2.79,0.12,0.21,0.24
8.00,0.24,-0.67,0.03,0.08,0.17
10.55,-1.77,-1.88,0.13,0.20,0.13
8.63,-0.47,-1.53,0.19,0.09,0.01
10.67,-2.00,-2.24,0.09,0.16,0.17
8.28,-0.12,-1.06,0.32,0.10,-0.10
10.08,-1.29,-0.39,0.14,0.16,0.09
8.71,-0.78,-0.39,0.15,0.23,-0.15
9.89,-1.45,-1.69,0.11,0.42,-0.10
8.67,-1.61,-1.18,0.27,0.44,-0.33
9.49,-0.63,-1.77,0.22,0.26,-0.31
9.57,-0.55,0.78,0.21,0.37,-0.47
10.08,-0.78,-1.80,0.17,0.34,-0.53
9.22,-0.31,-0.75,0.47,0.45,-0.70
10.98,-1.14,-2.55,0.26,0.24,-0.72
10.28,-0.04,-2.00,0.46,0.23,-0.78
11.02,-0.51,-1.61,0.33,0.06,-0.78
11.34,-0.47,-1.02,0.43,0.06,-0.76
11.65,-0.27,-1.73,0.33,-0.01,-0.70
11.61,-0.31,-1.37,0.39,-0.03,-0.51
11.89,1.10,0.35,0.20,-0.09,-0.35
12.87,-0.90,-1.26,0.12,-0.05,-0.21
12.28,1.26,-0.27,0.24,0.03,-0.12
12.59,-0.08,-0.94,-0.05,-0.02,0.07
12.16,0.55,-0.24,0.01,0.02,0.17
11.85,-0.31,-0.98,-0.15,0.07,0.29
10.98,0.75,-0.04,-0.05,0.17,0.40
10.98,0.24,-0.90,-0.37,0.19,0.50
10.32,0.00,-0.90,-0.37,0.20,0.55
9.96,0.31,-1.57,-0.44,0.17,0.58
9.92,-1.29,-1.14,-0.35,0.09,0.49
9.77,-0.20,-1.29,-0.28,0.08,0.50
9.53,-0.47,-0.75,-0.21,0.05,0.41
9.77,-0.47,-1.77,-0.29,0.04,0.33
9.38,-0.31,-1.02,-0.22,0.01,0.28
9.89,-0.90,-1.26,-0.29,0.08,0.27
9.45,-0.51,-1.37,-0.16,0.08,0.12
9.69,-0.82,-0.94,-0.19,0.10,0.16
9.69,-0.59,-1.33,-0.30,0.08,0.13
9.85,-1.37,-1.69,-0.14,0.04,0.12
9.96,-0.04,-0.63,-0.18,-0.00,0.15
9.89,-1.45,-2.28,-0.27,-0.01,0.12
9.69,-0.78,-0.75,0.09,-0.07,0.10
10.00,0.16,-0.75,-0.01,-0.11,0.10
9.85,-1.26,-1.80,-0.15,-0.05,0.06
9.89,-0.86,-1.88,0.15,-0.11,-0.10
9.73,0.00,-0.67,0.20,-0.11,-0.17
9.53,-0.75,-1.61,-0.04,-0.12,-0.19
10.00,-0.82,-2.35,0.22,-0.09,-0.34
9.61,-0.08,-0.78,0.32,-0.13,-0.42
9.41,0.24,-0.86,0.00,-0.13,-0.46
9.96,-0.67,-2.39,0.23,-0.06,-0.59
9.38,0.75,-0.51,0.26,-0.12,-0.64
9.26,0.51,-0.98,-0.07,-0.12,-0.61
9.89,-0.78,-2.43,0.10,-0.08,-0.76
9.02,1.57,-2.35,0.20,-0.14,-0.72
9.22,0.08,-1.65,0.19,-0.19,-0.76
9.06,1.69,-1.61,0.26,-0.14,-0.91
10.16,1.49,-1.45,0.21,-0.09,-0.87
8.24,1.14,-0.82,0.03,0.01,-0.86
8.59,1.18,-1.57,-0.17,0.11,-0.86
7.37,0.12,-3.18,-0.17,0.12,-0.72
7.88,1.22,-2.12,0.00,0.07,-0.69
7.81,0.39,-1.26,-0.29,-0.00,-0.55
7.41,0.24,-2.51,-0.37,0.05,-0.31
8.28,-1.33,-1.96,-0.16,-0.10,-0.27
8.32,0.67,-1.22,-0.15,-0.01,0.12
7.14,2.39,-1.49,-0.22,-0.04,0.02
10.83,-4.04,-0.63,-0.38,-0.10,0.28
7.88,8.90,-5.02,0.18,0.26,0.19
11.22,0.63,-1.26,-0.48,-0.32,-0.11
11.30,0.24,-1.65,-0.38,-0.03,0.28
7.81,5.26,-2.67,0.56,0.01,0.06
11.38,0.20,-2.24,-0.36,-0.12,0.09
8.39,2.86,-0.78,0.27,0.00,0.03
9.49,0.63,-1.96,-0.19,-0.01,0.08
8.04,2.59,-3.02,-0.04,0.06,0.03
9.57,0.63,-2.12,-0.03,-0.00,0.06
9.85,0.59,-2.20,-0.02,0.04,0.19
8.75,3.30,-2.43,-0.05,0.05,0.11
9.34,0.27,-2.63,-0.23,0.02,0.16
8.67,3.73,-2.35,-0.00,0.09,0.14
9.10,0.12,-2.39,-0.31,0.06,0.16
9.38,1.53,-2.28,-0.01,0.12,0.23
8.47,1.37,-2.16,-0.17,0.14,0.21
10.59,0.67,-2.20,-0.38,0.17,0.41
7.26,1.73,-2.24,-0.17,0.19,0.28
9.06,-2.75,-1.29,-0.61,0.09,0.58
6.98,2.20,-2.00,-0.22,0.33,0.47
6.24,-2.75,-1.80,-0.60,0.22,0.65
11.57,3.45,-3.49,-0.45,0.32,0.81
3.92,-0.51,-2.51,0.16,0.26,0.31
9.81,-3.14,-2.28,-0.04,0.26,0.98
6.51,1.18,-3.18,0.32,0.37,0.40
9.38,-0.71,-1.41,0.20,0.28,0.76
7.85,0.00,-2.24,0.10,0.39,0.44
9.18,-1.10,-1.33,0.25,0.28,0.60
9.85,0.98,-1.57,0.25,0.45,0.24
7.22,0.04,-0.08,0.14,0.25,0.49
11.34,0.98,-1.14,0.30,0.49,0.32
7.18,0.78,-0.63,0.17,0.21,0.03
11.89,-1.96,-1.33,0.39,0.41,0.20
8.24,1.33,-0.59,0.29,0.25,-0.16
10.16,-2.00,-0.51,0.37,0.21,0.23
10.90,0.71,0.08,0.44,0.28,-0.27
8.36,-0.04,0.27,0.28,0.12,-0.05
10.55,0.35,-1.29,0.38,0.23,-0.26
9.22,0.75,1.45,0.19,0.07,-0.27
11.77,-1.45,-1.73,-0.01,0.16,-0.25
8.90,1.49,0.00,0.55,0.20,-0.52
11.57,-0.20,-1.33,-0.07,0.14,-0.46
9.57,-0.16,-2.28,0.26,0.14,-0.59
8.98,1.02,1.37,0.40,0.03,-0.63
10.75,-1.29,-1.88,0.07,0.03,-0.67
8.94,1.61,-0.78,0.65,0.09,-0.83
10.63,-0.12,-1.18,0.28,-0.05,-0.72
10.20,0.75,-1.84,0.50,-0.10,-0.76
10.98,1.29,-0.82,0.43,-0.15,-0.70
12.40,0.27,-2.98,0.44,-0.24,-0.66
12.40,2.51,-0.43,0.49,-0.23,-0.55
13.02,1.02,-0.90,0.33,-0.16,-0.33
13.38,2.35,-0.20,0.38,-0.08,-0.19
13.85,1.33,-0.98,0.05,-0.07,0.11
12.94,1.57,0.35,-0.04,0.07,0.42
11.61,1.65,-1.22,-0.17,0.17,0.52
11.41,1.73,-0.90,-0.12,0.18,0.67
10.36,1.49,-0.98,-0.33,0.22,0.60
9.73,1.22,-0.90,-0.33,0.23,0.65
9.77,1.37,-0.43,-0.47,0.27,0.67
9.06,0.63,-1.49,-0.60,0.26,0.58
9.53,0.08,-1.29,-0.40,0.30,0.58
9.22,0.67,-1.18,-0.37,0.25,0.47
9.81,-0.47,-1.41,-0.48,0.18,0.49
9.45,-0.39,-0.94,-0.37,0.15,0.43
9.45,0.04,-1.02,-0.23,0.13,0.38
9.73,-0.35,-1.45,-0.12,0.09,0.29
9.45,-0.16,-0.51,-0.14,0.02,0.31
9.77,0.08,-1.02,-0.12,0.03,0.21
10.00,-0.27,-0.71,-0.12,0.01,0.24
9.69,-0.43,-1.77,-0.12,-0.03,0.12
9.92,-0.20,-0.04,0.02,-0.07,0.09
9.92,0.04,0.00,-0.16,-0.03,0.06
9.81,-0.35,-1.33,-0.19,0.01,-0.02
9.85,-0.43,-0.31,-0.01,-0.00,-0.14
9.81,-0.27,-1.73,-0.08,-0.02,-0.20
9.69,-0.20,-0.43,0.03,-0.04,-0.24
9.77,0.04,-0.94,-0.07,-0.04,-0.32
9.73,-0.63,-1.61,-0.12,-0.06,-0.34
9.73,-0.16,-1.41,0.08,-0.11,-0.46
9.65,0.71,-0.24,0.09,-0.13,-0.50
9.41,0.08,-1.53,-0.11,-0.14,-0.52
9.92,0.31,-0.86,0.02,-0.06,-0.64
9.89,1.37,-0.31,-0.17,-0.04,-0.70
9.65,0.82,-1.02,-0.24,0.07,-0.75
9.57,1.65,-0.67,-0.25,0.11,-0.77
9.14,1.37,-2.08,-0.24,0.12,-0.87
8.75,2.20,-0.90,-0.18,0.04,-0.85
9.30,1.84,-2.16,-0.10,0.05,-0.85
8.63,2.47,-2.43,0.24,0.03,-0.96
8.16,3.45,-1.49,0.24,-0.11,-1.11
8.08,0.39,-0.43,0.47,-0.13,-1.02
7.61,0.24,-0.98,0.57,-0.05,-0.83
8.04,-1.53,-0.59,0.14,-0.07,-0.44
6.94,1.02,-2.75,0.20,0.06,-0.13
6.67,1.73,-1.65,0.30,-0.15,-0.24
9.89,-1.80,0.39,0.10,-0.10,0.13
6.67,6.67,-2.71,-0.03,0.05,0.21
10.00,0.63,-2.00,-0.42,-0.13,0.05
8.63,2.86,-1.84,-0.12,0.00,0.21
9.65,3.37,-2.00,0.07,-0.04,0.12
10.40,2.16,-1.41,-0.17,-0.03,0.08
8.59,4.28,-1.84,0.02,0.02,0.08
9.73,2.16,-1.65,-0.15,-0.01,-0.02
9.26,2.31,-1.53,-0.12,-0.01,0.01
9.18,3.06,-1.84,0.22,0.04,0.05
9.38,1.57,-1.06,-0.04,-0.00,0.06
8.36,3.45,-1.88,-0.01,0.03,0.11
9.22,1.45,-1.14,-0.16,-0.02,0.03
8.67,1.14,-2.12,-0.18,0.03,0.17
