-4.67,6.32,7.53,0.13,0.39,-0.43
-2.12,6.28,5.65,-0.24,-0.17,-0.05
-3.33,4.24,6.98,-0.25,-0.40,-0.35
-2.82,4.51,6.35,0.13,-0.48,-0.51
-4.31,5.69,7.73,0.17,-0.74,-0.63
-3.18,5.77,7.57,0.10,-0.65,-0.43
-2.98,5.96,7.73,-0.13,-0.48,-0.42
-3.33,4.90,7.45,0.06,-0.22,-0.35
-2.08,5.45,7.57,0.11,-0.15,-0.27
-1.96,5.33,6.71,0.01,0.16,-0.30
-2.71,4.55,8.00,0.02,-0.03,0.12
-2.43,5.53,7.85,0.03,0.02,0.29
-2.35,5.06,7.73,-0.02,0.20,0.16
-2.63,4.75,7.37,-0.05,0.58,-0.15
-2.59,5.41,7.69,0.13,0.05,0.17
-3.14,5.22,8.00,0.02,-0.05,-0.02
-2.47,5.02,8.12,-0.09,0.04,-0.01
-3.26,4.82,7.26,0.05,0.01,0.09
-2.82,5.02,7.45,0.28,-0.03,0.36
-2.79,5.37,7.61,0.34,0.12,0.71
-2.63,6.39,7.57,0.45,0.24,0.32
-2.24,6.24,7.22,0.40,0.17,0.37
-2.51,6.39,7.14,0.23,-0.07,0.47
-2.00,6.90,6.75,0.38,-0.03,0.47
-1.77,6.59,6.94,0.32,0.02,0.39
-2.43,6.98,6.86,0.30,0.00,0.26
-2.08,6.75,6.63,-0.02,0.20,-0.18
-0.75,7.26,6.63,0.28,-0.35,0.19
-1.80,7.34,6.51,-0.18,0.03,-0.39
-1.57,7.41,7.30,-0.22,0.35,0.28
-1.18,6.94,6.47,-0.39,0.45,-0.54
-1.14,7.34,6.63,-0.46,0.36,-0.47
-1.41,7.06,6.83,0.41,-0.19,0.80
-1.33,7.92,7.77,0.76,0.05,1.28
-0.71,7.85,6.86,0.36,-0.08,0.56
-2.63,6.24,6.43,0.38,-0.17,0.42
-1.61,6.98,4.63,0.50,0.56,1.03
-0.16,8.79,6.67,0.16,0.22,1.72
3.02,6.71,5.33,0.50,-0.25,0.80
2.08,7.41,6.83,0.11,0.23,1.58
3.61,8.00,4.47,0.04,0.90,0.49
1.26,6.83,6.20,0.31,0.06,0.03
1.10,7.96,6.71,-0.10,0.11,0.14
1.14,7.10,6.24,-0.04,-0.28,0.37
1.88,8.04,4.75,0.04,0.08,-0.07
3.33,7.61,5.61,-0.03,0.07,-0.15
2.28,6.79,4.94,0.02,-0.27,0.25
2.00,8.75,5.45,0.28,0.83,-0.12
3.02,7.14,6.63,-0.14,0.09,0.01
0.94,6.86,5.37,0.46,0.27,0.75
3.10,7.37,4.94,-0.12,-0.43,0.35
2.12,7.53,5.18,-0.05,0.01,0.35
4.04,8.08,5.53,-0.13,-0.10,-0.15
-16.40,2.35,18.91,-0.52,4.52,0.40
3.45,18.08,4.24,1.47,0.09,-0.69
-4.31,18.95,0.82,1.47,0.74,-3.28
1.14,12.40,8.08,0.45,-0.63,-0.92
2.63,17.18,8.12,-0.70,-0.60,-0.73
2.16,12.91,8.32,-0.74,-0.46,0.65
0.98,7.45,6.39,-0.99,-0.04,0.39
1.02,8.04,5.81,-0.61,0.17,0.03
0.55,8.00,5.49,-0.53,0.18,-0.06
1.26,8.00,5.02,-0.49,-0.05,0.05
2.28,7.22,4.63,-0.46,-0.07,0.34
1.45,7.26,5.53,-0.45,0.03,0.20
1.77,8.55,6.47,-0.56,-0.22,0.36
2.24,6.71,6.28,-0.76,-0.46,0.76
3.92,7.37,6.83,-0.78,-0.14,0.29
2.82,6.83,8.04,-0.88,0.32,-0.09
2.59,6.83,8.47,-0.95,0.31,-0.41
3.41,5.49,7.77,-1.12,0.06,-0.39
3.10,4.98,8.12,-0.96,0.19,-0.67
2.35,5.53,8.32,-0.90,0.21,-0.89
1.92,4.43,7.37,-0.58,-0.25,-0.48
1.92,3.65,7.30,-0.34,-0.25,-0.42
1.26,2.16,6.75,0.23,-0.56,-0.27
2.12,4.00,5.69,0.61,-0.83,-0.07
2.20,3.26,5.84,1.00,-0.84,0.08
5.69,5.88,4.94,1.13,-1.12,0.08
5.92,5.84,3.65,0.87,-0.08,0.02
4.35,5.73,5.81,0.92,0.33,-0.22
6.67,7.57,3.92,1.05,0.09,-0.08
6.04,7.02,2.71,1.50,0.87,0.36
2.59,8.43,5.18,1.52,1.51,0.54
-0.90,8.87,9.65,1.61,1.03,1.20
0.63,8.75,5.57,2.30,-0.43,1.08
4.31,7.77,2.08,1.86,-0.61,0.50
5.65,10.40,2.08,0.94,1.38,0.18
2.86,7.57,-1.84,1.16,2.79,0.28
-0.75,9.10,5.73,2.26,2.29,0.51
2.79,7.92,5.45,1.78,1.75,0.58
6.00,9.69,-0.24,1.36,1.02,-0.27
3.96,7.92,3.65,1.62,2.17,0.17
0.59,7.37,3.45,1.83,1.37,1.43
1.57,8.71,0.51,1.42,1.31,0.12
4.04,9.34,3.92,1.26,2.02,-0.21
3.73,9.10,2.16,0.95,1.47,-0.43
3.73,13.85,-3.02,-0.33,-0.22,-1.17
-6.12,14.83,-1.73,-0.09,0.58,-1.43
6.39,19.30,0.20,0.37,2.03,0.02
1.61,9.41,-0.47,-0.51,0.97,1.73
1.41,7.26,3.26,-0.69,0.80,1.73
2.24,11.22,-0.27,0.45,-0.35,2.02
0.35,9.30,-0.16,0.77,1.14,1.73
2.86,9.53,-1.69,0.38,2.15,0.28
1.06,7.37,-3.69,0.34,4.64,-0.72
2.31,6.35,-1.57,1.31,4.99,-1.95
-7.96,15.06,14.24,2.95,2.10,-1.80
-2.39,-0.27,2.59,1.47,0.17,0.61
2.94,-1.26,-1.65,4.98,4.39,-0.38
-0.43,10.94,-4.12,5.00,4.97,-2.47
0.16,-1.18,-4.31,5.00,2.83,-1.89
8.39,16.75,-1.92,5.00,1.68,0.89
-1.49,15.93,-7.77,4.50,4.73,-1.98
1.18,6.59,-8.00,2.20,2.36,-2.33
1.37,5.14,-8.55,2.26,2.78,-1.58
-1.33,6.04,-10.04,3.55,2.49,-1.35
1.61,7.49,-10.94,2.75,1.24,-1.42
-1.06,5.33,-9.53,1.72,0.15,-0.52
4.71,6.43,-5.30,3.49,-1.76,-0.03
4.20,5.84,-13.22,1.90,2.53,-1.60
-1.22,3.84,-10.90,2.17,-1.28,-0.23
6.98,3.61,-8.51,3.68,-1.31,1.29
2.59,2.86,-9.77,2.84,2.84,-0.78
1.45,3.73,-10.67,1.19,2.00,0.70
2.94,3.57,-8.16,0.73,1.91,1.79
-3.61,7.85,-13.77,1.16,2.14,-2.85
3.18,-1.45,-12.32,-0.32,-1.17,-1.74
5.53,-8.08,-8.98,-0.75,-2.35,1.20
2.24,0.90,-8.39,0.33,0.02,0.26
-0.08,-1.49,-11.61,0.12,-0.76,-0.05
5.96,4.86,-4.98,0.97,0.01,-0.69
8.63,0.31,-10.90,-1.78,3.26,-0.64
19.22,-5.73,-12.12,-3.42,4.99,-0.50
20.01,4.94,-19.65,2.91,3.59,-3.63
-2.51,20.01,-18.87,-0.88,0.13,0.54
0.90,-5.73,-20.01,-3.53,0.67,-1.42
10.55,12.47,-9.34,0.70,-0.77,-2.86
7.53,3.22,-10.87,-2.56,-0.27,-1.80
5.49,-1.88,-10.12,-3.28,-1.17,-0.83
2.12,4.79,-6.24,-2.71,-2.03,-0.17
8.59,0.59,-6.08,-3.44,-2.07,-0.56
4.00,3.30,-4.24,-2.90,-1.57,-0.52
6.94,0.98,-9.69,-2.03,-2.44,-0.78
1.18,4.51,-6.83,1.41,-1.13,-0.47
-0.63,9.73,-4.79,1.03,-1.79,-0.35
-0.55,4.67,-6.51,1.02,-1.65,1.85
0.43,10.04,-4.90,1.45,-1.23,0.82
1.18,7.92,-5.49,0.99,-0.79,1.41
2.39,7.49,-7.34,2.43,-0.17,1.01
-0.59,11.30,-6.79,2.12,0.33,-0.04
3.33,6.04,-9.65,1.54,0.24,0.37
3.22,3.57,-8.71,1.81,1.21,-0.03
5.33,8.08,-8.28,2.37,1.32,-0.42
9.22,12.98,-14.55,1.43,1.73,-0.25
-17.02,1.84,1.88,1.92,0.17,1.18
2.20,1.77,-12.40,2.61,2.01,1.67
1.33,-4.04,-13.34,0.71,2.47,-0.25
8.47,-1.45,-10.71,0.80,1.45,-1.48
5.57,1.02,-10.59,1.13,1.36,-1.53
12.98,-2.47,-13.45,0.94,-0.47,-2.30
-9.85,15.06,-4.31,-0.98,-1.21,2.48
-5.41,-0.08,-2.90,1.43,-1.79,1.63
1.33,2.12,-13.85,-1.17,-0.11,-0.31
5.22,-0.98,-6.55,-0.73,-0.20,-1.88
1.61,5.18,-11.10,-0.98,0.08,-1.29
4.63,5.96,-6.28,-0.33,0.34,-1.04
5.81,3.33,-10.51,-2.99,1.15,-0.93
5.02,3.14,-5.61,-2.57,1.02,-0.08
3.18,5.77,-5.45,-3.07,0.86,0.11
4.55,4.39,-9.65,-3.60,0.60,0.45
4.28,2.20,-4.63,-2.26,0.73,0.67
5.02,6.63,-4.86,-2.21,0.47,0.72
6.75,7.57,-5.92,-1.53,0.66,0.59
7.81,7.18,-6.83,-1.16,1.26,1.32
5.61,2.51,-5.06,-1.28,1.03,1.32
4.82,7.37,-5.53,0.31,0.81,0.03
8.12,8.08,-3.88,0.41,0.67,-0.01
4.55,7.53,-3.49,-0.10,0.42,0.03
5.53,8.71,-1.80,-0.48,0.23,0.41
7.06,8.24,-2.79,-2.29,0.20,0.27
6.35,3.45,-6.32,-2.50,0.29,0.65
6.90,4.90,-7.92,0.72,-0.22,0.05
5.57,7.65,-2.98,1.91,0.55,0.45
6.32,10.08,-2.94,1.02,0.22,0.34
5.92,8.04,-3.84,-0.88,0.28,0.10
5.73,4.79,-0.08,-0.99,0.21,0.39
8.08,6.63,-4.55,-0.61,-0.04,-0.02
6.51,6.08,-1.14,0.28,0.36,0.59
7.10,7.69,-2.71,0.99,0.56,-0.24
9.89,12.94,-0.27,-0.14,0.85,-0.25
3.10,12.91,-2.59,-2.10,0.66,-1.33
6.79,8.32,-3.26,-2.89,0.28,-3.72
6.35,2.04,-5.61,-2.53,0.17,-1.97
4.00,7.92,-3.77,-0.78,0.36,-1.13
3.92,11.34,-1.02,0.09,0.41,-1.83
2.98,10.04,-2.20,-0.94,0.07,-1.31
4.08,7.61,-1.10,-0.09,0.15,-2.11
3.77,9.81,-0.67,0.46,0.20,-2.33
3.18,11.18,-2.71,0.06,0.10,-1.85
-0.24,13.06,-0.47,0.69,0.15,-1.37
0.90,13.73,-1.02,-0.63,-0.49,-1.65
0.39,10.94,0.04,-2.71,-1.42,-0.63
3.80,3.92,-2.86,-2.32,-1.68,-0.84
2.75,5.92,-5.61,-1.86,-1.91,0.22
2.39,6.43,-3.41,1.49,-1.26,0.72
-0.16,13.34,0.35,1.82,-1.59,1.05
0.98,9.73,-0.78,-0.70,-2.13,1.09
4.31,6.94,-0.75,-1.79,-2.04,1.04
3.14,9.65,0.24,0.57,-1.43,1.10
1.45,4.67,1.88,0.72,-1.14,0.50
7.53,1.10,3.02,2.79,-0.33,0.68
2.67,13.42,1.14,3.31,0.76,1.58
1.61,17.18,2.08,0.19,0.54,-0.95
2.98,10.43,0.98,-1.27,1.30,0.02
5.33,10.94,-1.53,-1.16,1.88,-0.43
-0.78,15.42,-0.24,-1.12,2.21,-1.44
-0.16,12.40,-1.84,-2.23,1.57,-1.92
1.65,10.16,-1.61,-2.12,1.10,-1.64
0.51,13.22,0.78,-0.96,1.11,-2.78
5.49,9.96,-0.08,0.64,2.87,-2.66
-1.45,13.89,0.43,1.03,3.05,-2.28
1.88,12.83,-1.57,-1.53,1.89,-1.80
0.98,7.57,0.39,-2.61,0.88,-1.69
-0.47,8.12,5.06,-1.73,0.84,-1.70
2.00,17.34,1.49,-3.20,0.12,-0.80
-7.02,-0.82,-4.12,-2.71,0.03,-0.44
-1.88,4.98,3.73,0.45,0.45,-1.26
-4.31,10.24,6.59,0.59,0.18,-0.84
-3.69,3.26,1.33,-1.44,-0.48,-0.66
-1.65,4.94,2.12,-0.22,-0.72,-0.23
-2.51,8.90,0.90,1.12,-0.94,-0.24
-4.90,13.49,4.47,1.03,-1.79,-0.56
-3.80,5.84,-0.59,-0.69,-2.59,-0.92
-0.20,4.20,7.65,0.11,-3.19,-1.10
-2.71,10.71,6.04,-1.34,-3.27,0.24
-4.00,4.63,2.51,-1.04,-2.63,0.79
-1.65,13.77,2.79,1.61,-2.73,-0.60
-0.47,10.87,5.22,1.80,-3.20,-0.33
1.06,9.06,5.22,1.11,-3.28,0.03
1.10,4.63,3.45,1.67,-2.62,0.96
6.00,12.71,3.41,2.27,-2.26,1.63
5.57,4.04,5.37,-0.73,-2.64,1.31
5.61,5.49,2.28,-1.49,-2.58,1.62
3.33,5.88,1.22,-0.99,-1.96,2.12
3.53,8.20,1.33,1.19,-0.89,2.10
3.37,12.79,3.06,1.06,-0.84,1.70
5.33,7.30,3.26,0.51,-0.68,0.93
7.22,6.90,1.57,0.59,-0.24,0.34
6.32,6.86,1.57,1.24,0.05,0.56
8.24,2.59,-1.14,3.50,0.37,1.18
6.04,11.49,-0.75,5.00,0.76,1.72
1.88,16.32,-0.04,3.74,0.43,3.08
5.73,6.08,0.43,1.42,0.23,0.44
10.24,7.77,-0.04,0.11,-0.15,-1.09
6.20,10.79,0.24,0.88,0.34,-0.85
12.40,11.02,0.78,0.60,1.22,0.09
8.28,13.73,1.18,-0.57,2.56,-0.52
4.98,8.28,1.77,-1.22,3.12,-0.86
5.10,9.14,0.39,-1.37,3.52,-0.36
4.59,-0.63,-1.96,-0.94,3.63,-0.21
5.49,5.53,-0.51,2.69,4.63,-0.77
-0.24,20.01,3.37,2.73,4.57,-1.74
4.00,2.39,-4.28,0.61,3.26,-2.17
-0.86,9.53,-1.02,3.61,2.65,-1.84
0.04,3.69,-2.39,5.00,1.10,-2.44
4.12,10.28,-6.83,5.00,0.61,-3.62
-1.10,19.53,-6.16,5.00,0.74,-1.98
-4.59,19.89,-1.73,0.99,-0.79,-0.58
0.67,6.79,-5.10,-3.49,-0.85,-0.81
-1.02,-1.41,-6.04,-0.57,-0.32,-0.62
-2.16,6.24,-4.43,2.24,-0.19,-0.74
-1.10,14.32,1.61,2.38,0.11,-0.55
-0.67,11.49,-2.00,0.78,0.80,-0.52
-0.47,10.32,-4.43,-0.11,0.76,-0.30
0.08,10.28,-4.24,-0.10,0.58,-0.25
0.27,9.89,-5.61,0.03,0.55,-0.82
1.37,9.06,-5.33,-0.71,0.41,-0.30
-0.39,8.47,-5.65,-0.42,0.36,-0.07
-3.26,8.39,-7.34,0.49,0.16,0.05
-0.04,5.92,-5.61,0.96,-0.19,-0.25
-2.67,8.39,-5.18,-0.85,0.06,-0.55
-1.61,7.34,-4.82,-1.18,-0.04,-0.17
-4.71,8.90,-4.79,-0.87,-0.19,-0.64
-2.63,9.14,-3.73,-0.27,-0.14,-1.21
2.00,9.06,-6.67,0.43,0.09,-0.17
1.84,11.65,-1.45,1.01,0.22,0.13
-1.77,7.65,-4.82,-1.10,0.92,0.52
0.59,7.18,-6.55,-0.21,1.24,0.25
-0.75,8.79,-7.45,1.38,1.31,-0.03
-0.75,10.94,-6.47,1.70,1.35,-0.40
0.82,14.32,-2.55,-0.26,1.27,-0.41
0.86,6.32,-6.28,-1.65,1.22,-0.30
1.53,2.47,-8.71,-0.52,0.84,-0.50
-0.82,9.22,-5.92,0.99,0.42,-0.85
1.88,9.89,-3.92,-0.52,0.48,-0.37
-1.49,4.08,-6.32,-0.33,0.30,-0.02
-0.94,9.77,-4.67,0.91,-0.04,-0.33
-2.98,9.92,-5.73,0.87,0.04,-0.37
-0.71,10.36,-5.22,0.41,0.35,-0.19
-0.31,9.89,-5.69,-0.95,0.62,0.27
0.04,6.98,-5.77,-1.01,0.55,-0.29
0.43,6.04,-6.32,-0.54,0.36,-0.13
-1.37,9.61,-4.71,-0.08,0.08,0.22
0.43,9.85,-4.00,-0.59,0.05,0.12
-0.24,7.26,-5.45,-1.02,0.07,0.09
-0.86,8.04,-5.45,-0.28,-0.02,0.06
-0.67,6.75,-5.26,0.84,-0.30,0.16
-2.43,10.79,-4.16,1.29,-0.15,0.07
7.02,10.40,-6.35,-0.04,0.14,1.48
1.26,12.32,-5.18,0.13,0.62,2.93
-7.34,5.49,-4.90,0.32,0.63,1.66
0.39,6.32,-4.55,2.23,-0.33,0.11
2.86,10.63,-3.37,2.21,-0.42,0.34
3.18,9.85,-5.41,0.08,0.34,0.79
2.24,14.98,-3.02,-2.16,0.59,1.10
7.22,19.26,-3.41,-2.99,0.60,1.36
-1.06,10.63,-8.32,-5.00,0.94,1.66
6.47,6.43,-7.30,-5.00,0.10,2.28
4.31,-0.82,-6.63,-4.84,0.25,1.71
1.57,11.92,-0.47,-2.09,-0.16,1.31
4.00,13.38,-0.43,-4.51,-0.56,1.34
8.87,7.02,-0.12,-5.00,-0.76,1.49
4.98,-0.12,0.67,-4.62,-0.74,1.31
4.12,4.94,2.67,-1.25,-1.23,0.93
7.77,8.75,4.67,-1.49,-1.18,1.14
8.08,5.81,4.90,-2.19,-0.88,1.33
3.49,1.22,5.84,-2.09,-0.63,1.29
10.12,4.08,6.55,-1.28,-0.71,0.93
9.57,2.08,5.18,-1.20,-0.53,0.83
7.77,1.73,3.33,-0.44,-0.25,0.70
8.98,3.33,4.47,0.36,-0.38,0.59
6.08,6.28,5.26,0.17,-0.50,0.52
7.37,1.22,3.06,-0.90,-0.39,0.71
7.69,2.79,3.92,-0.19,-0.43,0.99
8.28,5.57,4.98,-0.18,-0.40,0.88
7.77,1.69,3.18,-0.10,-0.38,0.90
7.88,4.43,3.14,0.35,-0.49,0.84
7.45,-0.24,3.26,0.26,-0.65,0.48
10.28,1.10,6.00,1.71,-0.64,0.42
8.79,5.06,4.75,-0.38,-0.20,0.22
3.53,-5.06,6.35,-1.17,-0.10,0.79
6.94,2.82,4.20,0.59,-0.22,1.02
9.89,14.24,-2.31,-0.02,-0.23,0.53
8.08,0.39,-2.04,-0.27,-0.11,-0.15
9.02,5.65,1.29,2.01,-0.36,-1.42
10.43,1.84,5.37,1.55,0.19,-0.66
9.65,4.08,5.41,1.41,0.36,-0.59
6.35,2.63,5.45,1.15,0.41,-0.71
10.63,4.47,4.08,1.29,0.40,-0.32
7.77,2.20,2.71,1.05,0.82,-0.29
7.57,1.49,1.14,1.42,0.69,-0.86
8.24,4.08,3.06,1.76,0.16,-0.94
5.06,4.35,3.26,1.32,-0.20,-0.97
4.31,10.32,4.59,0.89,-0.26,-0.97
10.63,7.02,3.61,-2.07,-0.87,0.06
7.53,4.79,2.24,-2.90,-0.80,0.08
8.67,1.96,1.22,-2.84,-0.91,-0.26
6.98,2.71,0.75,-2.31,-0.66,-0.44
14.32,3.88,2.04,-1.57,-1.08,-0.35
8.20,5.33,2.31,-2.18,-0.73,0.18
10.16,5.33,1.96,-2.63,-0.39,0.52
11.02,5.61,3.69,-2.50,-0.36,0.43
9.18,5.26,2.75,-1.98,-0.13,0.20
9.53,5.26,3.53,-2.04,0.14,0.58
5.92,1.80,3.49,-1.55,0.43,0.33
3.26,4.71,2.86,-0.96,0.54,0.30
8.63,4.20,3.02,-1.38,0.35,0.01
10.87,4.86,2.67,-1.37,0.33,0.08
7.34,5.02,3.14,-0.81,0.76,-0.25
7.45,4.82,2.71,-0.86,1.07,-0.09
8.79,3.14,3.14,-0.50,0.82,0.16
6.67,4.67,3.53,0.05,0.58,0.26
7.65,3.14,5.41,0.04,0.49,-0.26
6.04,2.04,6.55,-0.22,0.16,-0.12
6.94,4.55,8.71,-0.90,0.23,0.23
6.35,3.26,6.55,-2.02,0.43,0.08
8.98,0.39,6.24,-2.35,0.58,-0.22
6.59,0.39,5.33,-2.66,0.92,-0.26
5.10,-1.57,6.67,-1.94,0.53,-0.90
6.51,0.27,7.18,-0.97,-0.09,-1.19
2.98,1.61,6.24,-0.42,-0.44,-1.61
6.86,0.86,5.26,0.02,-0.62,-1.67
7.06,1.61,4.04,0.87,-0.35,-1.84
5.96,2.71,1.61,1.99,-0.16,-2.08
3.53,2.59,2.82,4.67,0.12,-1.85
6.79,3.80,1.29,5.00,0.34,-0.99
14.44,2.67,-0.90,5.00,0.23,0.00
8.00,13.61,-0.16,5.00,-0.21,-1.38
7.10,15.10,2.08,5.00,0.30,-1.90
6.51,12.28,1.37,3.05,0.71,-1.15
5.06,9.26,-0.78,0.93,0.50,-0.98
5.18,7.69,-2.12,0.53,0.19,-0.89
5.22,7.37,-3.14,0.62,0.10,-0.82
5.41,8.20,-3.06,0.74,-0.18,-0.73
6.55,8.04,-2.16,0.33,-0.29,-0.64
6.28,6.67,-1.53,0.21,-0.23,-0.58
6.98,6.12,0.24,-0.47,0.12,-0.41
5.02,6.55,0.47,-0.07,0.00,-0.06
4.67,8.04,-0.71,0.23,-0.24,0.08
6.75,9.85,0.08,-0.14,-0.44,-0.46
5.88,7.53,-0.24,-1.11,0.10,-0.39
6.00,6.35,-1.45,-0.99,0.15,-0.41
5.53,4.98,0.08,0.04,-0.26,-0.20
4.94,6.08,-0.71,1.42,-0.62,-0.16
4.98,10.40,1.65,1.66,-0.61,-0.49
5.26,7.73,-0.51,1.46,-0.71,0.16
3.88,12.00,-0.51,2.19,-1.12,-0.31
2.67,13.65,-3.92,0.62,-0.73,-0.50
2.94,9.61,-2.79,-1.03,0.11,0.58
1.49,8.87,-0.75,-1.01,0.47,0.90
1.41,8.59,-0.39,-1.39,0.62,0.80
2.82,9.69,-0.94,-1.57,0.63,1.04
6.98,9.85,-1.61,-1.67,0.25,0.22
3.14,9.96,-0.12,-2.16,0.16,0.74
5.65,6.16,-0.04,-1.91,-0.06,0.59
5.53,8.04,0.75,-0.90,-0.25,0.86
7.65,7.37,0.94,-0.36,-0.61,0.61
5.30,11.22,2.94,-0.49,-0.58,0.67
8.67,5.57,0.78,-2.12,-0.35,0.43
6.71,5.77,2.20,-1.37,-0.40,0.01
2.20,6.28,2.39,-0.09,-0.42,0.21
4.86,13.96,2.39,-1.20,-0.09,1.02
10.12,4.82,0.47,-3.71,0.24,0.78
7.30,1.73,0.86,-3.13,0.09,0.34
4.75,7.81,3.77,-0.57,-0.30,-0.33
4.28,8.12,2.71,-1.40,-0.27,-0.02
7.73,4.90,3.10,-1.54,-0.41,-0.19
7.37,7.22,4.20,-1.60,-0.26,-0.17
7.06,2.39,4.04,-1.33,-0.14,-0.35
6.75,7.81,6.00,-0.23,-0.09,-0.57
6.00,2.39,2.86,-0.45,0.00,-0.17
8.51,7.18,4.47,0.48,0.00,-0.18
6.90,5.69,5.57,0.50,-0.04,-0.50
6.63,7.88,4.00,1.07,-0.03,-1.07
3.14,5.10,2.75,1.15,-0.16,-1.08
4.28,7.49,4.63,2.21,-0.53,-1.23
8.59,10.08,1.73,1.32,-0.84,-1.64
4.28,7.14,0.63,1.01,-0.61,-1.67
5.53,9.57,-1.02,0.83,-0.96,-1.77
7.34,8.36,-6.39,-1.17,-0.87,-2.91
-0.31,10.71,-5.77,2.34,0.41,-1.43
0.43,9.10,-2.00,2.57,0.79,-1.60
-0.43,5.45,-1.80,1.96,1.23,-0.89
0.04,14.28,0.78,2.06,0.53,-0.33
9.65,18.16,1.37,0.48,-0.03,-0.54
4.94,13.81,0.71,-2.50,0.38,-0.26
3.33,4.82,1.49,-2.43,0.46,-0.09
4.00,-0.47,-0.51,0.46,0.67,-0.77
0.27,11.73,-1.92,4.74,0.92,-1.01
1.29,16.83,-2.16,2.54,0.63,-0.90
0.94,9.73,-3.80,0.31,0.61,-0.62
2.00,10.75,-2.43,-0.60,0.42,-0.51
2.16,6.39,-3.84,-2.51,0.35,0.44
1.10,2.67,-4.00,-1.32,0.29,-0.03
3.22,8.32,-2.28,1.22,-0.26,-0.30
2.86,13.18,-0.51,0.59,-0.13,0.10
2.35,11.96,-1.06,-0.63,0.08,0.21
2.75,10.04,-1.84,-1.46,0.04,-0.04
4.94,8.51,-1.37,-1.45,0.02,-0.33
2.12,8.12,-1.10,-1.17,-0.20,-0.09
1.53,6.28,-1.88,-0.21,-0.41,-0.35
2.90,10.20,-0.75,1.52,-0.68,-0.44
2.98,2.98,-3.14,1.87,-0.92,-0.16
2.98,9.69,-1.77,4.30,-1.32,-0.15
1.02,14.51,-3.10,3.28,-0.25,-0.24
0.24,11.69,-3.26,1.44,0.19,0.09
-0.12,7.10,-4.75,-0.73,-0.09,0.96
2.08,7.02,-3.10,-0.18,-0.27,1.29
2.47,7.37,-4.08,0.14,-0.38,1.26
2.31,11.10,-3.18,0.44,-0.65,0.81
3.84,13.14,-2.00,-1.45,-0.93,0.60
3.49,12.87,-3.57,-3.55,-0.66,0.68
3.92,10.83,-4.94,-3.92,-0.45,0.50
4.47,3.53,-4.00,-1.37,-0.35,-0.60
4.75,6.39,-3.30,0.85,-0.04,-0.72
0.90,12.91,-1.88,1.75,0.02,-0.70
0.00,10.79,-2.67,0.55,-0.09,-0.45
0.51,9.02,-3.26,0.30,-0.23,-0.35
1.41,9.77,-3.06,0.39,-0.23,-0.26
1.18,9.85,-2.86,0.45,0.09,-0.23
1.61,10.04,-1.92,0.25,0.17,-0.10
2.51,9.96,-1.61,0.08,0.31,0.00
2.28,9.06,-2.63,0.19,0.50,-0.01
3.37,5.92,-4.47,0.93,0.19,0.45
3.33,7.57,-4.51,1.79,0.13,0.57
2.75,10.94,-4.86,1.25,0.28,-0.20
3.57,10.59,-3.65,-0.05,0.28,0.29
1.65,8.63,-3.88,-0.84,0.40,0.30
2.00,7.18,-4.98,-0.55,0.34,0.44
2.59,7.18,-5.06,0.34,0.25,0.25
1.96,8.51,-4.71,0.94,0.21,0.25
1.80,8.51,-4.51,2.23,0.21,0.99
4.51,11.49,-4.39,2.05,0.05,1.12
0.39,9.89,-6.04,0.57,0.30,0.70
3.06,8.32,-6.32,-0.61,0.51,0.49
1.77,9.30,-5.06,-1.15,0.42,0.30
2.35,9.96,-4.20,-1.71,0.29,0.18
3.80,6.75,-5.57,-2.89,-0.20,0.36
6.12,6.59,-4.08,-2.37,-0.19,0.16
4.67,8.87,-2.94,-1.79,0.27,0.05
2.00,9.45,-4.24,-2.95,0.63,0.17
4.39,5.10,-3.65,-2.38,0.27,-0.19
4.63,7.85,-1.80,-0.63,0.41,0.13
3.65,10.43,-0.90,0.27,0.39,0.26
2.98,8.55,-0.04,0.06,0.17,0.62
4.59,7.92,0.00,0.25,0.12,0.61
5.02,9.85,0.12,1.01,0.23,0.19
4.43,12.36,0.86,0.40,0.34,0.19
5.73,9.69,1.14,-0.55,0.37,0.38
6.79,7.57,1.84,-1.26,0.54,0.57
7.49,5.96,2.20,-1.32,0.72,0.90
7.18,7.53,1.65,-2.33,0.41,1.16
6.43,2.43,2.43,-2.49,0.14,2.06
7.37,3.80,3.10,-1.41,-0.20,1.78
7.77,5.02,3.37,-0.79,-0.28,1.88
7.37,5.41,3.37,-0.70,-0.21,2.19
6.83,5.45,3.06,-0.72,-0.29,2.46
6.71,5.49,2.90,-0.74,-0.45,2.69
6.63,5.14,2.71,-0.72,-0.67,3.02
6.90,4.90,2.28,-0.57,-0.83,3.36
7.49,4.35,1.88,-0.25,-0.91,3.62
7.81,4.35,1.69,-0.03,-0.89,3.65
7.53,4.31,1.61,-0.11,-0.71,3.38
5.61,3.26,1.53,-0.40,-0.58,2.98
3.84,1.92,1.18,-0.83,-0.52,2.19
3.80,1.65,0.75,-1.11,-0.59,1.40
5.37,1.92,0.43,-1.36,-0.61,1.01
6.12,1.45,-0.47,-1.78,-0.39,0.41
8.16,1.26,-1.26,-1.78,-0.10,-0.15
10.71,0.71,-2.28,-1.55,0.21,-0.42
10.47,-0.27,-2.35,-1.23,0.47,-0.41
8.67,-0.67,-1.41,-0.55,0.72,-0.58
7.30,-0.67,-1.45,-0.02,0.75,-0.88
8.00,0.27,-1.53,0.19,0.64,-0.95
8.32,0.71,-1.33,-0.08,0.58,-0.89
9.30,1.14,-1.96,-0.59,0.46,-0.66
12.12,-0.04,-2.24,-1.67,0.27,-0.26
14.71,-3.06,-2.04,-1.58,0.33,0.15
11.14,-4.75,-0.63,-0.72,0.40,0.14
11.77,0.16,0.51,-0.41,-0.13,-0.10
13.93,-3.30,-0.94,-2.39,-0.12,0.21
11.81,-7.02,-1.92,-1.85,-0.10,0.14
11.81,-4.63,-1.22,-0.73,-0.16,0.09
11.69,-0.43,0.12,-0.05,-0.28,0.23
12.16,-0.31,-1.41,-0.92,-0.48,0.51
12.87,-3.69,-1.57,-1.09,-0.50,0.61
12.43,0.67,0.39,0.52,0.18,-0.52
10.98,0.20,1.33,0.85,0.16,-0.37
11.49,0.86,0.00,0.90,0.16,-0.37
11.06,-1.53,0.04,0.82,0.16,-0.06
11.89,-0.82,0.82,0.40,0.07,0.26
13.96,-5.10,0.55,-0.31,0.15,0.67
11.96,-2.08,-0.51,0.03,-0.05,0.51
11.14,0.71,0.16,0.35,-0.10,-0.38
9.89,0.00,-0.27,0.11,0.08,-0.50
8.43,0.16,-1.29,0.04,0.15,-0.21
10.16,0.35,-0.27,-0.26,0.09,-0.10
8.90,-3.06,0.31,-0.44,0.22,-0.17
10.90,-3.41,-1.57,0.55,-0.05,-0.38
8.59,1.29,-2.12,0.80,-0.09,-0.25
8.94,1.96,0.04,0.18,-0.19,-0.22
8.90,1.22,-0.27,-0.25,-0.12,-0.11
9.65,-0.08,-0.12,-0.11,0.00,0.28
10.51,-1.33,0.31,0.19,0.16,0.73
10.63,-0.90,0.35,0.44,0.29,0.48
10.08,-1.96,0.71,0.19,0.26,0.04
9.38,-2.59,-0.12,-0.17,0.24,-0.25
9.49,-2.67,-0.86,-0.37,0.23,-0.42
8.59,-2.16,-0.47,-0.15,0.22,-0.36
9.02,0.51,-0.94,0.11,0.08,-0.15
10.04,0.08,0.31,-0.42,-0.04,-0.08
9.61,-3.10,0.16,-0.36,-0.00,-0.25
9.18,1.18,-0.31,0.83,-0.08,-0.43
10.47,1.61,0.71,0.57,-0.10,-0.31
10.12,-1.77,-0.86,-0.12,-0.22,0.01
10.98,-0.47,-0.27,-0.02,-0.27,-0.05
9.26,-0.08,0.59,0.16,0.01,-0.20
8.98,-0.35,-0.55,-0.08,0.06,-0.04
10.08,0.75,-0.51,-0.16,-0.00,0.09
9.38,-1.45,-0.90,-0.11,0.07,-0.05
10.08,0.67,-0.47,0.40,0.08,0.15
10.51,0.78,0.24,-0.16,0.01,0.13
9.69,-0.71,-0.86,-0.25,-0.00,0.15
10.00,-0.39,-0.67,0.19,0.06,0.18
9.77,0.00,-0.47,0.28,0.08,0.37
9.57,-1.06,-0.16,0.23,0.10,0.29
10.28,-1.22,-0.12,0.23,0.10,0.15
9.89,-1.37,-0.43,0.13,0.02,0.01
9.18,-2.04,-0.24,-0.08,-0.01,0.01
9.65,-0.47,-0.59,0.38,0.08,-0.01
10.00,0.27,-0.35,0.30,0.07,0.05
9.73,0.39,0.00,0.09,0.06,0.08
11.14,-1.92,-0.51,0.13,0.13,0.00
12.43,-0.47,-0.82,0.34,0.13,0.00
10.32,-0.55,-2.04,0.67,0.26,-0.22
13.34,3.37,1.29,0.57,0.22,0.16
11.38,-9.18,-2.24,-2.02,-0.08,0.23
13.57,-4.75,0.75,-0.48,0.14,-0.04
12.28,0.59,-1.84,0.56,0.37,-0.33
13.06,-3.41,-2.20,0.36,0.52,-0.41
11.89,-0.27,0.86,0.94,0.72,-0.49
12.87,3.10,1.65,0.96,0.68,-0.42
12.79,-2.39,-0.31,-0.11,0.47,-0.20
12.20,-0.94,0.67,0.50,0.49,-0.23
12.83,-0.63,0.00,0.44,0.35,-0.26
12.04,-0.51,-0.24,0.38,0.26,-0.13
10.83,1.84,1.57,0.49,0.21,-0.06
11.73,0.04,0.16,0.30,0.08,0.15
11.41,-0.82,-0.78,-0.04,-0.02,0.26
10.90,-2.08,-0.27,0.42,0.08,0.16
9.89,0.98,0.90,0.49,0.11,0.16
9.69,-0.27,0.43,0.01,0.01,0.27
9.06,-1.61,0.04,0.03,0.01,0.28
7.14,-0.27,0.24,0.38,0.11,0.17
6.24,-1.80,0.08,0.03,0.13,0.10
6.00,-1.80,0.16,0.06,0.13,0.10
5.88,-0.43,0.16,0.39,0.11,-0.00
4.71,1.14,1.69,0.22,0.05,0.03
5.53,-0.98,-0.82,0.08,0.10,0.16
5.53,0.43,-0.39,1.02,0.16,0.31
4.63,1.22,1.92,0.71,0.12,0.45
6.04,-0.82,1.45,0.15,-0.14,0.42
5.18,-0.04,1.33,-0.33,-0.32,0.32
7.88,-2.79,-0.78,-0.43,-0.41,0.29
7.57,0.75,1.06,0.46,-0.33,0.25
7.88,2.94,2.67,0.46,-0.20,0.21
9.22,-0.35,1.33,-0.36,-0.26,0.13
8.08,0.08,0.94,-0.24,-0.24,0.08
9.69,-1.02,0.31,-0.13,-0.11,-0.02
9.14,0.67,0.78,0.02,-0.01,-0.04
10.83,0.27,-0.31,-0.43,0.09,-0.12
10.59,-2.90,0.20,-0.68,0.23,-0.35
11.96,-2.28,2.94,-0.31,0.24,-0.90
14.67,0.43,1.29,-0.17,0.45,-1.41
14.04,-3.06,0.16,-0.51,0.73,-2.27
18.01,3.96,7.37,-1.60,0.46,-2.82
17.46,8.24,-0.75,-1.94,0.59,-2.53
20.01,4.20,1.22,-1.99,1.09,-2.32
20.01,4.16,2.20,-1.20,1.39,-2.02
17.73,-0.31,1.26,-1.25,1.81,-2.43
15.10,-2.12,-3.45,-1.09,2.42,-3.00
10.40,-4.63,-7.45,-0.07,3.84,-4.13
4.63,-0.47,-8.08,0.57,4.99,-4.66
-3.18,-2.75,-12.12,0.09,4.99,-5.00
-3.92,-7.41,-17.18,-1.30,4.99,-5.00
-20.01,-11.92,-11.57,-1.46,4.99,-4.94
-20.01,-7.88,2.00,0.33,4.99,-4.53
-20.01,14.40,19.26,2.68,4.99,-4.99
-11.06,17.22,20.01,0.37,4.88,-4.88
2.20,19.14,16.79,-0.40,2.77,-2.30
0.00,8.51,6.55,-0.50,1.27,-1.44
-1.37,8.16,-7.10,0.09,1.43,-0.17
-4.35,-0.04,-4.20,0.14,2.78,-0.17
-14.67,-1.53,0.75,0.13,3.34,-0.37
-10.40,2.86,1.80,-0.01,3.34,-1.30
-10.32,8.08,5.02,0.03,2.70,-0.80
-10.36,4.28,2.43,-0.30,1.63,-0.19
-12.59,3.33,1.96,0.72,0.39,0.11
-10.55,5.26,-0.78,0.38,0.19,0.30
-14.24,3.96,1.22,0.21,-0.27,0.98
-10.00,0.90,-3.26,-0.04,-0.55,0.44
-10.40,2.63,-3.65,-0.18,-0.08,-0.11
-10.04,4.04,-1.69,-0.17,0.10,-0.16
-8.79,3.65,-0.67,-0.12,0.22,-0.27
-9.14,4.86,0.35,-0.13,0.10,-0.30
-8.32,3.96,-0.67,-0.31,-0.04,-0.29
-9.45,3.53,-0.27,-0.32,-0.14,-0.15
-8.20,3.61,-1.41,-0.25,-0.22,-0.04
-9.38,2.51,-1.96,-0.13,-0.12,-0.06
-8.16,5.30,0.39,-0.10,-0.00,-0.00
-8.04,5.37,1.88,-0.48,-0.19,0.42
-7.18,5.96,2.86,-0.55,-0.52,0.65
-6.75,7.34,3.30,-0.91,-0.96,1.17
-6.94,7.41,2.71,-1.11,-1.26,1.68
-8.24,11.18,5.26,-1.10,-1.35,1.94
-15.42,10.36,7.10,-1.39,-1.43,1.79
-20.01,-1.92,-1.37,-0.75,-3.30,0.99
-8.59,-5.57,-2.51,0.09,-4.90,1.26
-5.92,6.98,-2.12,0.38,-5.00,3.85
-8.71,-1.26,-1.77,0.04,-5.00,4.01
-17.97,-3.37,-2.04,-1.02,-5.00,4.45
-7.77,1.96,-2.08,-0.63,-5.00,2.91
3.37,3.69,-3.88,-0.39,-5.00,3.61
6.32,5.49,-7.37,-1.52,-5.00,2.72
6.55,3.02,-1.77,-0.06,-4.09,2.94
13.93,5.81,0.78,0.71,-3.30,3.28
12.67,4.24,-0.35,0.33,-2.59,2.81
16.63,7.10,2.12,2.09,-1.78,2.78
16.51,2.55,4.75,1.16,-1.60,2.83
14.20,5.06,4.79,1.41,-1.46,2.50
16.28,1.45,0.20,0.58,-1.35,2.29
15.06,-2.35,-0.94,0.71,-0.89,1.98
9.89,2.59,2.90,1.97,-0.27,1.47
11.69,5.02,5.30,1.74,-0.27,1.24
9.45,0.63,2.47,0.25,-0.26,0.68
9.18,1.22,2.90,0.40,-0.01,0.56
8.12,3.92,1.41,0.90,0.15,0.28
11.92,-0.31,-1.84,-0.41,0.11,0.18
8.04,-3.77,-0.39,0.43,0.31,0.07
8.75,2.55,2.51,1.37,0.38,0.25
7.45,2.90,3.14,0.99,0.21,0.32
9.57,2.24,1.84,-0.61,-0.15,0.46
8.71,-1.22,0.75,-1.30,-0.27,0.59
8.08,-0.90,0.94,-0.36,-0.33,0.56
8.32,1.84,0.82,-0.28,-0.33,0.60
11.26,0.75,-0.90,-0.66,-0.31,0.68
8.43,-0.82,2.16,-0.44,-0.01,0.42
12.63,-0.71,1.69,-0.08,0.21,-0.02
13.30,2.35,1.41,-0.13,0.25,-0.25
14.44,0.59,1.49,-0.59,0.45,-0.98
17.69,-3.30,1.80,-1.44,0.43,-1.69
19.53,-4.98,-1.18,-1.82,0.53,-2.04
20.01,9.22,7.96,-0.65,0.79,-2.47
20.01,6.90,-0.24,-1.83,0.81,-2.39
20.01,2.31,1.45,-1.42,1.23,-2.46
18.28,0.08,1.80,-1.34,1.61,-2.25
14.32,-0.20,1.06,-0.86,2.24,-3.08
11.14,-0.63,-3.10,-0.83,2.81,-3.68
8.98,-2.67,-10.47,-0.79,4.24,-4.47
-0.75,-1.80,-9.38,-0.19,4.99,-4.99
-4.71,-2.00,-11.18,-0.82,4.99,-5.00
-14.71,-8.51,-10.55,-1.89,4.99,-5.00
-20.01,-15.14,-9.18,-2.51,4.99,-4.67
-20.01,-2.04,7.53,-0.00,4.99,-3.99
-19.65,15.89,13.22,1.64,4.99,-4.97
-3.53,12.94,13.49,0.08,4.99,-4.10
-13.61,8.16,13.14,0.44,4.87,-1.98
-2.82,8.87,5.53,-0.52,2.86,-1.64
-0.59,9.06,3.61,-0.94,2.55,-0.58
-2.63,-2.31,-0.86,-0.69,2.48,0.10
-17.10,0.78,5.65,-0.27,2.33,-0.30
-6.24,1.69,-1.88,-0.01,1.91,-0.61
-7.65,3.49,3.61,1.26,1.17,-0.02
-12.40,4.08,2.16,0.69,0.56,0.58
-12.43,7.53,2.31,0.21,-0.34,1.90
-10.32,0.08,-2.90,0.04,-0.85,2.15
-14.08,0.98,-2.20,0.01,-0.66,1.52
-11.92,4.35,-4.04,0.05,-0.57,0.75
-11.41,1.73,-2.86,0.20,-0.39,0.58
-11.57,4.47,0.12,0.25,-0.22,0.34
-10.67,2.82,-2.35,-0.00,-0.18,-0.14
-10.28,4.35,-0.75,0.03,-0.20,-0.31
-8.51,3.96,-0.20,-0.06,-0.27,-0.32
-8.87,3.49,-1.02,-0.26,-0.24,-0.27
-7.77,4.79,-0.16,-0.24,-0.12,-0.20
-7.61,4.20,-0.24,-0.52,-0.14,-0.10
-7.41,5.41,1.53,-0.60,-0.24,0.36
-7.61,3.18,-0.47,-0.58,-0.46,0.79
-7.30,5.26,0.20,-0.39,-0.42,0.97
-6.39,7.53,3.33,-0.22,-0.53,1.37
-8.43,7.88,5.22,-0.65,-0.79,1.78
-11.69,12.08,6.55,-0.81,-1.11,1.90
-20.01,3.53,-0.31,-0.96,-1.92,1.83
-7.96,-2.28,-1.61,-1.47,-4.05,2.14
-6.20,4.90,2.47,-0.20,-5.00,3.01
-8.94,4.79,1.37,-0.75,-5.00,3.98
-16.59,-6.83,-0.75,-0.63,-5.00,3.02
-2.90,2.67,-2.71,-0.55,-5.00,4.00
-2.04,3.33,0.86,-0.12,-5.00,2.46
3.06,7.14,-2.90,-0.77,-4.96,4.49
1.80,5.77,1.18,-0.44,-4.12,2.27
9.10,5.84,-0.71,-0.48,-3.96,3.92
11.85,5.22,-3.41,0.43,-2.60,2.53
12.47,3.88,6.00,1.08,-1.84,3.22
15.53,10.16,5.10,1.97,-1.67,3.63
13.42,4.24,4.59,0.46,-1.63,2.35
12.75,5.33,1.37,0.38,-1.66,3.31
14.75,-1.02,0.12,0.54,-1.05,2.79
14.40,-2.00,2.28,0.52,-0.58,2.21
9.57,6.67,5.30,1.54,-0.22,1.51
12.24,0.27,3.18,0.54,-0.27,1.06
9.06,-0.86,2.59,-0.14,-0.33,0.69
9.57,3.65,1.37,0.09,-0.26,0.45
8.83,0.94,0.00,-0.30,-0.27,0.38
9.10,0.12,0.82,-0.28,-0.16,0.52
9.38,-1.96,-0.27,0.20,-0.00,0.39
9.85,0.27,1.65,0.54,0.01,0.40
9.57,0.24,1.33,0.32,-0.04,0.43
8.71,1.92,2.39,0.42,-0.04,0.47
10.55,-0.86,0.51,0.00,-0.07,0.50
10.04,0.12,0.86,0.30,-0.03,0.36
8.16,2.12,2.12,-0.14,-0.01,0.37
10.00,-2.67,-0.39,-0.59,0.04,0.27
10.59,-1.80,-0.04,0.05,0.21,0.11
9.22,0.78,1.18,0.17,0.32,-0.09
10.24,0.12,1.88,-0.04,0.44,-0.35
11.89,-0.08,3.53,-0.21,0.47,-0.98
13.42,0.24,2.79,-0.97,0.27,-1.70
16.40,4.82,3.14,-0.99,0.14,-2.06
19.53,-0.39,4.04,-2.52,0.09,-2.70
20.01,7.14,0.31,-2.27,0.01,-1.79
18.71,7.96,3.53,-1.44,0.48,-1.72
20.01,-0.90,1.49,-2.00,1.02,-2.16
15.14,3.10,2.51,-1.65,1.43,-2.48
14.67,-1.29,-1.37,-2.15,1.86,-3.03
10.20,-4.04,-7.41,-1.64,3.07,-3.84
7.85,-3.30,-9.96,-0.67,4.80,-4.49
0.82,-1.10,-11.73,-0.01,4.99,-4.92
-4.94,-2.31,-15.30,-0.78,4.99,-5.00
-17.38,-11.22,-17.26,-1.86,4.99,-5.00
-20.01,-17.46,-9.65,0.82,4.99,-4.04
-20.01,10.79,10.43,3.66,4.99,-3.69
-20.01,13.96,18.08,1.65,4.99,-4.98
-2.63,12.04,15.02,0.80,4.39,-3.55
-8.00,19.85,9.06,0.22,2.54,-2.95
4.55,12.24,-7.14,-1.74,2.43,-1.58
-6.35,-0.67,7.53,-0.08,2.44,-0.28
-17.46,-7.41,1.57,-1.11,2.13,-0.41
-5.30,0.31,-3.96,-0.33,1.43,-1.31
-12.43,1.61,-1.92,0.53,1.33,-0.59
-9.38,5.81,4.79,0.45,0.68,-0.02
-8.98,0.04,-3.14,-0.41,0.25,-0.04
-7.41,7.26,-2.63,-0.07,0.09,0.55
-9.89,-0.24,-3.49,-0.16,0.05,0.96
-11.45,2.43,-1.65,-0.35,0.04,0.86
-10.36,2.04,-0.98,0.11,-0.14,0.53
-12.12,2.47,-2.55,-0.15,-0.18,0.19
-8.43,6.90,-1.84,-0.04,-0.32,0.71
-11.26,0.31,-1.29,-0.22,-0.36,0.99
-10.43,2.98,-1.92,-0.20,-0.34,0.61
-8.55,4.71,-1.10,-0.05,-0.52,0.50
-8.67,3.41,-0.67,-0.22,-0.53,0.55
-6.47,6.94,2.39,-0.25,-0.76,0.84
-7.92,5.88,3.22,-0.72,-1.21,1.26
-7.61,8.87,4.90,-0.95,-1.75,1.86
-8.47,8.59,2.90,-1.18,-1.83,1.97
-13.93,10.67,4.75,-0.92,-2.28,2.21
-20.01,-1.92,-1.61,-1.71,-3.63,2.12
-3.80,2.67,1.92,-0.94,-4.89,2.72
-14.20,1.29,-2.39,-0.76,-5.00,3.29
-8.51,-1.53,3.02,-1.15,-5.00,3.03
-8.20,1.14,-6.47,-1.68,-5.00,4.34
-1.37,2.90,2.20,0.19,-5.00,2.11
0.43,5.57,-1.06,-0.49,-4.69,4.29
-0.82,3.33,2.82,-0.36,-4.40,2.48
11.26,8.39,-1.14,-0.33,-4.40,4.50
8.39,4.12,-2.28,0.65,-2.58,1.92
16.67,5.49,3.69,0.47,-2.14,3.37
13.49,8.16,6.83,2.29,-1.51,2.61
12.98,5.73,3.84,1.20,-1.58,3.16
14.91,6.32,5.06,0.90,-1.45,3.23
14.40,-0.08,3.30,-0.56,-1.51,2.25
11.34,1.96,-1.65,0.51,-0.98,2.35
13.61,1.92,1.53,0.64,-0.57,2.15
10.32,2.08,2.90,0.56,-0.40,2.01
8.28,6.51,5.49,1.07,-0.00,1.41
11.18,-4.16,1.73,0.02,0.16,0.71
10.24,-1.53,2.20,0.46,0.00,0.49
7.02,4.12,1.73,-0.20,-0.07,0.41
10.67,-3.30,0.20,-0.13,0.00,0.33
8.32,2.28,2.94,0.66,0.09,0.57
7.73,-3.18,-0.20,-0.07,0.02,0.52
7.65,-0.16,0.98,0.20,-0.04,0.59
7.88,-2.28,-0.31,-0.11,-0.03,0.53
9.41,-0.24,0.63,0.64,0.08,0.45
7.34,0.39,2.51,0.05,-0.01,0.35
9.92,-3.26,0.08,-0.02,0.05,0.23
10.43,2.04,1.26,0.48,0.29,0.01
12.43,-0.27,1.69,-0.20,0.40,-0.48
13.06,1.06,3.33,-0.08,0.42,-0.67
15.65,3.10,4.79,-0.33,0.48,-1.09
17.34,-0.63,1.33,-1.45,0.23,-1.13
20.01,0.78,1.33,-2.10,0.10,-1.18
18.32,-7.61,5.77,-3.30,0.29,-1.61
20.01,2.35,-1.29,-1.36,0.50,-2.42
19.34,2.71,4.59,-1.83,0.74,-1.91
18.48,-4.47,3.06,-2.57,1.29,-2.86
13.42,-4.04,-1.14,-1.81,1.96,-3.73
12.00,-5.81,-7.57,-1.50,2.83,-4.46
8.32,-4.12,-8.08,-0.37,4.39,-4.98
0.43,0.00,-10.43,0.70,4.99,-5.00
-10.12,2.51,-10.43,0.39,4.99,-5.00
-4.59,-7.45,-14.12,-2.56,4.99,-5.00
-20.01,-19.34,-18.32,-2.97,4.99,-4.95
-20.01,-10.63,3.06,0.15,4.99,-2.99
-20.01,19.81,16.00,3.62,4.99,-4.79
-7.45,17.81,16.99,0.32,4.99,-4.97
-15.14,7.77,15.46,0.15,4.93,-2.72
3.41,13.73,3.30,0.52,2.86,-1.16
6.71,0.24,-1.06,-0.04,2.06,-0.62
-20.01,-7.06,-0.04,-1.05,2.65,-1.26
-10.24,4.47,-0.08,-0.17,2.12,-1.00
-3.80,6.04,-0.43,0.22,0.82,-0.21
-11.49,3.02,-0.86,0.18,0.17,0.94
-10.16,2.39,-0.67,0.21,-0.09,1.05
-11.34,0.78,-5.06,0.19,-0.10,0.98
-12.67,1.69,-1.73,0.16,0.23,0.57
-10.20,3.18,-2.82,-0.18,0.23,0.41
-11.10,2.04,-2.35,-0.15,0.30,0.36
-9.02,3.41,-1.45,-0.06,0.30,0.02
-10.12,2.98,-2.75,-0.06,0.29,-0.08
-8.79,3.18,-1.45,-0.04,0.26,-0.19
-10.00,2.43,-1.18,0.01,0.07,-0.19
-7.96,3.06,-2.04,0.02,0.03,-0.18
-9.34,2.67,-1.73,-0.10,-0.06,-0.16
-8.90,2.94,-3.57,-0.08,-0.14,0.02
-9.02,2.20,-2.20,0.03,-0.07,0.16
-9.14,2.67,-1.65,-0.13,-0.08,0.17
-10.20,2.67,-2.63,-0.14,-0.25,0.35
-9.41,2.82,-1.73,-0.28,-0.29,0.43
-10.04,3.10,-2.20,-0.44,-0.27,0.45
-8.75,4.31,0.00,-0.54,-0.36,0.55
-8.12,4.47,1.02,-0.81,-0.49,0.65
-7.53,6.24,1.80,-0.76,-1.00,1.02
-7.65,7.26,4.39,-0.84,-1.63,1.46
-8.87,9.65,5.96,-0.84,-1.93,1.81
-17.26,9.53,4.59,-0.92,-2.23,1.87
-20.01,-0.16,0.00,-0.60,-3.85,1.62
-12.47,-4.16,-2.51,-1.07,-4.90,1.62
-6.98,4.43,-0.31,-0.00,-5.00,3.57
-16.67,-7.85,1.65,-0.87,-5.00,2.88
-11.06,-3.84,-5.14,-0.99,-5.00,4.27
-4.79,3.80,-4.08,0.77,-5.00,3.14
3.61,3.73,-0.16,-0.46,-5.00,3.89
1.96,2.59,-0.35,-1.03,-4.85,3.82
2.55,6.63,1.73,1.08,-4.02,2.74
13.14,5.26,-5.73,0.25,-3.33,3.99
12.04,1.84,2.35,0.79,-2.34,3.48
15.02,7.77,5.37,2.72,-1.53,3.12
13.38,7.14,7.10,1.80,-1.60,2.83
13.96,5.65,4.28,0.78,-1.80,3.21
15.81,0.24,-0.51,0.16,-1.77,2.86
14.47,0.20,0.39,0.57,-1.19,2.60
12.43,0.47,0.75,1.04,-0.74,1.89
10.71,4.04,4.75,1.02,-0.57,1.81
10.67,1.77,3.22,0.50,-0.24,1.06
11.14,-6.16,0.47,0.82,0.14,0.62
7.22,3.92,4.04,2.00,0.20,0.63
7.57,3.49,-0.16,-0.14,0.15,0.36
8.32,-3.26,-1.92,-0.23,0.29,0.36
7.65,1.96,3.45,0.48,0.37,0.32
10.51,-0.82,-0.27,0.01,0.47,0.10
11.18,1.02,2.75,0.76,0.60,-0.14
11.77,1.41,3.14,0.37,0.53,-0.27
13.93,-0.08,3.84,-0.42,0.49,-0.77
14.44,-0.04,2.20,-1.05,0.14,-1.41
19.81,-0.63,1.33,-1.69,-0.04,-2.13
17.02,1.92,7.34,-2.36,-0.01,-1.46
20.01,6.20,0.47,-1.07,0.30,-2.01
20.01,2.28,2.39,-2.67,0.38,-1.72
20.01,0.00,0.27,-1.80,0.92,-1.84
15.53,2.82,3.41,-1.09,1.63,-2.44
14.63,-2.59,1.18,-2.34,1.77,-3.03
10.59,-3.14,-4.12,-2.14,2.60,-4.07
8.20,-4.24,-11.69,-1.43,4.54,-4.46
-0.67,1.80,-11.69,0.01,4.99,-4.73
-6.90,-0.39,-12.04,-0.28,4.99,-5.00
-11.77,-9.73,-15.57,-2.31,4.99,-4.99
-20.01,-19.93,-10.47,-2.81,4.99,-4.84
-20.01,-0.82,6.59,0.82,4.99,-3.10
-20.01,12.32,13.10,1.59,4.99,-4.96
-14.36,17.53,16.12,0.57,4.99,-4.34
3.26,10.59,14.04,0.94,4.32,-1.58
-5.81,13.06,4.82,-0.01,2.22,-0.10
10.12,2.12,-0.78,0.21,2.91,-0.72
-17.97,-2.98,0.86,-0.82,3.03,-0.61
-9.41,1.65,-1.02,-0.68,2.54,-1.11
-8.24,5.53,1.88,0.08,1.67,-0.12
-5.53,8.00,2.20,0.86,0.87,0.45
-9.65,4.00,-0.12,0.32,-0.18,1.19
-14.12,-0.47,-2.28,0.07,-0.57,1.39
-11.06,2.16,-3.88,0.10,-0.57,1.17
-10.00,1.84,-3.41,-0.09,-0.25,0.72
-11.06,3.18,-2.86,-0.19,0.15,0.52
-10.79,1.37,-3.41,-0.13,0.26,0.24
-11.26,2.63,-0.75,0.05,0.49,-0.35
-10.63,3.92,-1.61,0.00,0.28,-0.48
-9.38,3.57,-1.96,-0.01,0.22,-0.48
-9.30,4.12,-0.35,0.19,0.19,-0.43
-9.53,2.39,-2.31,-0.01,0.03,-0.37
-9.38,2.63,-2.00,0.02,0.04,-0.27
-8.67,3.10,-2.08,0.10,0.10,-0.18
-8.32,3.06,-1.84,0.03,0.11,-0.05
-9.14,3.88,-0.31,0.07,-0.01,0.09
-8.71,2.71,-2.79,-0.09,-0.31,0.34
-10.00,2.00,-2.51,0.05,-0.17,0.39
-9.85,3.18,-1.49,0.02,-0.16,0.29
-9.18,3.02,-2.71,0.01,-0.23,0.32
-9.73,3.80,-0.24,0.07,-0.12,0.27
-8.00,5.45,1.06,-0.19,-0.45,0.37
-8.00,5.92,1.57,-0.45,-0.69,0.62
-6.47,6.86,3.06,-0.77,-1.11,1.07
-8.36,5.65,3.26,-1.08,-1.66,1.58
-7.14,8.71,3.33,-1.04,-1.87,1.83
-10.04,11.26,5.65,-0.68,-1.96,2.06
-20.01,7.65,3.10,-0.62,-2.37,1.81
-18.87,-5.02,-1.96,-1.35,-4.20,1.36
-2.71,1.37,-3.02,0.05,-5.00,2.78
-11.92,-1.80,-0.63,-0.19,-5.00,3.30
-12.16,-5.14,-0.94,-2.04,-5.00,3.99
-3.45,2.75,-2.24,0.48,-5.00,3.22
4.31,4.94,-4.08,-0.37,-5.00,3.92
5.69,2.16,-0.63,-1.14,-4.84,3.76
3.77,5.30,1.33,0.80,-3.93,3.45
10.83,4.51,-1.37,0.43,-3.11,3.31
15.93,3.22,-0.78,0.90,-2.61,3.68
9.77,8.00,9.41,2.48,-1.84,2.76
15.69,9.57,6.08,1.78,-2.06,3.32
12.28,4.71,4.24,0.55,-1.96,3.14
15.14,4.35,2.86,0.54,-1.64,2.76
14.20,0.16,-0.12,0.33,-1.15,2.37
14.08,2.59,1.57,1.38,-0.60,1.99
10.51,6.90,4.12,1.59,-0.17,1.78
9.85,3.49,5.65,0.29,0.05,1.24
10.28,0.55,4.08,-0.35,0.09,1.00
9.45,0.16,0.16,-0.87,0.00,0.72
8.87,-2.90,0.04,-1.03,0.16,0.40
8.55,1.77,2.24,-0.26,0.23,0.55
9.85,2.04,2.16,-0.52,0.21,0.34
10.04,-4.75,1.49,-0.39,0.16,0.21
9.85,2.63,3.77,0.61,0.02,0.44
9.38,1.37,1.37,-0.25,-0.08,0.35
9.30,-1.37,0.35,-0.27,-0.03,0.46
9.10,-0.94,1.49,-0.04,-0.02,0.38
8.87,0.24,0.90,0.10,-0.05,0.32
8.90,-0.78,1.10,0.19,-0.01,0.24
10.16,0.59,1.61,0.25,0.04,0.16
8.98,-3.57,0.94,-0.17,0.01,0.04
9.53,-0.27,1.29,0.51,0.01,-0.11
10.04,1.57,1.77,0.12,-0.03,-0.18
9.89,-1.92,0.78,-0.40,-0.04,-0.30
9.34,-0.63,2.24,-0.00,0.03,-0.38
10.79,0.67,3.33,-0.09,-0.00,-0.90
10.28,-2.47,1.53,-0.75,-0.13,-2.08
15.06,-1.14,0.08,-1.89,-0.24,-2.02
14.12,5.88,4.90,-1.33,0.21,-2.81
17.65,7.14,-0.98,-2.96,0.18,-2.48
18.24,3.14,-3.65,-2.15,1.01,-1.98
20.01,8.04,5.69,-1.28,1.15,-1.27
16.67,4.67,3.45,-1.31,1.22,-1.31
18.28,0.00,3.22,-1.56,1.44,-1.93
13.57,-1.73,-0.16,-1.14,2.29,-2.96
11.49,0.00,-2.35,-0.77,2.99,-3.65
8.12,0.43,-7.41,-1.24,4.00,-4.18
0.20,-0.31,-11.02,-0.72,4.99,-4.50
-4.59,-3.22,-13.77,-0.71,4.99,-4.71
-6.32,-11.89,-19.81,-2.34,4.99,-4.74
-20.01,-20.01,-14.04,-1.25,4.99,-3.13
-20.01,-2.94,2.00,2.58,4.99,-1.34
-18.48,12.55,17.65,2.85,4.99,-4.99
-14.59,12.91,19.46,1.38,4.99,-3.70
-10.40,20.01,14.00,0.70,3.19,-1.59
12.94,8.39,-2.71,-1.17,2.66,-1.84
-15.22,1.14,2.31,0.42,2.53,0.03
-10.79,-0.16,3.96,-0.82,2.51,-1.23
-8.16,2.12,-0.90,-0.68,2.02,-1.20
-9.02,2.94,-0.63,-0.07,1.45,-0.77
-8.55,4.90,1.18,0.19,0.96,-0.20
-9.92,5.02,-0.78,-0.06,0.48,0.32
-10.16,2.55,-1.92,0.06,0.13,0.91
-11.81,0.75,-0.59,-0.10,-0.19,0.59
-10.40,2.04,-6.24,-0.16,-0.39,0.43
-9.96,3.73,-1.77,0.17,0.02,0.30
-10.04,3.57,-2.31,-0.15,0.13,0.03
-9.96,3.84,-2.16,-0.03,0.02,0.05
-10.67,3.49,-1.14,-0.13,0.12,-0.08
-10.04,3.33,-1.14,-0.14,0.08,-0.35
-9.85,2.90,-2.20,-0.10,0.04,-0.48
-9.77,3.22,-0.71,-0.14,0.10,-0.58
-8.28,3.84,-1.33,-0.17,-0.03,-0.36
-8.04,3.26,-2.16,-0.06,-0.11,-0.07
-9.02,3.10,-1.10,-0.11,-0.11,0.02
-8.36,3.84,-2.35,-0.33,-0.19,0.28
-8.39,3.18,-2.55,-0.29,-0.04,0.49
-8.98,3.18,-0.86,-0.33,0.02,0.51
-7.73,4.63,0.08,-0.47,-0.09,0.57
-7.73,5.45,2.16,-0.81,-0.43,0.86
-7.49,5.88,2.24,-0.96,-0.84,1.15
-6.86,7.34,2.51,-0.94,-1.45,1.74
-8.08,10.20,4.63,-1.02,-1.85,2.40
-10.55,12.28,6.43,-1.11,-2.09,2.66
-16.79,12.47,3.06,-0.96,-2.87,2.83
-20.01,-1.88,-0.04,-1.19,-4.68,2.02
-8.00,-5.26,-2.00,-0.87,-5.00,1.95
-8.39,4.00,-2.20,-0.28,-5.00,4.44
-15.53,-4.24,1.33,-1.57,-5.00,2.87
-10.51,-2.04,-7.53,-1.22,-5.00,4.31
4.82,7.10,-3.45,-0.28,-5.00,2.66
1.84,5.69,0.12,-1.03,-5.00,4.44
2.35,2.51,-5.84,-0.25,-4.40,2.64
18.28,5.77,-3.73,0.04,-3.96,3.72
12.51,1.53,-1.33,0.55,-2.17,2.22
16.71,5.06,1.65,2.42,-1.32,3.07
14.24,9.89,8.83,2.86,-1.26,2.65
14.00,4.71,2.08,0.82,-1.45,2.16
13.69,4.67,0.75,0.83,-1.05,2.44
15.10,0.78,0.55,0.79,-0.83,2.22
13.26,2.24,0.90,0.54,-0.66,2.00
11.18,2.04,0.82,0.58,-0.42,1.80
12.32,-1.96,2.86,0.59,0.01,1.29
10.04,1.10,4.63,1.19,0.22,0.63
10.32,2.43,2.90,-0.33,0.13,0.13
10.87,-1.80,0.35,-1.11,0.19,-0.03
9.41,0.31,0.82,-0.26,0.41,-0.09
8.90,0.24,1.18,0.39,0.60,-0.25
9.77,0.08,2.12,0.40,0.52,-0.25
8.90,2.28,2.63,0.33,0.34,0.02
8.75,0.47,1.73,-0.42,0.19,0.08
9.38,0.20,0.94,-0.49,0.08,0.15
9.30,0.08,1.77,-0.01,0.08,0.19
9.02,0.35,1.77,0.19,0.04,0.16
9.10,0.94,1.49,0.07,-0.04,0.22
9.14,0.47,1.45,-0.26,-0.13,0.25
9.38,-0.82,0.98,0.00,-0.16,0.22
7.45,-0.08,1.45,0.25,-0.20,0.30
7.30,0.27,2.28,0.01,-0.27,0.12
7.96,-1.33,0.82,-0.18,-0.29,-0.02
7.85,0.24,-1.41,0.12,-0.20,-0.15
10.16,2.51,1.29,0.04,-0.22,-0.08
10.40,-0.94,3.73,-0.18,0.01,-0.53
14.79,6.32,3.77,-0.06,-0.31,-1.02
15.57,3.02,-2.12,-2.13,-0.03,-1.01
20.01,-4.12,2.67,-3.11,0.26,-2.17
15.93,6.51,3.02,-1.88,0.45,-1.77
20.01,9.69,-2.35,-2.03,0.61,-1.93
20.01,0.27,1.88,-2.13,1.21,-1.67
19.46,6.83,6.20,-0.82,1.48,-1.59
15.93,0.20,2.16,-2.15,1.72,-2.34
15.42,-3.10,-2.00,-1.86,2.61,-3.08
9.89,-2.00,-3.14,-1.27,3.71,-3.97
7.26,-1.33,-8.32,-1.16,4.72,-4.25
1.22,0.75,-12.51,-0.59,4.99,-4.50
-1.84,-3.45,-17.61,-1.71,4.99,-4.88
-7.45,-13.42,-20.01,-2.55,4.99,-4.36
-20.01,-18.83,-16.08,-0.90,4.99,-2.64
-20.01,11.14,10.47,3.85,4.99,-2.23
-20.01,15.14,17.73,3.22,4.99,-4.97
-6.90,16.04,20.01,1.19,4.99,-3.29
-6.86,8.00,14.00,0.33,2.39,-0.56
4.04,10.32,-5.81,-1.02,1.76,-0.49
6.94,3.14,-0.82,0.16,1.30,-0.65
-20.01,-9.26,1.61,-0.12,1.46,0.51
-7.61,-4.39,-2.55,-0.15,1.73,-1.66
-10.04,7.26,-1.57,0.69,1.48,-1.18
-9.38,7.18,4.35,0.97,1.00,-0.06
-11.41,4.90,3.18,0.64,-0.04,0.46
-13.10,2.47,-1.77,-0.03,-0.19,0.46
-10.36,2.75,-2.90,-0.12,-0.13,0.12
-9.22,0.82,-4.31,-0.20,-0.08,-0.27
-8.98,3.96,-0.63,0.08,0.27,-0.32
-8.87,3.26,-0.98,-0.16,0.46,-0.28
-9.34,3.65,-0.78,-0.18,0.35,-0.20
-9.85,3.22,-0.59,-0.23,0.25,-0.14
-9.61,2.47,-1.88,-0.16,0.21,-0.08
-9.89,3.30,-0.39,0.05,0.05,0.17
-9.38,2.39,-1.88,-0.08,-0.02,0.17
-9.41,3.73,-1.49,-0.18,0.01,0.19
-8.71,3.73,-2.12,-0.16,-0.03,0.35
-9.06,3.33,-1.65,-0.15,-0.03,0.48
-8.59,4.51,-0.94,-0.21,-0.02,0.62
-8.47,4.47,-1.14,-0.36,-0.10,0.78
-8.75,4.75,-0.04,-0.43,-0.24,0.95
-8.08,5.26,-0.51,-0.61,-0.37,1.07
-7.34,7.06,1.65,-0.83,-0.44,1.42
-6.16,8.39,3.53,-1.18,-0.65,1.67
-6.51,9.73,5.69,-1.53,-1.17,2.08
-9.69,12.94,6.75,-1.83,-1.23,2.17
-20.01,10.36,2.67,-1.89,-1.65,1.99
-20.01,-2.71,0.71,-2.02,-3.55,0.71
-7.30,-10.47,-5.37,-1.96,-5.00,0.95
-6.16,3.41,-2.98,0.60,-5.00,3.62
-11.61,0.55,-5.10,-0.38,-5.00,3.24
-15.65,-2.59,-3.18,-1.98,-5.00,3.47
0.67,6.79,-7.34,0.19,-5.00,2.43
8.63,2.39,-4.82,-1.01,-5.00,2.95
6.90,2.24,-1.84,-0.55,-4.40,3.39
11.89,4.98,-2.08,1.33,-3.08,2.10
12.59,2.59,3.02,0.75,-2.52,3.25
14.47,8.63,4.39,2.94,-1.93,2.94
13.14,5.14,7.49,2.06,-1.54,3.16
15.18,7.02,4.98,1.92,-1.66,3.04
15.57,1.53,0.59,0.58,-1.66,2.96
12.75,-0.35,-1.84,1.13,-1.03,2.44
14.47,-0.86,2.20,1.63,-0.59,2.16
12.28,-1.61,4.35,1.33,-0.36,1.42
10.04,5.22,5.33,1.51,-0.14,0.64
11.49,5.45,3.57,0.76,-0.08,0.23
10.55,-1.22,1.14,-0.17,0.14,-0.08
8.90,2.59,2.90,0.46,0.21,0.02
7.81,2.04,0.47,-0.43,0.34,0.02
7.69,-0.71,-0.86,0.52,0.41,-0.03
7.73,3.49,2.31,0.76,0.37,0.26
7.30,-1.49,0.94,-0.07,0.28,0.35
7.02,0.78,2.16,0.32,0.12,0.42
10.08,0.90,1.41,0.13,-0.05,0.47
7.88,1.18,1.49,0.03,-0.13,0.61
10.40,2.24,1.06,-0.32,-0.08,0.51
12.04,-0.98,0.82,-0.86,0.05,0.06
11.77,1.69,2.82,-0.62,0.09,-0.16
12.79,1.37,3.22,-0.25,0.32,-0.65
15.81,5.06,3.96,-0.40,0.22,-1.02
19.18,-1.69,0.86,-2.55,-0.05,-1.91
20.01,1.41,-1.18,-2.63,0.03,-1.45
20.01,5.65,6.83,-2.94,0.16,-1.57
20.01,3.53,-0.04,-2.76,0.49,-2.02
20.01,2.51,2.59,-2.28,0.93,-1.74
15.97,-1.88,2.20,-2.17,1.51,-2.65
14.55,-5.18,-1.29,-2.29,2.34,-3.67
10.83,-3.18,-4.67,-1.32,3.31,-4.44
6.94,-0.08,-7.37,-1.02,4.52,-4.92
-0.59,1.92,-10.79,-0.29,4.99,-4.93
-1.10,-0.75,-14.67,-1.38,4.99,-4.99
-2.71,-10.71,-19.53,-2.37,4.99,-4.95
-20.01,-20.01,-18.87,-3.10,4.99,-3.31
-20.01,4.08,4.59,2.94,4.99,-1.91
-20.01,12.40,14.47,2.32,4.99,-4.99
-20.01,6.55,13.57,0.92,4.99,-4.74
-7.34,15.85,16.12,0.41,4.98,-3.38
-6.16,16.55,12.67,0.42,3.83,-1.62
9.89,1.53,-1.77,-0.74,3.33,-1.10
-6.08,4.12,3.65,0.56,1.81,0.31
-16.08,-7.14,1.69,-0.69,1.19,-0.13
-9.34,1.96,-5.53,0.05,0.88,-0.23
-7.92,5.02,-2.20,0.63,0.96,0.50
-14.04,0.59,0.08,0.52,0.56,0.57
-11.81,4.20,-0.78,0.35,-0.02,0.59
-13.57,3.41,0.12,-0.09,-0.37,1.10
-11.26,-0.55,-4.08,-0.37,-0.52,0.74
-11.61,1.49,-4.75,-0.26,-0.30,0.37
-9.49,1.65,-2.43,-0.11,0.17,-0.04
-8.55,1.80,-2.16,-0.18,0.31,-0.35
-9.02,3.57,-1.77,-0.11,0.30,-0.22
-8.55,2.16,-1.53,-0.25,0.35,-0.14
-9.77,2.35,-1.80,-0.23,0.11,-0.00
-8.51,2.75,-1.92,-0.02,0.07,0.09
-9.10,2.16,-1.77,-0.08,-0.02,0.26
-9.85,2.16,-1.88,-0.09,-0.16,0.38
-9.69,1.80,-2.16,-0.14,-0.22,0.35
-9.14,2.24,-1.61,-0.17,-0.36,0.30
-9.85,2.86,-1.14,-0.02,-0.50,0.43
-7.61,4.43,0.04,-0.04,-0.64,0.62
-7.06,5.88,1.41,-0.26,-0.95,1.07
-6.47,8.20,3.10,-0.62,-1.51,1.84
-7.02,9.10,3.02,-1.09,-1.86,2.32
-6.43,12.51,4.28,-1.10,-2.29,2.92
-10.98,16.32,8.16,-1.04,-2.53,3.32
-20.01,11.85,2.63,-0.94,-2.86,3.15
-20.01,-7.96,-4.59,-2.78,-4.73,1.08
-6.67,-7.30,-2.00,-1.96,-5.00,3.27
-17.34,2.90,-1.88,-0.41,-5.00,2.61
-13.65,-3.73,-8.00,-2.07,-5.00,2.25
-2.75,-1.92,-8.28,-0.48,-5.00,4.32
7.65,8.04,-6.39,0.73,-5.00,2.65
0.78,1.92,-3.73,-1.10,-4.83,3.05
17.42,0.24,-3.65,0.58,-3.50,3.04
15.69,7.22,0.63,1.89,-2.50,3.09
12.71,4.12,4.51,2.18,-1.65,2.08
15.97,10.04,7.02,2.85,-1.75,3.57
14.12,5.69,3.14,2.07,-1.85,2.77
15.30,-0.27,0.86,0.11,-1.93,2.93
13.85,3.84,0.27,1.86,-1.29,2.49
15.26,0.67,2.16,1.59,-0.72,2.13
11.34,1.49,6.16,1.22,-0.57,1.87
10.59,2.79,3.57,1.29,-0.22,1.00
11.02,0.78,1.53,0.27,-0.02,0.53
8.71,1.92,1.37,-0.02,0.03,0.47
8.98,-2.82,-2.31,-0.82,0.26,0.35
7.88,0.12,1.22,1.42,0.53,0.04
8.00,3.57,3.10,0.90,0.49,0.15
8.94,-0.82,0.67,-0.17,0.37,0.07
9.02,1.45,0.90,0.21,0.37,0.25
8.67,0.82,1.73,-0.20,0.30,0.18
10.04,-2.12,-0.24,-0.08,0.36,-0.05
10.83,1.26,0.78,0.32,0.49,-0.27
10.51,0.12,1.96,-0.08,0.56,-0.48
12.47,4.31,6.32,-0.07,0.54,-0.90
14.75,3.14,3.61,-0.99,0.19,-1.46
19.77,3.18,0.51,-1.75,-0.14,-1.31
19.06,5.41,3.53,-3.27,-0.08,-1.03
20.01,-1.06,-1.18,-2.94,0.20,-1.47
20.01,6.79,2.71,-1.40,0.72,-1.21
19.97,-1.10,1.61,-1.95,1.13,-1.68
15.69,-1.37,2.16,-1.65,1.69,-2.53
15.06,-5.57,-1.57,-2.49,2.59,-3.91
10.79,-5.61,-5.96,-1.78,3.56,-4.58
6.39,0.86,-6.79,-0.42,4.96,-4.84
-2.08,3.22,-9.45,-0.15,4.99,-4.82
-6.20,-0.24,-15.06,-1.34,4.99,-4.71
-2.04,-8.75,-18.01,-2.91,4.99,-4.70
-20.01,-20.01,-15.97,-2.45,4.99,-2.34
-20.01,0.59,1.53,1.59,4.99,-0.67
-20.01,13.26,13.65,2.16,4.99,-4.74
-16.75,6.79,13.96,0.79,4.99,-4.96
-7.34,14.67,11.38,1.49,4.99,-2.87
-5.77,15.49,15.53,1.09,3.03,-1.01
9.69,2.35,0.00,0.36,2.08,-0.45
-8.63,3.18,2.28,0.95,1.28,0.03
-12.36,-4.31,-3.49,-0.50,0.80,-0.29
-7.45,4.82,-3.69,0.28,0.85,0.38
-8.24,3.53,-0.86,0.24,1.28,0.92
-13.53,2.47,1.77,0.08,0.86,0.96
-13.30,0.71,-1.69,-0.27,0.17,0.71
-10.83,5.53,-0.35,-0.10,0.05,0.64
-9.96,2.90,-1.18,-0.27,-0.17,0.67
-12.24,1.33,-2.35,-0.27,-0.36,0.51
-9.85,2.67,-3.14,-0.26,-0.22,0.22
-9.73,1.73,-3.65,-0.15,0.07,-0.05
-8.87,2.94,-1.49,0.05,0.24,-0.20
-8.55,2.24,-1.92,-0.02,0.32,-0.30
-9.65,2.12,-0.86,-0.10,0.31,-0.39
-9.22,3.33,-1.53,-0.06,0.14,-0.28
-9.02,2.71,-1.45,0.07,0.11,-0.22
-9.30,3.61,-0.98,0.15,0.11,-0.04
-9.69,2.35,-1.80,0.06,0.07,0.15
-10.24,2.24,-2.16,-0.11,0.08,0.17
-9.61,3.18,-2.20,-0.05,0.12,0.18
-8.55,3.65,-1.37,-0.07,0.20,0.21
-9.49,3.57,-1.06,-0.12,0.05,0.40
-8.83,3.45,-1.33,-0.22,-0.07,0.47
-8.98,4.20,0.16,-0.26,-0.20,0.57
-8.67,4.39,-0.08,-0.48,-0.49,0.73
-7.96,5.30,0.78,-0.50,-0.74,0.98
-7.06,6.47,2.35,-0.60,-1.13,1.45
-7.22,8.08,4.94,-0.71,-1.63,1.76
-7.73,11.06,7.30,-0.63,-2.00,2.01
-15.30,12.91,7.30,-0.57,-2.34,1.98
-20.01,2.71,0.86,-0.08,-4.29,1.41
-10.71,-4.04,-4.00,-1.31,-5.00,0.55
-5.26,-2.98,-3.30,-1.41,-5.00,3.85
-11.65,2.59,-0.67,-1.59,-5.00,4.23
-18.71,-3.53,-7.85,-1.38,-5.00,2.34
6.20,4.35,-7.77,-0.26,-5.00,3.78
18.20,1.26,-4.12,-0.85,-4.70,3.42
-2.75,2.67,-0.67,1.15,-3.19,2.99
15.18,9.26,5.06,2.62,-3.04,2.98
10.71,4.35,3.10,0.74,-2.52,3.47
11.34,5.73,2.94,2.17,-1.98,3.09
13.65,10.47,10.47,2.12,-1.92,3.73
11.69,7.73,6.32,0.90,-2.11,3.13
16.59,1.33,0.78,-0.18,-1.93,3.07
14.20,0.00,-0.12,-0.11,-1.66,2.74
12.87,0.39,0.71,0.72,-1.05,2.38
12.16,-1.14,1.61,0.93,-0.54,1.80
9.77,4.16,6.51,1.20,-0.38,1.47
10.75,4.55,4.79,0.40,-0.11,0.88
10.94,-0.27,2.04,-0.37,0.06,0.55
10.55,0.47,1.53,-0.56,0.05,0.39
10.12,-1.96,-0.63,-0.97,0.16,0.43
9.34,-1.02,1.49,0.84,0.39,0.17
9.14,1.84,2.79,0.83,0.38,0.22
9.34,1.53,1.45,0.47,0.25,0.29
7.34,-1.41,1.61,-0.39,0.03,0.39
7.92,-0.16,1.69,0.03,-0.07,0.26
7.61,1.49,0.63,0.02,-0.18,0.35
6.79,-0.12,0.12,-0.03,-0.16,0.32
9.26,0.00,0.78,0.20,-0.22,0.40
8.87,0.31,0.51,-0.36,-0.25,0.31
8.00,-1.41,1.41,-0.04,-0.12,0.02
12.24,2.35,1.92,0.17,-0.03,-0.06
11.38,0.90,2.16,-0.44,0.03,-0.10
15.61,0.71,4.20,-0.61,0.27,-0.78
18.20,-1.18,2.16,-0.74,0.41,-1.30
20.01,9.61,1.45,-0.96,0.40,-1.20
20.01,-7.92,-0.27,-4.48,0.57,-1.59
20.01,-1.41,4.63,-1.00,0.97,-1.39
20.01,3.61,3.02,-0.64,1.23,-1.94
15.93,-4.82,3.53,-1.72,1.85,-2.26
15.06,-6.67,-1.57,-0.79,2.84,-3.55
13.34,-5.61,-4.04,-0.45,3.50,-4.40
7.88,-2.12,-7.53,-0.66,4.45,-5.00
3.22,-1.18,-11.69,-0.04,4.99,-4.97
-10.51,3.57,-11.34,1.01,4.99,-4.86
-5.49,-0.47,-9.18,-1.48,4.99,-5.00
-7.96,-10.79,-15.10,-3.40,4.99,-3.63
-20.01,-16.71,-9.49,-1.81,4.99,-3.08
-20.01,4.28,10.12,2.13,4.99,-1.86
-20.01,11.65,10.32,1.66,4.99,-4.91
-5.69,14.12,12.12,1.18,4.99,-3.21
-10.00,15.42,12.24,1.17,4.06,-1.13
2.94,8.04,5.18,-0.21,3.12,-0.92
-1.65,-2.43,-3.88,0.53,1.86,-0.76
-14.83,2.16,-0.90,0.79,2.21,-0.82
-11.77,-3.41,-2.75,-0.52,2.28,-1.55
-8.90,9.77,-0.78,1.10,1.84,-1.43
-5.14,5.61,1.88,1.42,1.84,-0.00
-16.51,5.30,5.69,1.14,0.57,1.43
-11.85,0.27,0.59,-0.21,-0.48,0.59
-12.12,0.12,-5.61,-0.49,-0.45,0.19
-11.10,3.57,-2.43,-0.09,-0.16,0.36
-7.73,-1.06,-4.51,-0.01,0.06,0.15
-9.65,3.14,-1.26,-0.04,0.35,0.04
-8.71,2.67,-1.26,-0.11,0.15,0.22
-9.38,1.65,-2.39,-0.21,-0.03,0.34
-9.89,3.18,-1.49,-0.07,-0.04,0.35
-8.75,2.71,-3.41,-0.15,-0.12,0.37
-9.57,2.79,-1.18,0.01,-0.11,0.50
-9.69,2.59,-0.82,-0.11,-0.11,0.48
-8.67,3.22,-1.96,-0.16,-0.25,0.42
-9.53,3.37,-1.41,-0.23,-0.31,0.55
-8.67,3.26,-1.26,-0.38,-0.37,0.53
-8.24,5.30,-0.35,-0.50,-0.45,0.73
-8.63,3.80,-0.16,-0.62,-0.77,1.18
-6.63,6.59,1.10,-0.57,-1.03,1.63
-7.61,6.51,3.80,-0.91,-1.38,2.01
-6.08,9.38,3.57,-1.07,-1.87,2.36
-8.63,12.51,5.30,-0.90,-2.37,2.79
-16.32,13.45,5.37,-0.69,-2.79,2.92
-20.01,7.69,1.29,-0.14,-4.02,2.06
-19.18,-6.28,-5.53,-0.95,-5.00,0.80
-8.08,-12.40,-2.31,-1.81,-5.00,4.22
-6.59,0.35,-6.47,-1.48,-5.00,5.00
-8.59,2.47,-5.84,-0.99,-5.00,3.14
9.69,2.39,-13.18,-2.11,-5.00,4.55
11.22,0.35,-6.16,-1.54,-4.47,3.80
6.67,2.71,3.06,1.54,-2.74,3.23
19.61,9.73,8.47,2.21,-2.72,4.05
8.94,6.00,2.08,0.88,-2.82,3.74
17.02,7.57,0.27,1.92,-2.22,4.44
19.85,-3.33,2.20,0.88,-2.01,4.27
14.51,-0.12,2.55,1.77,-1.61,3.59
15.38,3.69,5.88,1.05,-1.05,1.95
16.55,3.49,5.45,0.27,-0.82,1.09
11.89,4.04,4.20,0.42,-0.68,0.80
7.61,5.61,3.61,0.65,-0.18,0.18
10.51,3.65,0.08,-0.81,-0.30,0.30
10.28,-4.28,-2.39,-2.12,-0.28,0.38
6.90,0.00,0.71,-0.17,0.10,0.44
9.41,2.12,1.14,0.94,0.36,-0.09
11.41,0.67,2.28,0.31,0.36,0.20
10.04,1.14,2.79,-0.04,0.24,0.26
10.16,0.67,2.08,-0.23,0.14,0.19
9.22,1.10,2.00,-0.29,0.09,0.31
8.83,0.55,1.57,-0.22,0.08,0.09
8.98,-0.94,0.63,-0.05,0.08,0.20
7.73,0.82,1.22,0.30,0.03,0.21
7.57,0.78,1.29,0.09,-0.08,0.20
7.49,0.00,1.10,0.01,-0.16,0.30
7.06,0.16,0.00,-0.11,-0.20,0.44
6.83,-1.57,-0.16,-0.14,-0.21,0.42
6.28,-0.31,0.75,0.39,-0.17,0.41
6.39,-0.43,-0.27,0.32,-0.10,0.28
7.45,-2.51,-1.29,0.08,-0.03,0.28
6.83,0.27,0.39,0.43,0.02,0.32
7.88,-1.26,0.43,0.13,0.01,0.21
7.30,0.24,0.98,0.21,-0.05,0.21
7.61,-1.02,0.20,-0.11,-0.06,0.10
8.28,-1.45,-0.43,-0.01,-0.08,0.15
8.12,-2.75,-0.27,-0.30,-0.03,0.10
8.71,-0.59,1.18,0.20,-0.03,-0.10
10.67,0.82,0.35,-0.37,-0.02,0.04
8.83,-2.79,-0.16,-0.61,0.03,-0.04
10.79,-0.90,1.10,0.09,-0.01,-0.21
12.55,-2.16,-0.82,-0.51,0.04,0.20
7.85,-1.53,0.78,-0.31,0.06,-0.09
15.14,-2.16,-0.86,-0.25,-0.06,-0.26
10.16,2.28,0.00,-0.33,0.06,0.28
12.36,-5.77,-1.53,-0.65,0.10,-0.13
11.81,-2.55,1.06,0.24,0.06,0.23
13.45,1.22,1.18,-0.17,0.03,0.05
10.59,-2.31,-0.75,-0.88,0.02,0.36
12.94,-1.06,0.12,0.06,0.02,0.10
12.40,-0.67,-0.16,-0.57,-0.02,0.38
11.73,-3.77,-0.55,-0.84,0.03,0.20
11.57,-2.24,0.00,-0.10,-0.03,0.09
15.02,-0.27,3.30,-0.47,0.00,0.17
9.92,-4.00,0.16,-0.69,0.04,0.27
8.59,1.22,0.71,0.24,0.01,0.12
20.01,-4.16,-0.04,-0.50,0.04,-0.03
9.06,-6.63,2.63,-0.90,-0.19,0.32
8.98,-0.20,-0.31,0.80,0.04,0.05
13.30,-0.43,-0.82,0.30,-0.11,-0.16
12.40,1.22,0.86,0.07,-0.14,0.20
13.22,1.65,0.55,-0.52,-0.07,-0.04
12.20,-2.00,-1.61,-0.78,-0.04,-0.29
14.44,-3.61,-2.08,-0.46,0.19,-0.48
12.75,-1.18,-1.29,0.68,0.08,-0.97
12.40,0.75,-0.75,0.57,0.03,-1.49
11.26,0.59,-1.80,0.30,-0.21,-1.78
12.40,0.90,-2.24,0.30,-0.25,-1.98
11.61,1.57,-2.47,0.95,-0.20,-1.94
10.59,2.59,-2.20,1.65,-0.28,-1.69
10.47,2.98,-1.77,1.84,-0.30,-1.57
10.04,3.02,-1.73,2.00,-0.27,-1.46
9.34,3.77,-1.73,1.90,-0.39,-1.24
9.85,3.69,-1.80,1.58,-0.43,-1.12
9.10,3.22,-2.20,1.20,-0.48,-1.12
8.08,3.41,-1.61,0.87,-0.63,-1.05
8.04,3.14,-1.73,0.54,-0.59,-1.10
7.06,2.90,-2.08,0.29,-0.59,-1.10
6.75,3.02,-2.08,0.08,-0.68,-0.94
6.83,3.06,-2.24,0.00,-0.59,-0.85
5.77,3.53,-2.47,-0.04,-0.43,-0.69
5.96,3.61,-2.86,-0.12,-0.29,-0.42
6.83,3.92,-2.79,-0.10,-0.15,-0.21
7.06,4.12,-2.51,-0.39,0.01,0.11
6.75,2.39,-0.75,-0.35,0.16,0.30
7.02,2.86,-1.92,-0.18,0.12,0.34
5.84,4.98,-2.31,0.16,0.07,-0.14
6.51,5.18,-3.06,-0.59,-0.06,-0.20
7.14,5.06,-3.49,-1.32,0.02,-0.37
8.59,2.90,-2.79,-1.33,0.14,-0.39
7.69,3.77,-2.35,-0.47,0.08,-0.51
7.30,6.90,-1.92,-0.54,-0.09,-0.63
6.98,5.10,-2.35,-1.06,-0.10,-0.59
7.88,3.77,-2.55,-0.89,-0.19,-0.62
7.26,4.67,-2.04,-0.43,-0.23,-0.65
7.18,5.33,-1.65,-0.27,-0.28,-0.59
7.18,6.43,-1.49,-0.27,-0.32,-0.51
5.61,5.69,-1.84,-0.47,-0.38,-0.29
6.75,7.18,-0.94,-0.44,-0.48,-0.24
6.59,6.59,-0.90,-0.82,-0.19,-0.15
6.24,6.24,-0.75,-1.02,-0.02,0.01
6.75,4.67,-1.80,-0.90,0.02,0.10
7.22,4.79,-2.35,-0.22,-0.02,0.12
6.90,6.20,-1.92,0.28,-0.05,0.16
6.59,7.10,-1.41,0.15,-0.06,0.22
6.51,6.12,-1.73,-0.19,-0.02,0.26
5.88,6.39,-1.73,-0.18,-0.18,0.26
5.69,7.02,-1.57,-0.21,-0.28,0.28
5.45,7.77,-1.10,-0.30,-0.38,0.32
5.57,7.26,-1.06,-0.56,-0.45,0.47
5.84,7.61,-0.67,-0.44,-0.50,0.43
6.71,7.37,-1.14,-0.36,-0.47,0.34
6.20,7.88,-1.92,-0.25,-0.45,0.25
6.86,9.10,-1.84,-0.33,-0.52,0.14
9.61,7.65,-1.88,-0.69,-0.41,0.01
11.22,6.35,-2.90,-0.46,-0.23,-0.02
11.41,7.92,-2.75,-0.22,-0.23,0.00
10.24,6.86,-2.79,-0.59,-0.06,0.02
8.39,4.79,-3.53,-0.69,-0.02,-0.06
5.73,4.79,-2.94,-0.02,-0.14,-0.42
4.75,6.04,-1.61,0.25,-0.28,-0.61
5.41,6.94,-1.80,-0.02,-0.24,-0.75
6.86,7.18,-2.82,-0.72,0.01,-0.71
7.53,6.63,-4.43,-0.92,0.16,-0.54
8.39,7.26,-4.59,-0.65,0.13,-0.25
8.20,6.55,-3.73,-0.57,0.12,-0.32
6.32,5.65,-2.24,-0.23,0.13,-0.45
4.47,7.37,-2.67,0.01,0.14,-0.83
6.08,7.92,-2.94,-0.01,0.15,-0.85
5.57,7.81,-2.94,-0.04,0.13,-0.92
5.77,7.30,-2.98,0.05,0.14,-1.05
6.98,6.79,-1.57,-0.38,0.20,-1.17
4.82,6.32,-3.06,-0.69,0.23,-0.89
4.55,7.02,-2.35,-0.18,0.05,-0.94
5.14,6.12,-2.71,-0.07,-0.01,-0.92
3.84,6.39,-2.71,0.37,-0.22,-0.82
4.71,9.65,-2.55,0.70,-0.32,-0.81
3.88,9.34,-2.00,-0.17,-0.13,-0.52
3.02,8.83,-2.12,-0.67,0.06,-0.12
3.65,5.65,-3.26,-0.73,0.05,0.07
2.98,7.81,-2.75,0.48,-0.12,0.07
3.57,7.53,-2.28,0.55,-0.11,0.08
4.00,8.12,-2.12,0.82,-0.01,0.11
4.47,10.83,-1.53,0.62,0.11,0.13
4.98,11.34,-0.98,0.09,0.22,0.04
4.71,11.53,-1.02,-0.69,0.53,0.04
5.96,9.38,-2.20,-2.00,0.83,0.07
5.73,7.57,-2.04,-1.93,0.80,0.05
5.49,6.28,-2.24,-1.08,0.57,0.16
4.71,7.69,-2.55,0.26,0.24,0.29
5.41,9.45,-2.20,0.84,-0.06,0.38
4.59,5.18,-1.80,0.96,-0.02,0.12
5.14,6.39,0.12,2.00,0.23,0.74
4.98,7.18,-1.14,2.30,0.43,0.62
-4.94,10.59,0.94,2.09,0.42,0.80
1.10,6.08,-4.94,1.61,-0.22,-0.01
4.43,15.30,-2.82,1.36,-0.28,1.36
7.02,10.36,-2.28,-0.78,-0.25,1.45
8.24,2.51,-0.82,-0.79,0.48,0.28
7.88,2.00,0.00,0.90,-1.08,-0.10
7.85,5.45,-0.43,1.35,-2.10,-0.80
7.85,9.18,-3.65,0.89,-3.46,-4.62
-0.04,10.59,-7.73,-1.47,-1.14,-5.00
0.59,20.01,-14.28,-0.37,1.60,-5.00
2.28,8.55,-1.10,2.92,4.95,-2.61
-2.00,8.98,1.61,2.96,1.30,-1.46
-4.47,9.81,-1.33,1.05,-2.29,-2.53
-4.98,7.18,-5.53,-0.60,-4.99,-2.09
-5.49,7.88,-7.06,1.13,-5.00,-1.45
-5.41,7.92,-5.41,1.41,-5.00,-0.52
-4.59,7.06,-6.32,1.01,-5.00,-0.15
-4.47,6.04,-6.39,1.86,-4.79,-0.01
-4.51,7.10,-5.26,1.85,-3.62,0.04
-5.18,6.67,-6.12,0.50,-1.47,-0.49
-5.37,6.32,-5.37,0.28,0.67,-1.55
-6.90,7.69,-4.79,0.02,1.81,-1.79
-5.41,7.88,-4.08,-0.69,2.56,-1.71
-8.00,7.22,-4.94,-0.77,3.32,-0.76
-6.35,8.00,-4.20,-1.76,3.58,1.23
-6.63,3.92,-4.75,-1.40,2.92,1.51
-6.90,2.79,-4.31,0.49,0.83,2.07
-9.38,1.88,-4.04,2.51,-0.96,1.61
-7.10,6.35,-4.90,2.81,-2.28,0.60
-4.55,6.04,-6.55,1.62,-1.93,-0.19
-3.14,5.10,-9.53,0.82,-1.19,-0.73
-4.94,5.49,-8.98,1.29,1.01,-1.18
-4.79,6.94,-9.34,0.59,3.06,-1.31
-5.57,5.45,-12.24,1.14,4.65,-0.57
-4.79,5.57,-13.96,1.97,4.99,0.31
-4.98,5.53,-16.71,0.32,4.99,0.07
-16.51,-8.71,20.01,1.47,4.89,1.12
7.41,-5.10,-16.20,-2.00,-2.16,1.15
2.94,6.32,-7.22,0.52,0.17,1.56
3.10,6.71,-9.61,-1.28,-0.79,0.63
1.53,3.57,-8.47,-1.81,-0.45,0.84
1.14,4.00,-9.69,-1.85,-0.49,0.53
1.06,3.65,-8.90,-0.09,-0.25,0.59
0.86,4.79,-9.10,-0.87,-0.62,-0.47
1.06,5.88,-10.55,0.41,-0.20,0.71
1.18,3.61,-10.43,-0.43,-0.50,0.26
0.27,5.49,-6.32,-0.75,-0.71,-1.13
-0.55,3.14,-9.69,0.85,-0.69,-0.61
-1.73,10.47,-9.18,0.44,-0.71,-1.43
-1.61,10.00,-11.14,-1.49,-0.05,-2.22
-1.53,7.57,-8.51,-1.16,-0.19,-1.38
-9.69,3.61,-5.57,-1.38,-0.22,-1.58
-7.65,8.36,-0.90,-2.19,-0.15,-2.24
3.30,1.77,-7.85,-2.45,-0.80,-2.46
-3.22,7.22,-6.35,1.13,-3.47,-1.28
-2.16,2.51,-5.81,-0.51,-2.01,-0.86
-3.41,3.06,-6.20,-0.76,-1.29,-1.78
-3.18,9.96,-6.20,0.55,-0.80,-2.21
-3.80,11.81,-4.90,1.22,-0.81,-0.62
-6.28,7.96,-5.49,0.90,-1.48,0.31
-5.22,8.71,-4.86,-0.64,-2.02,0.40
-7.10,7.88,-5.06,-2.67,-1.69,-0.18
-4.43,3.77,-5.81,-3.03,-0.96,-0.23
-8.24,5.18,-4.20,-0.77,0.09,-0.39
-7.69,7.57,-4.24,-1.46,0.32,-1.08
-6.00,7.22,-4.75,0.04,-0.62,0.21
-6.43,10.43,-1.80,-0.13,-0.33,0.92
-11.34,1.96,-6.55,-0.84,-0.62,1.89
-12.87,-6.08,-8.94,4.47,-1.77,5.00
-9.85,2.43,-1.96,5.00,-1.76,5.00
-6.51,4.71,-4.04,5.00,-1.14,3.59
-5.22,5.69,-5.92,5.00,-3.96,-0.65
-5.26,3.84,-9.45,5.00,-5.00,0.10
-14.04,11.73,-9.96,5.00,-5.00,-0.36
-16.99,5.37,-13.65,1.67,-4.75,-1.52
-11.65,-0.90,-5.37,4.83,-5.00,1.90
-5.37,4.63,-2.51,4.75,-3.46,2.45
-9.73,2.12,-3.22,0.18,-0.41,0.91
-8.16,0.94,-3.57,-1.88,1.35,-0.10
-10.12,0.78,-2.59,-1.46,3.56,-1.31
-10.16,1.88,-3.84,-0.92,4.93,-1.30
-10.00,2.08,-3.33,-0.97,4.99,-1.54
-11.34,2.82,-3.45,-1.49,4.98,-1.98
-12.08,2.67,-3.53,-3.10,4.59,-2.28
-10.59,2.82,-4.04,-4.99,4.26,-2.39
-9.30,2.47,-5.10,-5.00,4.04,-2.34
-8.75,1.92,-5.61,-5.00,2.52,-2.68
-9.06,2.08,-5.65,-5.00,0.53,-2.55
-8.47,1.73,-5.26,-5.00,-0.06,-2.56
-7.65,1.41,-4.51,-4.52,-0.05,-2.59
-8.16,1.29,-4.43,-4.05,0.31,-2.73
-8.32,1.69,-3.88,-3.30,0.21,-2.97
-9.02,2.31,-3.02,-2.80,0.27,-2.85
-9.10,2.90,-2.98,-2.66,0.74,-2.92
-9.14,2.90,-3.10,-2.70,1.70,-2.69
-10.08,3.45,-4.12,-2.79,1.61,-2.40
-9.18,3.57,-3.30,-3.07,1.06,-1.88
-9.89,3.30,-3.53,-3.48,1.13,-1.54
-8.71,2.31,-3.61,-3.83,0.98,-1.27
-8.90,2.24,-3.80,-2.93,0.12,-0.42
-7.92,2.12,-3.18,-2.19,-0.02,0.25
-9.49,2.35,-3.65,-1.05,-0.63,1.10
-9.38,1.96,-2.98,-0.14,-0.82,1.23
-10.08,2.20,-3.45,0.05,-0.28,1.02
-12.47,2.82,-3.88,0.30,-0.98,0.28
-8.71,2.79,-2.39,0.30,-0.88,-0.50
-8.12,2.67,-2.82,0.49,-0.42,-0.59
-7.85,2.39,-2.90,0.67,-0.70,-0.45
-8.32,2.24,-2.82,1.10,-0.64,-0.24
-9.41,2.12,-2.86,1.50,-0.50,0.03
-8.94,2.59,-3.02,2.02,-0.28,0.01
-9.41,3.06,-2.86,1.80,-0.25,-0.01
-8.51,2.39,-2.79,1.29,-0.09,-0.08
-11.14,-1.33,-2.28,1.04,0.02,-0.60
-10.67,-1.10,-2.47,2.24,-1.46,-1.30
-9.96,1.69,-3.45,2.55,-1.10,-1.72
-10.43,-1.29,-4.39,2.42,-1.72,-1.33
-8.79,4.55,0.08,3.48,-1.12,-1.46
-7.53,1.84,-1.80,1.96,-1.85,-1.65
-10.32,-1.92,0.71,0.05,-0.55,-1.22
-11.10,-1.96,-1.33,0.52,0.30,-1.36
-9.26,-0.59,-0.27,1.55,-2.62,-1.91
-8.75,0.00,1.65,1.03,-3.28,-1.59
-9.85,-1.57,1.10,0.58,-2.19,-1.69
-9.10,-6.63,1.65,0.64,-2.76,-1.85
-10.83,-7.37,3.77,1.41,-3.30,-1.81
-9.92,-2.90,3.57,2.28,-4.40,-2.15
-4.75,-1.69,4.98,2.13,-5.00,-2.86
-3.37,-4.98,7.49,1.69,-4.93,-1.77
-4.12,-4.98,8.16,1.99,-2.97,-2.10
-4.39,-1.80,9.10,2.23,-2.04,-2.25
-1.49,-3.73,10.24,1.84,-1.98,-2.23
-2.79,-3.92,10.40,1.43,-1.22,-1.36
-2.04,-4.20,10.32,1.58,-0.80,-1.90
-0.35,0.51,10.51,1.23,-0.02,-1.72
-1.26,-2.43,9.69,0.32,0.26,-0.59
-3.14,-2.94,7.65,0.23,0.61,-0.88
-2.39,-2.67,6.08,1.51,0.92,-2.17
-3.53,1.92,9.38,2.79,0.92,-1.93
-0.43,-1.49,10.55,0.82,-1.75,-1.12
0.90,-3.06,10.63,-0.30,-0.62,0.12
-2.63,-0.67,8.51,-0.35,0.67,0.47
-1.22,-0.39,9.57,-0.99,-0.41,0.74
2.75,-5.02,9.49,-2.25,-0.03,1.79
-1.77,-3.26,8.00,-1.81,2.21,2.18
-4.24,-5.02,9.77,-1.96,3.54,2.02
-3.61,-4.71,8.28,-1.09,1.62,1.87
-3.80,-4.79,7.73,-1.38,1.85,2.06
-3.26,-1.57,8.90,-1.27,1.54,2.49
-8.98,-4.82,6.75,-0.54,1.80,2.21
-7.65,-2.35,7.10,0.28,1.99,1.40
-6.04,-1.69,6.75,-0.04,0.59,1.75
-6.94,-1.80,5.92,-0.26,0.68,1.68
-7.88,-2.43,5.37,-0.13,0.76,1.33
-6.90,-1.22,6.83,0.02,0.34,1.08
-7.65,-1.10,6.79,-0.04,-0.09,1.37
-9.26,-2.35,6.20,-0.01,0.20,1.53
-8.36,0.04,6.63,0.13,0.01,1.03
-7.18,-1.06,6.86,-0.11,-0.46,0.97
-8.67,-0.94,6.98,-0.01,-0.57,0.89
-6.90,-1.65,7.26,0.09,-1.41,0.49
-4.35,-1.22,7.41,0.07,-1.81,-0.35
-4.67,-0.71,7.53,-0.15,-1.08,-0.47
-4.08,-1.57,7.45,-0.23,-0.80,-0.13
-3.92,-1.80,8.08,0.14,-0.86,-0.54
-2.67,0.24,8.32,-0.01,-0.47,-0.16
-4.04,0.27,7.77,-0.38,0.04,0.26
-6.00,-1.45,8.20,-0.21,0.08,-0.06
-4.51,-0.75,7.88,0.01,0.26,-0.14
-4.63,0.04,7.45,0.05,0.51,0.09
-6.83,-1.02,7.06,-0.13,0.63,0.14
-6.47,-0.55,7.81,0.02,0.03,-0.26
-5.26,-0.20,7.45,-0.04,-0.20,-0.14
-5.69,0.16,7.69,-0.29,-0.08,-0.07
-5.77,-0.67,7.81,-0.67,-0.08,-0.16
-5.81,-2.35,7.85,-0.61,-0.07,-0.27
-5.53,-2.00,8.32,-0.28,-0.05,-0.36
-5.06,-2.00,8.47,-0.29,-0.04,-0.32
-4.67,-2.04,8.04,-0.28,-0.01,-0.35
-4.79,-2.82,8.51,-0.23,0.18,-0.28
-4.86,-2.47,8.63,-0.04,0.33,-0.12
-5.18,-2.63,8.39,0.03,0.45,0.01
-5.33,-2.08,8.24,0.17,0.53,0.01
-5.77,-1.92,8.04,0.14,0.58,0.13
-5.92,-2.16,8.20,0.17,0.48,-0.20
-5.65,-2.67,8.12,0.27,0.42,-0.53
-5.37,-2.67,8.00,0.48,0.40,-0.30
-5.73,-1.73,7.65,0.58,0.55,0.00
-5.65,-1.06,7.37,0.51,0.64,0.10
-6.43,-2.12,7.69,0.49,0.57,-0.22
-6.24,-1.53,7.69,0.63,0.48,-0.06
-6.24,-1.29,7.37,0.55,0.48,0.10
-7.26,-1.18,7.41,0.55,0.39,0.03
-6.71,-1.02,7.45,0.58,0.08,0.03
-5.30,-0.59,7.37,0.54,0.19,-0.02
-6.83,-0.90,6.98,0.49,0.73,0.37
-8.00,-0.27,6.71,0.56,0.71,0.57
-7.26,0.63,6.39,0.56,0.37,0.12
-6.90,0.78,5.92,0.40,0.36,-0.14
-8.51,0.27,7.69,0.30,0.11,-0.23
-6.04,0.00,6.59,0.35,-0.25,-0.34
-5.88,-0.12,6.98,0.25,0.03,-0.29
-6.32,-0.27,7.26,0.18,0.25,-0.05
-8.08,-0.39,7.14,0.25,0.24,-0.11
-6.47,0.43,6.59,0.36,-0.16,-0.40
-6.32,0.04,6.86,0.19,-0.01,-0.15
-6.75,0.16,7.02,0.16,0.17,0.18
-7.06,0.12,6.71,0.12,0.16,0.09
-6.16,0.04,6.71,0.09,0.20,-0.02
-6.55,0.27,6.71,0.08,0.45,0.11
-7.10,0.31,6.75,0.06,0.61,0.29
-7.41,0.51,6.47,0.07,0.45,-0.02
-7.77,0.08,6.55,0.07,0.32,-0.11
-7.14,0.16,6.83,0.09,0.27,0.03
-7.14,0.24,6.59,0.08,0.38,0.07
-7.30,0.31,6.67,0.09,0.52,0.12
-7.57,0.39,6.43,0.12,0.52,0.16
-7.57,0.55,6.20,0.11,0.49,0.09
-7.81,0.78,6.00,0.11,0.38,0.09
-8.08,0.59,6.08,0.06,0.30,0.15
-7.85,0.63,5.88,0.04,0.17,0.07
-7.61,0.67,5.96,0.01,0.12,0.02
-7.81,0.67,5.96,0.03,0.11,-0.02
-7.49,0.75,6.04,-0.00,0.15,-0.01
-8.20,0.59,5.88,-0.04,0.14,-0.04
-7.88,0.78,5.92,-0.03,-0.04,-0.09
-7.14,0.35,6.32,-0.03,0.02,-0.11
-7.18,0.59,6.24,0.02,0.39,0.08
-7.85,0.94,6.12,0.03,0.44,0.10
-7.85,0.67,6.08,-0.02,0.36,0.04
-8.79,1.18,5.81,0.04,0.42,-0.04
-8.20,0.86,5.69,0.02,0.15,0.01
-8.04,0.67,5.73,-0.01,0.01,-0.02
-8.63,0.71,7.30,-0.01,0.05,0.03
-7.92,0.67,5.81,0.03,0.02,-0.04
-7.57,0.82,6.04,0.02,-0.01,-0.03
-8.20,0.55,5.65,-0.04,0.17,0.07
-8.43,0.43,5.73,-0.05,0.09,0.04
-7.49,0.67,5.73,-0.01,-0.01,-0.11
-8.16,0.75,5.81,-0.01,0.09,-0.06
-8.39,0.43,5.88,-0.06,-0.01,-0.02
-7.61,0.59,6.12,-0.01,-0.10,-0.15
-8.04,0.55,6.00,-0.01,-0.05,-0.10
-8.71,0.43,6.08,-0.01,-0.10,-0.05
-7.53,0.67,5.96,-0.02,-0.32,-0.20
-7.02,0.43,6.20,-0.06,-0.22,-0.22
-8.43,0.39,6.16,-0.08,-0.11,-0.12
-7.73,-0.16,6.35,-0.07,-0.42,-0.21
-7.73,0.39,6.51,0.03,-0.34,-0.16
-6.79,0.12,6.79,-0.02,-0.29,-0.16
-7.49,-0.08,6.71,-0.02,0.11,0.07
-7.73,0.24,6.47,0.04,0.21,0.11
-7.61,0.08,6.39,0.03,0.19,0.12
-7.37,0.04,6.43,0.07,0.37,0.17
-7.85,0.71,6.35,0.12,0.36,0.11
-8.12,0.47,6.20,0.07,0.26,0.05
-7.65,0.43,5.96,0.05,0.25,0.03
-8.00,0.86,5.92,0.08,0.21,0.02
-7.69,0.94,6.08,0.01,-0.03,-0.06
-7.22,0.31,6.39,-0.04,0.00,-0.01
-7.30,0.43,6.32,0.01,0.31,0.07
-8.79,0.63,5.81,0.03,0.38,0.08
-8.24,1.06,5.57,0.01,0.08,-0.00
-7.34,0.27,6.08,-0.05,-0.00,-0.08
-8.12,0.27,6.24,0.01,0.24,0.07
-7.85,0.90,5.77,0.03,0.21,0.07
-7.81,0.75,5.84,-0.03,0.25,-0.05
-8.51,0.94,5.77,-0.03,0.05,0.02
-7.65,0.55,5.96,-0.10,0.01,-0.01
-7.69,0.31,5.96,-0.06,0.15,0.02
-8.20,0.82,5.92,-0.02,0.23,0.02
-7.73,1.88,5.65,-0.13,0.21,0.00
-6.98,-0.24,5.77,-0.45,0.43,-0.01
-7.37,-0.86,6.32,-0.25,0.75,0.34
-9.89,0.47,5.30,-0.03,0.64,0.14
-8.20,0.82,4.98,0.06,0.05,-0.06
-7.73,0.24,5.49,0.01,0.13,0.03
-9.14,0.82,5.26,0.09,0.20,0.01
-8.67,0.67,5.69,0.04,-0.11,-0.02
-8.47,0.39,5.61,-0.00,-0.22,-0.03
-8.00,0.82,5.61,0.05,-0.30,-0.10
-7.77,0.27,5.92,0.04,0.14,-0.01
-8.43,0.43,5.65,-0.00,0.18,0.04
-8.24,0.59,5.37,0.02,0.10,0.02
-8.12,0.90,5.53,0.01,0.06,0.03
-8.04,0.67,5.57,0.01,0.15,0.01
-8.20,0.63,5.77,0.01,0.18,-0.07
-8.16,0.20,5.65,-0.03,0.30,-0.05
-8.55,0.82,5.41,0.00,0.31,0.13
-8.36,0.47,5.41,-0.06,0.18,0.01
-7.92,0.67,5.30,-0.02,0.18,0.02
-8.43,0.82,5.02,-0.04,0.32,0.07
-8.55,0.63,5.33,-0.03,0.25,0.03
-8.12,0.90,5.57,-0.11,0.33,-0.01
-8.43,-0.08,5.14,-0.10,0.57,0.14
-9.02,0.86,4.98,0.02,0.40,0.17
-8.90,1.69,5.02,-0.06,0.22,0.04
-8.39,0.82,5.22,-0.26,0.11,-0.03
-8.08,0.31,5.14,-0.31,0.18,0.13
-7.85,0.08,4.90,-0.32,0.32,0.25
-8.75,1.22,4.67,-0.23,0.53,0.39
-8.71,0.55,4.55,-0.27,0.55,0.34
-9.26,0.43,4.31,-0.12,0.60,0.24
-9.41,1.33,4.43,0.02,0.51,0.08
-9.26,1.26,4.39,-0.11,0.21,0.14
-8.87,0.51,4.55,-0.19,0.15,-0.03
-8.55,0.00,4.82,-0.07,0.30,-0.08
-9.45,0.35,4.82,0.09,0.48,0.11
-9.69,1.37,4.12,0.10,0.32,0.29
-8.36,1.45,3.88,0.04,0.18,0.16
-9.49,0.90,4.04,0.09,0.31,-0.08
-9.92,1.57,3.53,0.15,0.08,-0.07
-7.53,1.37,4.55,-0.08,-0.15,-0.05
-6.86,-0.63,5.84,-0.25,1.02,0.66
-11.53,1.29,3.18,-0.01,1.56,0.73
-11.38,2.12,2.47,0.07,0.38,0.03
-9.81,1.41,2.82,0.02,-0.61,-0.46
-7.85,1.06,4.12,0.04,-0.69,-0.59
-6.79,1.45,4.63,-0.00,-0.08,-0.20
-9.18,1.33,3.69,-0.27,0.84,0.15
-10.40,1.41,3.22,-0.34,0.75,0.18
-9.26,0.27,3.45,-0.25,0.31,-0.02
-8.55,0.82,3.57,0.06,0.56,0.02
-10.75,1.73,3.10,-0.01,0.58,0.17
-10.36,1.80,2.94,-0.20,0.10,-0.09
-9.26,0.24,3.53,-0.15,0.06,-0.26
-9.89,1.57,3.30,-0.18,0.22,0.09
-9.49,0.24,3.80,-0.30,0.16,0.19
-9.41,0.47,3.69,-0.08,0.29,0.19
-9.65,1.88,2.94,-0.13,0.34,0.38
-7.73,0.86,3.45,-0.36,0.46,0.45
-10.04,0.59,2.82,-0.14,1.06,0.53
-10.12,0.94,3.02,-0.03,0.92,0.56
-8.12,-1.18,4.55,-0.16,-0.26,0.55
-10.28,2.16,1.33,0.70,0.34,-0.28
-12.67,1.26,1.57,0.09,-0.57,0.10
-8.28,6.12,1.18,0.10,-1.38,-0.94
-9.18,1.06,4.71,-0.23,-0.62,-0.55
-9.49,-0.43,4.47,-0.06,-0.26,-0.05
-10.12,0.39,4.24,0.16,-0.43,-0.13
-8.71,2.04,3.73,0.24,-0.59,-0.27
-7.69,1.53,3.57,0.06,-0.27,-0.18
-9.57,3.02,1.96,0.04,0.24,0.16
-9.65,1.45,2.59,-0.02,-0.07,-0.04
-9.18,0.63,4.20,-0.01,-0.43,-0.49
-8.47,0.24,4.90,0.06,-0.31,-0.26
-8.36,1.18,4.04,0.09,0.20,-0.01
-9.92,1.33,3.30,0.03,0.43,0.00
-9.45,0.39,3.69,-0.00,0.28,-0.07
-9.96,1.22,3.65,0.06,0.21,-0.01
-9.22,1.22,3.49,0.01,0.14,0.04
-9.22,0.75,3.65,0.07,0.21,0.01
-9.65,1.49,3.41,0.10,0.27,0.05
-9.26,1.02,3.53,-0.06,0.23,0.01
-9.30,1.26,3.53,-0.04,0.21,-0.06
-9.18,0.43,3.57,-0.04,0.28,-0.02
-9.41,1.14,3.41,0.00,0.29,0.03
-9.65,0.94,3.33,-0.00,0.21,-0.10
-9.73,1.06,3.33,0.04,0.14,-0.04
-9.22,1.06,3.33,0.03,0.07,-0.05
-9.49,1.18,3.30,0.04,0.17,-0.14
-9.53,1.22,3.45,-0.00,0.16,-0.18
-9.10,1.14,3.41,-0.05,0.18,0.08
-9.77,0.35,3.10,-0.01,0.22,0.00
-9.77,0.94,3.10,0.07,0.06,-0.06
-9.49,1.22,3.18,0.00,-0.03,0.01
-9.06,1.06,3.30,0.03,0.11,0.06
-9.22,0.90,3.18,0.03,0.19,0.02
-9.96,0.86,3.22,0.04,0.32,0.12
-9.69,1.37,2.75,0.02,0.08,0.03
-8.83,1.22,3.14,-0.04,0.06,-0.06
-9.69,0.90,3.22,-0.03,0.35,0.03
-10.28,3.26,1.49,-0.05,0.22,0.11
-9.77,1.53,2.67,0.00,0.14,-0.01
-9.53,1.53,2.55,-0.02,0.14,-0.01
-9.49,0.78,3.06,-0.06,0.11,0.03
-10.12,0.86,2.90,-0.03,0.19,0.08
-10.28,1.37,2.71,0.05,0.02,-0.03
-9.38,1.37,2.79,-0.00,-0.23,-0.13
-8.94,0.78,3.10,-0.02,-0.07,-0.04
-9.69,1.14,2.90,-0.02,0.08,-0.02
-11.26,1.92,3.02,0.02,0.03,-0.14
-9.61,1.26,2.79,0.00,-0.14,-0.17
-8.83,1.61,3.14,-0.01,-0.10,-0.12
-9.06,0.35,3.33,-0.09,0.09,-0.12
-9.49,0.82,3.22,0.04,0.31,0.04
-10.12,1.02,3.06,0.04,0.22,0.02
-9.26,0.98,2.98,0.01,0.05,0.07
-9.49,1.06,2.98,0.01,0.09,0.00
-9.77,1.06,2.75,-0.01,0.16,0.02
-9.81,0.90,2.71,-0.05,0.11,-0.01
-9.34,0.67,3.10,-0.02,0.09,-0.03
-9.49,1.22,2.94,0.01,0.20,0.01
-9.38,1.06,2.90,-0.04,0.23,0.05
-10.00,0.59,2.90,-0.04,0.25,0.03
-9.92,1.29,2.79,-0.03,0.18,0.05
-7.53,1.22,3.84,0.01,0.06,0.04
-9.49,1.10,2.90,-0.00,0.25,0.18
-10.51,1.26,2.47,0.03,0.15,0.03
-9.96,1.45,2.82,-0.03,-0.08,-0.09
-9.22,0.78,3.14,-0.08,-0.01,-0.00
-9.14,1.33,2.82,0.01,0.19,0.08
-9.73,1.45,2.55,-0.01,0.31,0.14
-9.06,1.02,2.90,-0.06,0.32,0.12
-10.55,1.57,2.16,-0.02,0.49,0.20
-10.43,1.45,1.88,-0.02,0.12,0.14
-9.14,1.33,2.63,0.04,-0.24,-0.06
-9.57,1.26,2.55,0.02,-0.18,-0.13
-9.61,2.12,2.47,-0.08,-0.01,-0.11
-9.89,1.69,2.47,-0.30,0.14,-0.58
-9.38,0.24,2.86,-0.33,0.03,-0.67
-9.06,1.33,2.75,-0.23,0.21,-0.28
-10.28,0.94,2.55,-0.33,0.25,-0.33
-10.43,0.67,2.43,-0.38,0.05,-0.46
-9.73,0.63,2.67,-0.48,-0.07,-0.49
-9.53,1.06,2.47,-0.62,-0.01,-0.83
-10.16,-0.59,2.20,-0.66,-0.12,-1.22
-9.26,-2.20,3.30,-0.43,-0.55,-1.15
-8.36,-1.33,3.37,-0.20,-0.22,-0.43
-9.77,-1.14,2.82,-0.15,0.29,-0.08
-10.12,-1.41,2.86,-0.00,0.29,0.13
-9.92,-0.24,2.67,-0.04,0.09,-0.06
-9.34,-1.18,2.94,-0.17,0.04,-0.13
-9.65,-1.53,2.90,-0.07,0.24,0.01
-10.12,-1.10,2.59,0.04,0.08,0.11
-9.77,-0.51,2.82,0.04,0.02,0.07
-9.61,-1.10,2.71,-0.03,0.12,0.06
-10.12,-0.94,2.59,0.12,0.19,0.10
-9.61,-0.24,2.67,0.14,0.04,-0.02
-9.85,-0.55,2.71,-0.01,0.06,0.04
-9.73,-1.41,2.94,-0.02,0.14,0.05
-9.26,-0.04,2.47,0.05,0.24,0.17
-9.49,0.00,2.47,-0.02,0.31,0.32
-9.65,-0.16,2.31,-0.04,0.23,0.10
-9.96,-0.75,2.39,-0.06,0.22,0.07
-9.92,-0.67,2.39,-0.08,0.25,0.12
-9.92,-0.78,2.20,-0.09,0.26,0.24
-10.04,-0.24,1.96,0.03,0.19,0.09
-9.65,-0.55,2.47,0.05,0.12,-0.13
-10.16,-0.27,2.31,0.02,0.16,0.13
-10.08,-0.12,2.08,-0.05,0.11,0.29
-9.38,-0.75,2.28,-0.06,0.06,0.22
-10.47,0.16,1.92,0.13,0.05,-0.04
-9.45,-0.08,2.47,-0.03,-0.12,-0.21
-9.96,0.04,2.39,-0.03,0.29,0.25
-10.28,-0.35,2.00,-0.06,0.29,0.28
-9.96,-0.27,2.51,0.09,0.18,-0.17
-9.81,-0.43,2.43,0.04,0.16,-0.02
-9.41,-0.08,2.16,-0.07,0.26,0.26
-9.18,0.00,2.20,-0.08,0.49,0.30
-10.59,-0.12,1.69,-0.05,0.55,0.34
-11.49,0.31,1.14,0.07,0.07,0.03
-8.63,0.04,2.71,0.00,-0.17,-0.14
-7.65,-0.75,3.18,-0.22,0.42,0.32
-11.53,0.43,0.78,-0.15,1.07,0.99
-11.96,1.49,0.20,0.06,0.21,0.01
-10.59,0.90,1.57,-0.05,-0.58,-0.37
-9.14,-0.59,2.47,-0.10,-0.55,-0.38
-10.12,-0.24,2.00,0.02,-0.14,-0.19
-11.26,-0.20,1.65,0.11,-0.24,-0.56
-9.53,-2.51,4.20,0.44,-0.53,-0.92
-9.02,-1.80,3.37,0.18,-0.19,-0.40
-10.24,0.16,2.12,-0.02,-0.00,-0.45
-10.55,0.63,1.69,-0.13,-0.16,-0.71
0.12,-7.14,1.37,-0.56,-0.70,-0.48
-9.38,-1.37,2.08,0.06,0.47,-0.42
-11.61,-1.06,2.04,0.12,0.36,0.08
-9.61,-0.75,2.71,-0.04,-0.38,-0.17
-9.06,-1.06,2.59,-0.01,-0.12,-0.03
-9.85,-1.02,2.47,0.04,-0.04,-0.01
-9.92,-0.59,2.63,0.03,-0.06,0.04
-9.30,-0.86,2.79,-0.16,0.05,0.18
-10.51,-1.53,2.31,-0.10,0.09,0.32
-10.28,-0.63,2.16,0.14,-0.26,0.22
-8.55,-0.43,3.37,0.13,-0.37,0.11
-10.43,-0.27,2.12,0.30,0.03,0.08
-9.10,-0.12,2.98,0.30,-0.07,0.08
-8.28,-1.45,4.63,0.21,0.01,0.43
-12.00,1.96,1.84,0.33,0.45,0.70
-10.87,1.65,2.43,0.14,-0.11,0.18
-8.51,-0.43,3.10,0.15,-0.38,-0.25
-9.69,-1.29,3.02,0.41,-0.13,0.29
-10.71,1.06,2.47,0.66,0.04,0.39
-8.83,2.24,3.37,0.11,-0.32,-0.35
-8.28,0.51,5.02,-0.19,0.60,0.18
-11.65,0.94,1.29,-0.02,1.61,0.57
-10.55,0.08,1.53,0.11,0.36,-0.24
-8.12,-0.86,2.94,0.47,0.09,-0.33
-10.12,0.75,2.67,0.59,0.50,-0.12
-10.71,0.75,1.84,0.29,0.03,0.05
-9.49,0.16,2.24,0.43,-0.18,-0.11
-8.55,1.26,3.77,0.41,-0.04,-0.06
-9.22,1.37,2.86,0.02,0.37,0.21
-8.63,2.51,1.57,-0.15,0.56,0.58
-7.88,-0.47,2.47,-0.19,0.71,0.30
-9.06,-0.43,1.69,0.03,0.75,-0.67
-8.16,-0.16,1.80,0.32,-0.09,-1.10
-6.00,2.08,0.63,0.85,-0.46,-1.36
-8.67,0.47,1.26,0.26,-0.86,-1.07
-8.47,-1.69,2.75,0.13,-0.09,-0.73
-5.41,0.98,0.71,0.30,-0.53,-0.44
-7.10,0.39,0.94,-0.47,-0.44,-0.02
-7.26,-3.77,3.26,-0.83,-0.25,-1.29
-8.36,-4.08,2.86,-0.45,0.07,-1.18
-6.16,0.00,2.16,0.04,-0.67,-1.15
-6.79,-6.79,4.67,-0.99,-0.46,-2.37
-8.55,-8.87,3.06,0.05,0.91,-1.54
-8.12,-3.45,1.14,0.67,0.88,-1.91
-7.57,-2.79,1.92,0.38,0.49,-2.30
-6.16,-6.08,2.51,-0.52,-0.17,-2.05
-6.79,-6.98,1.69,0.01,-0.09,-2.15
-6.00,-4.16,2.39,-0.02,-0.20,-2.53
-8.08,-11.34,4.59,-1.15,0.54,-0.89
-12.36,-10.36,2.67,-0.87,1.87,0.30
-10.32,-5.10,0.98,-0.09,0.87,-0.81
-6.47,-4.31,0.98,-0.92,-0.51,-1.38
-6.35,-9.49,3.37,-1.69,-0.56,-1.07
-8.75,-12.87,2.43,-1.22,0.70,-0.41
-9.57,-6.39,0.20,-0.10,1.27,-0.20
-7.37,-4.98,1.33,-0.69,0.37,-0.66
-9.34,-13.42,1.33,-1.66,0.08,-0.72
-9.22,-9.65,0.39,-0.25,0.78,-0.22
-7.96,-7.73,0.00,-0.09,0.53,-0.43
-8.16,-9.30,0.00,-0.32,0.41,-0.66
-8.71,-10.00,-0.71,0.12,0.57,-0.85
-8.20,-8.47,-0.86,0.31,0.51,-0.66
-8.04,-8.87,-0.55,0.08,0.29,-0.56
-8.43,-10.28,-0.27,0.08,0.16,-0.56
-8.08,-9.73,-0.39,0.25,0.13,-0.42
-7.45,-8.98,-0.47,0.25,-0.05,-0.14
-6.16,-8.71,-0.31,0.15,-0.27,-0.21
-5.37,-8.36,-0.27,0.18,-0.15,-0.32
-5.18,-8.24,-0.12,0.10,0.05,-0.19
-6.32,-9.14,-0.27,-0.07,0.26,-0.06
-6.71,-9.14,0.04,0.05,0.20,-0.12
-6.55,-8.59,0.00,0.07,0.12,-0.05
-5.73,-8.90,0.04,0.04,-0.08,-0.01
-5.61,-8.98,0.24,0.08,-0.01,-0.05
-5.73,-8.87,0.20,0.10,0.07,0.00
-5.45,-8.71,0.16,0.12,0.07,0.07
-5.65,-9.02,0.12,0.17,0.05,0.01
-5.37,-8.71,0.08,0.18,0.10,-0.05
-5.69,-8.83,0.04,0.17,0.20,0.04
-6.00,-8.75,-0.04,0.18,0.14,0.12
-5.57,-8.79,-0.12,0.15,0.05,0.06
-5.02,-8.51,0.08,0.11,-0.01,0.02
-5.57,-8.90,0.00,0.05,0.15,0.05
-6.04,-9.02,0.00,0.03,0.14,0.03
-6.00,-8.94,0.00,0.06,0.06,0.02
-5.69,-8.94,0.08,0.10,0.04,0.05
-6.04,-9.02,-0.08,0.09,0.06,0.09
-5.92,-8.87,-0.16,0.08,-0.00,0.14
-5.45,-8.55,-0.12,0.04,-0.11,0.07
-5.33,-8.59,-0.12,0.00,-0.10,-0.02
-5.57,-8.79,0.35,-0.04,-0.09,-0.05
-5.61,-9.02,0.27,-0.01,-0.06,-0.06
-5.57,-8.75,0.31,0.04,-0.03,-0.04
-5.45,-8.47,0.35,0.05,0.05,-0.04
-5.69,-8.59,0.35,0.02,0.09,-0.04
-5.57,-8.59,0.39,0.03,0.09,-0.03
-5.84,-8.43,0.47,0.02,0.11,-0.06
-6.12,-8.63,0.31,-0.00,0.06,-0.04
-5.77,-8.55,0.35,-0.01,-0.01,-0.03
-5.57,-8.51,0.47,-0.03,-0.01,-0.05
-5.73,-8.63,0.55,-0.01,0.04,-0.06
