-7.41,-6.94,0.27,-0.08,0.61,-1.06
-7.34,-7.41,-0.04,-0.02,0.27,0.03
-7.34,-7.34,0.16,0.05,0.10,-0.07
-7.06,-7.49,0.00,-0.01,0.07,-0.00
-7.53,-7.41,0.00,0.07,0.03,0.02
-7.45,-7.41,0.04,-0.04,0.03,0.01
-7.30,-7.37,0.04,-0.01,-0.00,0.06
-7.34,-7.22,0.24,0.01,0.03,0.07
-7.53,-7.73,0.47,0.15,0.01,0.04
-8.12,-6.79,0.39,0.07,0.02,-0.05
-7.34,-6.32,-0.82,-0.05,0.19,0.11
-6.67,-3.45,-1.14,0.16,0.52,1.15
-7.41,-7.65,-0.98,0.17,0.76,0.78
-8.51,-9.65,-0.08,1.36,1.11,0.02
-8.67,-8.98,-0.12,1.48,1.28,-0.37
-9.22,-10.71,-1.41,2.44,1.52,-1.07
-8.28,-7.57,0.98,2.31,1.37,-1.51
-7.57,-8.32,1.14,2.13,1.23,-1.57
-6.63,-8.00,0.67,2.08,1.17,-1.53
-6.71,-6.12,2.08,1.59,0.71,-1.49
-6.12,-7.69,2.04,0.85,0.54,-0.64
-5.06,-7.30,2.47,0.42,0.13,-0.48
-5.10,-8.43,2.20,-0.20,0.18,-0.42
-5.14,-8.59,1.26,0.13,0.38,-0.19
-5.57,-8.47,2.28,0.16,0.25,-0.14
-4.90,-8.71,1.41,0.22,0.30,-0.11
-5.33,-8.43,2.31,0.03,0.27,-0.05
-5.26,-8.98,2.00,0.04,0.18,-0.00
-5.26,-8.90,1.96,0.06,0.19,-0.06
-4.63,-8.75,1.84,0.05,0.21,-0.01
-5.45,-7.81,1.96,-0.31,0.13,0.08
-5.14,-8.94,1.61,-0.04,0.08,0.02
-5.10,-8.67,2.12,0.01,0.06,0.02
-5.37,-8.71,2.08,-0.01,0.09,0.04
-5.41,-9.30,1.61,0.24,0.09,-0.09
-5.33,-8.75,1.88,-0.01,0.15,-0.03
-5.10,-9.06,1.73,0.28,0.05,-0.13
-5.06,-8.24,2.28,0.22,-0.02,0.10
-5.18,-9.06,2.08,0.09,0.01,-0.07
-5.53,-9.30,2.12,0.30,-0.09,-0.01
-5.14,-7.92,2.16,-0.10,0.02,0.11
-5.49,-7.41,2.28,-0.30,0.02,0.25
-5.49,-8.55,1.92,-0.24,0.01,0.26
-5.10,-9.96,1.88,-0.01,0.02,-0.01
-5.61,-8.67,2.67,1.06,-0.10,0.02
-5.10,-8.71,2.98,0.85,-0.09,-0.10
-5.41,-6.98,3.53,0.51,-0.06,-0.04
-5.37,-7.65,2.90,-0.68,0.02,-0.04
-5.10,-8.00,2.31,-0.73,0.04,0.25
-5.02,-8.83,2.35,-0.52,0.06,0.14
-5.77,-9.38,2.31,0.68,-0.07,0.30
-5.92,-8.75,3.14,1.01,-0.12,0.02
-5.02,-7.77,3.45,0.81,0.01,-0.09
-5.61,-8.71,3.26,0.15,-0.10,-0.05
-5.41,-6.16,3.61,-0.58,0.07,-0.04
-5.92,-8.43,3.06,-0.77,0.04,0.00
-5.45,-8.16,2.31,-0.83,0.04,0.13
-5.06,-8.39,2.63,-0.47,-0.01,0.10
-5.92,-9.45,2.24,0.20,-0.08,0.25
-5.84,-9.73,2.59,0.94,-0.14,0.10
-6.98,-8.28,3.73,0.33,-0.07,-0.02
-5.92,-6.20,3.65,-0.33,0.03,0.10
-4.20,-7.96,2.79,-0.92,0.01,0.05
-0.31,-7.53,4.55,-0.80,1.19,0.62
-4.12,-3.65,0.00,-0.32,0.19,0.19
-5.18,-7.22,2.35,-0.51,0.15,0.12
-5.45,-8.08,4.00,-0.93,0.12,0.08
-7.53,-9.18,4.16,-1.32,-0.02,0.28
-5.81,-8.39,2.55,-1.10,-0.26,0.33
-7.37,-6.51,3.49,-1.30,-0.22,0.33
-6.71,-10.24,1.69,-1.02,-0.19,0.27
-6.63,-9.53,1.69,-0.21,-0.32,0.22
-6.51,-8.94,1.96,0.03,-0.31,0.20
-6.63,-8.47,1.96,0.09,-0.28,0.19
-6.51,-8.04,1.65,0.05,-0.29,0.18
-6.83,-8.32,1.41,0.03,-0.29,0.18
-6.83,-8.24,1.41,0.11,-0.26,0.17
-6.90,-8.28,1.45,0.23,-0.19,0.19
-6.71,-7.81,1.84,0.28,-0.18,0.20
-6.67,-7.41,1.88,0.19,-0.17,0.20
-6.63,-7.85,1.37,0.16,-0.19,0.15
-6.71,-7.53,1.73,0.25,-0.22,0.16
-6.55,-7.10,2.08,0.20,-0.25,0.14
-6.24,-7.26,2.00,-0.06,-0.20,0.06
-6.35,-7.61,1.96,-0.15,-0.16,-0.02
-6.55,-7.92,2.28,-0.06,-0.13,-0.02
-6.43,-8.00,2.67,0.11,-0.01,-0.02
-6.24,-7.96,2.51,0.21,0.12,-0.08
-5.96,-8.08,2.28,0.47,0.36,-0.15
-6.16,-7.61,2.71,0.83,0.57,-0.19
-6.24,-6.47,3.22,0.75,0.61,-0.25
-6.12,-6.43,3.37,0.55,0.59,-0.28
-6.55,-6.90,3.37,0.46,0.52,-0.28
-6.94,-6.63,3.53,0.46,0.43,-0.32
-7.14,-5.65,3.96,0.30,0.24,-0.28
-7.53,-5.57,4.04,-0.22,-0.10,-0.22
-7.37,-6.32,3.57,-0.48,-0.39,-0.16
-7.10,-6.12,3.45,-0.58,-0.70,-0.08
-5.96,-3.65,4.24,-0.91,-0.88,0.01
-5.69,-11.14,1.69,-0.99,-1.04,-0.18
-5.10,-11.26,2.47,-0.15,-1.34,-0.16
-5.49,-7.10,5.37,1.09,-1.41,-0.33
-6.83,-8.36,4.00,0.80,-1.32,0.90
-5.45,-8.71,3.06,1.46,-1.38,0.96
-5.65,-6.67,4.98,2.38,-1.33,1.18
-5.77,-4.94,6.28,1.93,-1.11,1.09
-6.04,-5.77,6.16,1.61,-1.00,0.94
-5.88,-6.67,6.28,1.28,-0.76,0.80
-4.86,-4.35,6.71,1.37,-0.68,0.87
-3.57,-4.79,7.57,1.29,-0.44,0.74
-4.24,-3.65,7.49,1.03,-0.30,0.72
-5.26,-5.65,6.98,0.87,-0.28,0.53
-5.18,-3.80,7.34,0.91,-0.42,0.61
-4.47,-2.71,7.30,0.84,-0.41,0.63
-4.31,-4.20,7.69,0.47,-0.28,0.71
-5.10,-4.20,8.24,0.36,-0.25,0.79
-5.77,-4.39,7.92,0.21,-0.32,0.80
-4.94,-4.63,7.73,0.19,-0.37,0.90
-4.51,-3.45,8.51,0.35,-0.39,0.93
-3.45,-2.82,7.77,0.20,-0.23,0.78
-3.37,-2.59,7.65,-0.09,-0.11,0.74
-3.41,-3.02,8.00,-0.16,-0.03,0.66
-3.88,-2.98,8.39,-0.22,-0.04,0.54
-3.41,-2.79,7.88,-0.08,-0.03,0.47
-3.14,-1.61,8.32,-0.14,0.03,0.44
-4.47,-1.61,8.94,-0.31,0.08,0.50
-4.51,-2.04,8.00,-0.46,0.11,0.37
-4.82,-1.69,8.24,-0.44,0.13,0.45
-5.22,-1.65,8.12,-0.38,0.16,0.55
-5.06,-0.90,8.51,-0.65,0.17,0.39
-4.43,-1.06,8.55,-1.02,0.31,0.35
-5.61,-1.69,8.20,-1.90,0.34,0.48
-6.32,-3.37,8.24,-2.56,0.35,0.77
-7.14,-3.77,8.47,-2.71,0.39,0.96
-8.36,-3.33,7.85,-3.52,0.27,1.09
-7.96,-5.41,6.55,-3.47,-0.45,1.09
-7.06,-1.10,11.06,-2.85,-0.73,1.27
-6.94,-2.24,2.71,-3.15,-0.90,1.73
-7.06,-6.04,1.61,-2.53,-0.56,1.63
-11.45,-3.61,5.96,-2.12,-0.43,1.62
-12.59,17.06,7.45,-2.88,-0.96,2.48
-12.75,-6.39,-0.16,-5.00,-1.33,4.11
-8.87,-8.79,-0.78,-4.94,-1.33,1.34
-8.94,-7.96,1.80,-3.23,-1.43,1.95
-8.24,-6.28,1.88,-1.64,-1.43,1.67
-7.57,-3.41,1.41,-1.42,-1.25,1.75
-8.67,-4.79,3.26,-1.96,-1.22,1.91
-8.28,-11.22,1.49,-2.43,-1.02,1.12
-6.51,-9.53,2.94,-1.32,-0.91,0.83
-5.73,-5.73,4.00,-0.45,-0.75,0.99
-5.65,-5.18,3.96,-0.33,-0.57,1.18
-5.33,-5.30,3.88,-0.32,-0.25,1.34
-5.41,-5.73,3.96,-0.23,0.03,1.37
-5.53,-5.45,4.28,0.02,0.33,1.35
-5.81,-5.18,4.51,0.14,0.49,1.25
-6.79,-5.41,4.39,0.17,0.57,1.14
-7.45,-5.22,3.92,0.30,0.62,0.95
-8.36,-4.79,3.84,0.38,0.66,0.68
-9.96,-4.55,3.37,0.26,0.74,0.57
-12.12,-5.06,2.86,0.21,0.85,0.47
-13.34,-5.92,2.51,0.57,0.82,0.33
-13.22,-5.96,2.16,1.02,0.67,0.05
-13.57,-5.26,1.26,1.60,0.38,-0.35
-13.45,-3.69,0.82,1.79,-0.04,-0.63
-12.28,-2.16,0.63,1.54,-0.34,-0.92
-10.75,-1.88,0.12,0.83,-0.57,-1.33
-9.89,-2.43,-0.04,0.43,-0.58,-1.45
-9.18,-2.82,-0.31,0.34,-0.56,-1.42
-8.90,-3.41,-0.39,0.31,-0.51,-1.32
-8.63,-3.69,-0.51,0.32,-0.38,-1.17
-7.85,-4.04,-0.31,0.33,-0.19,-0.94
-7.34,-4.28,-0.20,0.36,-0.04,-0.77
-7.10,-4.47,-0.16,0.50,0.27,-0.45
-7.37,-4.75,0.16,0.82,0.63,-0.13
-7.69,-4.71,0.39,1.14,0.86,0.02
-8.12,-4.63,0.43,1.60,1.17,0.17
-8.87,-4.39,0.63,1.88,1.32,0.17
-9.77,-4.31,0.67,2.12,1.41,0.11
-10.32,-4.16,0.71,2.13,1.37,0.02
-10.43,-3.92,0.94,2.04,1.31,-0.07
-10.08,-3.73,1.14,1.83,1.24,-0.30
-9.61,-3.57,1.41,1.73,1.16,-0.58
-9.61,-3.37,1.41,1.80,1.05,-0.80
-10.36,-3.26,1.29,1.88,0.98,-0.88
-11.53,-3.26,1.57,1.90,0.88,-0.89
-11.22,-2.86,1.88,1.86,0.69,-1.00
-9.06,-1.96,2.67,1.74,0.54,-1.22
-7.57,-1.53,2.67,1.52,0.46,-1.48
-8.63,-2.24,2.04,1.44,0.63,-1.32
-10.51,-3.57,1.33,1.47,0.78,-0.97
-11.61,-3.57,2.20,1.45,0.94,-0.36
-11.22,-3.10,4.08,0.85,0.85,-0.05
-8.98,-2.98,4.43,0.36,0.66,-0.13
-7.26,-3.92,3.33,0.17,0.51,-0.28
-6.83,-3.49,2.55,0.81,0.60,-0.29
-7.34,-2.51,2.35,1.23,0.71,-0.25
-8.28,-2.35,2.47,1.29,0.86,-0.05
-9.02,-2.79,2.75,0.89,0.90,0.28
-8.79,-3.14,3.18,0.60,0.84,0.41
-8.36,-3.61,3.14,0.28,0.74,0.46
-7.61,-3.30,2.55,0.21,0.74,0.46
-7.49,-3.33,1.96,0.25,0.77,0.57
-6.90,-3.33,1.57,0.44,0.85,0.66
-6.24,-3.22,1.26,0.67,0.88,0.67
-6.28,-2.94,0.78,0.77,0.87,0.65
-6.83,-2.86,0.27,0.92,0.79,0.67
-8.04,-2.31,-0.20,1.03,0.62,0.65
-9.41,-1.73,-0.43,0.97,0.49,0.64
-11.22,-1.37,-0.75,0.65,0.28,0.70
-11.81,-1.57,-0.78,0.23,0.08,0.74
-10.67,-0.82,-0.43,-0.07,-0.01,0.43
-9.92,0.08,0.12,-0.25,0.02,0.18
-8.94,0.39,0.00,-0.29,-0.01,-0.13
-8.24,0.86,-0.24,-0.25,-0.00,-0.20
-9.10,0.08,-0.20,-0.30,-0.03,-0.12
-8.43,0.00,-0.27,-0.26,-0.09,-0.11
-8.24,-0.43,-0.27,-0.20,-0.04,-0.10
-10.40,-0.98,-0.43,-0.09,0.24,0.15
-11.73,-0.51,0.78,0.16,0.30,0.45
-10.51,-0.51,1.10,0.23,0.24,0.46
-10.79,-0.24,0.59,0.43,0.27,0.48
-11.61,-0.39,-0.20,0.70,0.32,0.53
-12.47,0.98,0.12,1.03,0.34,0.47
-10.55,0.59,-0.24,0.87,0.37,0.35
-11.06,-0.31,-0.47,1.03,0.51,0.30
-11.65,0.24,-0.47,1.40,0.55,0.30
-11.49,0.59,-0.51,1.28,0.58,0.19
-10.43,-0.12,-0.75,1.15,0.68,0.22
-11.18,-0.55,-1.73,1.26,0.71,0.17
-10.94,0.08,-1.65,1.53,0.75,0.07
-10.71,2.86,-1.84,1.11,0.86,-0.10
-12.63,0.78,1.45,0.25,0.35,-0.08
-12.43,-2.00,3.61,-0.54,0.26,-0.19
-13.38,2.90,-4.35,-0.63,-0.03,0.14
-18.04,9.22,-6.32,1.63,0.49,1.40
-15.89,-5.88,1.49,0.24,0.97,1.17
-13.34,-2.86,0.43,-0.65,0.04,-0.67
-10.67,0.78,-0.27,-0.60,-0.11,-0.84
-8.67,2.98,-3.84,-1.58,0.22,-1.04
-8.51,-4.04,-4.90,-1.33,0.06,-0.52
-10.40,2.16,-1.33,0.28,0.11,0.42
-9.34,-2.90,-2.20,-0.04,0.21,0.50
-8.94,-1.18,-1.41,0.37,0.36,0.21
-10.43,1.06,-0.51,0.20,0.17,0.90
-10.08,1.22,-1.06,0.14,0.05,0.80
-9.81,1.10,-2.04,-0.04,0.02,0.58
-10.28,-0.90,-1.57,0.86,0.15,0.22
-9.92,2.67,-0.27,1.26,0.10,0.10
-10.12,1.80,-2.71,0.65,0.05,0.34
-10.28,2.51,-1.96,0.15,-0.04,0.36
-10.16,1.96,-2.00,-0.50,-0.08,0.11
-10.47,2.20,-1.22,-0.40,-0.07,0.17
-10.28,0.86,-1.22,-0.27,-0.04,0.01
-10.28,0.24,-1.22,0.05,0.00,0.06
-10.28,2.47,-1.26,0.14,-0.02,0.02
-9.96,1.45,-1.41,-0.50,-0.09,-0.04
-10.12,0.59,-1.73,-0.43,-0.10,-0.07
-10.16,1.61,-1.10,-0.13,0.01,-0.06
-10.08,1.96,-1.18,-0.14,-0.00,-0.04
-9.30,1.92,-3.33,-0.38,0.04,0.06
-10.63,0.12,-1.77,-0.35,0.13,0.07
-10.32,1.80,-0.16,-0.05,0.03,-0.04
-10.08,0.90,-0.86,-0.26,0.04,-0.06
-10.08,0.59,-1.18,-0.07,0.05,-0.06
-10.04,2.12,-0.90,-0.09,-0.02,-0.08
-10.20,0.31,-1.29,-0.56,-0.05,-0.15
-10.16,1.18,-0.63,-0.42,-0.06,-0.17
-10.04,0.86,-1.22,-0.48,-0.02,-0.17
-10.24,0.90,-1.49,-0.33,0.05,-0.01
-10.08,1.10,-1.29,-0.16,0.02,-0.05
-10.20,1.57,-0.75,-0.16,0.03,-0.08
-10.98,0.51,-1.41,-0.34,-0.02,-0.09
-13.73,1.84,-2.51,-0.27,-0.06,-0.20
-12.67,-0.35,-1.14,-0.78,0.01,-0.25
-10.00,-1.92,-2.67,-1.56,-0.35,-0.05
-10.04,2.86,-1.88,-0.22,-0.14,0.30
-14.55,7.73,0.16,0.33,0.28,0.17
-15.02,1.77,-0.94,-0.73,0.16,-0.32
-12.59,3.77,-2.82,-0.57,0.08,-0.45
-12.28,-1.06,-1.02,-0.52,0.09,-0.35
-12.75,0.67,-0.51,-0.26,0.19,-0.36
-11.69,-0.20,-2.59,-0.38,0.07,-0.17
-13.49,1.96,0.63,-0.28,0.07,-0.25
-11.49,0.55,-1.61,-0.46,0.05,-0.24
-12.04,-0.12,-1.26,-0.23,0.04,-0.18
-12.71,0.98,-0.55,-0.29,0.02,-0.31
-11.26,0.63,-0.31,-0.39,-0.04,-0.23
-11.38,1.10,-0.90,-0.47,-0.08,-0.33
-10.63,-0.39,-0.43,-0.48,-0.12,-0.33
-10.71,-0.51,-1.02,-0.65,-0.24,-0.37
-10.43,0.04,0.00,-0.43,-0.28,-0.34
-9.38,0.27,-0.12,-0.70,-0.34,-0.29
-10.00,-0.35,-0.47,-0.63,-0.34,-0.31
-8.71,-0.20,0.20,-0.35,-0.30,-0.42
-8.16,0.12,0.47,-0.29,-0.29,-0.46
-7.18,0.39,-0.08,-0.40,-0.32,-0.61
-6.71,-1.41,-0.16,-0.28,-0.31,-0.60
-6.32,-1.29,0.39,0.02,-0.22,-0.64
-5.84,1.02,0.75,0.15,-0.23,-0.68
-5.49,-0.20,-0.08,-0.59,-0.30,-0.66
-5.61,-2.63,-0.31,-0.32,-0.23,-0.48
-5.96,-2.24,-0.04,0.38,-0.06,-0.32
-6.83,0.12,0.39,0.19,-0.11,-0.12
-7.65,-1.61,0.39,-0.23,-0.18,0.05
-7.81,-1.18,1.22,-0.28,-0.11,0.09
-9.10,-1.84,1.45,-0.12,0.09,0.28
-8.51,-1.02,1.41,0.03,0.21,0.32
-9.57,-2.67,0.78,-0.05,0.31,0.42
-9.53,-1.61,1.10,0.11,0.36,0.49
-9.61,-2.16,1.18,0.11,0.35,0.44
-8.83,-1.10,1.06,0.27,0.40,0.33
-8.87,-1.49,0.31,0.21,0.41,-0.02
-10.16,-0.27,0.94,0.59,0.42,-0.37
-12.63,2.16,-0.24,0.65,0.52,-1.49
-11.14,-4.04,1.53,0.50,0.42,-1.78
-14.24,-5.65,0.82,0.83,0.50,-2.46
-15.22,-3.06,3.14,2.00,0.68,-2.55
-16.16,-7.53,-2.31,1.90,0.54,-2.31
-18.87,-8.24,-0.04,1.88,0.22,-2.19
-17.69,-10.24,-1.29,0.84,-0.76,-2.16
-16.24,-11.96,-0.16,0.45,-1.13,-2.16
-17.73,-9.81,2.63,0.90,-0.95,-2.12
-13.18,-5.26,0.94,1.15,-1.02,-2.36
-11.18,-4.12,-0.47,1.50,-1.20,-2.77
-7.73,-3.14,-2.16,2.28,-1.68,-3.37
-3.61,-1.10,-6.24,2.50,-2.56,-3.71
-3.33,1.77,-8.39,3.42,-3.91,-4.48
6.12,7.69,-8.75,3.87,-5.00,-4.55
9.57,9.18,-1.69,3.75,-5.00,-4.48
16.75,8.08,2.20,2.79,-5.00,-4.74
14.28,-2.08,6.47,0.76,-5.00,-4.82
11.49,-4.43,6.12,0.01,-5.00,-4.64
12.40,-13.53,8.20,-0.99,-5.00,-2.90
-0.55,-10.40,5.02,-0.84,-4.83,-1.78
7.30,-5.10,7.30,-0.43,-3.35,-1.43
6.75,-2.47,4.51,0.42,-1.95,-1.29
5.88,2.55,0.90,0.28,-1.14,-1.00
8.67,0.00,-3.73,-0.67,-1.36,-1.21
10.32,-2.90,-0.86,-0.53,-1.75,-1.30
10.40,-6.59,-0.24,-0.07,-1.77,-0.63
14.83,1.88,2.24,0.13,-1.10,0.63
13.61,0.82,-0.27,-0.63,-0.50,0.61
12.43,-0.24,-2.28,-0.58,0.01,-0.07
9.45,-3.84,-2.98,-0.49,0.06,-0.22
10.90,-1.06,-1.45,-0.05,-0.18,-0.18
11.06,-1.18,-0.51,0.10,0.18,-0.03
8.67,-1.57,-1.69,0.30,0.48,-0.16
8.83,-0.86,-2.79,0.40,0.39,-0.26
9.38,-0.98,-1.65,0.47,0.20,0.11
8.98,0.00,-1.92,0.14,0.23,0.15
8.04,-0.94,-1.69,-0.08,0.15,0.01
9.34,-0.51,-1.37,0.02,0.04,-0.08
8.90,-1.10,-1.14,-0.12,-0.10,-0.13
9.45,-2.08,-0.43,0.01,-0.17,-0.12
9.81,-1.37,-0.51,0.01,-0.01,-0.03
9.81,-0.98,-0.90,-0.14,0.13,0.09
9.34,-0.82,-1.45,-0.19,0.20,0.05
9.61,-0.82,-1.10,-0.14,0.16,-0.02
9.65,-1.02,-1.65,-0.23,0.14,0.10
9.49,-1.02,-1.69,-0.14,0.04,0.06
9.18,-0.98,-1.26,-0.15,-0.01,0.11
9.38,-0.90,-1.53,-0.02,-0.04,-0.03
8.04,-1.57,-1.14,0.08,-0.03,-0.07
8.63,-0.20,-1.14,0.16,0.01,-0.01
7.88,-0.78,-1.02,0.12,0.10,-0.09
7.06,-1.80,-1.10,0.19,0.11,-0.11
7.06,-0.27,-0.98,0.08,0.12,0.17
6.08,-0.67,-0.78,-0.05,0.17,0.07
7.34,-0.24,-0.90,0.07,0.19,-0.07
7.10,-1.06,-0.94,-0.09,0.25,-0.07
6.28,-1.53,-0.86,-0.09,0.28,-0.03
6.90,-1.69,-0.86,-0.06,0.25,-0.03
7.69,-1.69,-1.57,-0.24,0.08,0.04
9.06,-2.00,-0.39,-0.11,0.03,0.06
10.28,-1.26,-1.22,-0.09,0.04,0.01
10.24,-2.35,-1.65,-0.14,-0.11,-0.00
11.89,-1.96,-1.37,-0.10,-0.35,0.02
13.77,-1.49,-1.37,-0.20,-0.44,0.02
13.73,-2.75,0.00,-0.17,-0.34,0.03
14.55,-1.69,-1.53,-0.11,-0.14,-0.10
14.00,-3.53,-0.55,-0.11,-0.08,-0.10
13.77,-2.08,-1.53,0.12,0.22,0.03
13.69,-2.79,-2.31,-0.06,0.33,0.14
13.73,-3.96,-0.59,0.09,0.28,0.30
14.75,-3.22,-1.80,0.21,0.45,0.62
15.30,-2.12,-2.98,0.01,0.37,0.49
15.18,-3.77,-1.49,0.13,0.34,0.37
17.85,-1.96,-2.79,0.22,0.24,0.34
17.06,-4.16,-0.55,-0.01,0.15,-0.05
17.34,-2.28,-4.51,0.06,0.27,-0.33
19.10,-2.47,-2.20,-0.27,-0.04,-0.80
18.12,-3.49,1.73,-0.05,-0.08,-1.49
14.87,-1.14,-0.98,-0.38,0.35,-1.59
14.75,-0.43,0.94,-0.46,0.54,-2.53
14.24,-1.18,2.08,0.49,0.96,-3.12
12.32,-1.18,3.30,1.17,1.45,-2.59
10.90,-5.18,3.96,1.09,2.67,-1.35
2.39,-8.94,-0.82,0.72,3.13,0.12
5.65,-8.28,-4.90,1.39,2.68,1.36
-0.71,-8.63,-5.06,2.49,1.61,3.88
-5.22,-11.92,-5.37,2.88,0.47,4.71
0.00,-10.32,-12.47,4.98,-0.47,5.00
7.69,20.01,-20.01,5.00,-2.62,2.28
9.77,20.01,2.71,0.11,-1.45,3.14
8.12,10.43,7.92,-2.39,-0.96,0.99
-2.67,-0.35,5.84,-2.03,0.01,-0.20
0.63,-18.79,-8.39,-1.71,0.19,-0.77
9.34,-6.28,-4.20,1.46,-0.07,-0.60
18.91,9.96,0.43,1.42,0.24,-0.75
5.88,7.65,5.73,-1.23,0.72,-1.33
2.82,0.39,0.04,-1.89,0.60,-2.47
3.18,2.47,1.45,-1.53,0.85,-3.61
14.12,-9.69,-6.71,-1.50,0.33,-0.67
-5.77,8.51,1.77,-1.06,-0.17,-2.76
19.73,-4.00,-6.90,-2.12,-0.69,-1.21
0.59,-2.24,3.18,-0.95,-0.40,-1.57
8.20,1.33,-2.90,-1.31,-0.92,-1.52
8.00,-2.75,3.49,-1.02,-0.83,-0.42
8.59,1.26,0.12,-1.26,-0.77,-1.12
5.41,-2.59,3.10,-1.16,-0.43,0.33
15.93,2.71,-0.27,-1.38,-0.30,0.27
6.32,-0.78,-0.51,-1.32,-0.03,1.01
15.53,-2.28,0.98,-0.97,-0.31,1.25
11.69,0.20,1.06,-1.29,-0.14,1.44
11.45,-0.27,2.31,-1.21,0.13,1.50
14.91,-1.26,-0.78,-0.62,0.14,1.56
7.65,-1.84,0.47,-0.36,0.04,1.53
13.85,2.31,0.86,-0.45,-0.01,0.89
8.43,-2.82,-0.75,-0.73,-0.01,0.89
8.79,-2.90,-0.04,-0.37,0.00,0.71
10.55,0.08,-1.06,-0.14,-0.28,0.99
11.02,-1.53,-0.20,-0.14,-0.29,0.78
9.26,-1.10,-1.14,0.04,-0.39,0.39
9.89,-3.14,-0.35,0.01,-0.58,0.29
10.87,-3.22,-0.20,0.02,-0.47,0.09
10.63,-2.43,-0.39,0.10,-0.45,-0.13
10.40,-6.35,0.24,0.19,-0.33,0.03
12.51,-2.63,-2.04,0.33,-0.33,0.16
13.38,-5.49,-1.69,-0.02,-0.32,0.39
15.26,-3.73,-2.39,0.16,-0.44,0.14
17.38,-5.06,-2.28,-0.08,-0.61,0.06
17.26,-7.02,-0.82,-0.02,-0.38,-0.12
19.30,-3.41,-3.69,0.04,-0.17,-0.26
19.93,-6.39,-1.84,0.08,0.03,-0.55
19.26,-5.18,-3.22,0.41,0.46,-0.60
18.40,-7.37,-0.78,-0.27,0.67,-0.61
20.01,-2.59,-1.53,0.26,1.20,-0.88
16.48,-2.28,-4.31,0.52,1.04,-1.60
17.97,-1.57,0.82,0.06,0.87,-1.96
16.44,0.67,1.22,0.32,1.11,-2.90
13.65,-1.06,1.49,0.68,1.35,-3.02
9.02,-4.39,2.24,1.08,1.69,-2.53
5.77,-6.08,-0.39,0.63,2.05,-1.32
0.00,-6.94,-0.78,0.53,1.61,0.49
6.47,-10.75,-4.67,0.51,0.86,1.83
1.65,-4.55,-3.69,2.30,0.40,3.11
-4.71,-7.96,-5.22,2.93,0.09,4.85
-20.01,-20.01,-13.96,3.48,-0.59,5.00
20.01,20.01,-20.01,5.00,-3.51,-1.46
-2.59,17.34,6.75,-0.83,-1.10,2.39
10.67,8.51,10.36,-1.32,0.23,0.56
-5.57,1.06,6.28,0.16,0.72,0.09
5.02,-18.99,-16.75,-0.14,0.21,0.12
3.45,-5.33,-0.12,1.68,0.27,-0.90
16.16,10.40,6.63,0.35,0.17,-1.03
11.92,2.71,4.00,-2.00,0.75,-1.28
4.43,-3.65,1.84,-0.90,0.94,-1.94
10.16,-0.82,1.29,0.48,1.16,-2.68
9.85,-2.71,-3.06,-0.84,0.91,-1.33
-1.41,6.94,-0.63,-1.20,0.34,-1.79
11.73,-0.63,-6.79,-3.25,-0.87,-1.00
3.49,-2.35,1.92,-2.29,-0.87,-0.89
10.24,-1.92,-2.47,-0.92,-0.96,-0.72
7.02,-0.04,3.02,-0.56,-0.64,-0.45
8.08,-2.67,1.73,-1.31,-0.37,-0.75
13.02,-0.16,-0.12,-0.40,-0.23,-0.01
5.41,0.20,1.41,-0.49,-0.20,0.02
15.49,-0.16,0.86,-0.47,-0.36,0.42
9.18,-2.20,0.12,-1.02,-0.27,0.51
14.40,-0.43,-1.88,-0.95,-0.48,0.59
12.59,0.04,0.71,-1.16,-0.25,0.75
10.63,-0.67,1.22,-0.53,-0.10,1.06
13.89,-2.08,0.08,-0.79,-0.14,1.12
9.77,-1.61,2.24,-0.78,-0.14,0.81
13.69,-1.06,0.98,-0.47,0.07,0.50
9.30,-0.35,-0.08,-0.62,0.11,0.57
9.18,-3.26,0.16,-0.14,0.05,0.36
7.96,-1.61,-1.18,-0.03,-0.02,0.56
10.71,0.90,-1.73,-0.11,-0.25,0.83
9.30,-0.82,-0.35,-0.36,-0.45,0.61
8.79,-1.22,0.27,-0.06,-0.51,0.36
11.89,-0.08,0.35,-0.08,-0.54,0.36
9.02,-1.53,-1.02,-0.13,-0.53,0.05
10.08,-2.43,-0.71,-0.06,-0.56,-0.11
9.81,-2.71,-0.04,0.01,-0.54,-0.06
9.96,-3.53,-0.59,0.07,-0.37,0.01
11.10,-3.10,-0.78,0.11,-0.16,0.22
10.47,-4.90,-0.47,0.05,-0.10,0.36
14.47,-3.30,-1.02,0.06,0.10,0.73
13.53,-2.31,-1.26,-0.24,-0.00,0.68
17.18,-4.59,-1.02,-0.22,0.09,0.57
15.30,-3.53,-2.98,-0.34,0.05,0.36
17.38,-6.24,-0.08,-0.33,-0.14,-0.16
15.77,-7.61,-0.78,0.04,0.11,-0.23
18.51,-4.94,-2.12,0.16,0.15,-0.14
18.55,-6.24,0.00,0.19,0.25,-0.33
18.24,-5.18,-5.30,0.65,0.39,-0.52
17.81,-2.98,-2.39,-0.01,-0.02,-0.78
20.01,-2.16,-2.08,0.23,-0.03,-1.29
20.01,-0.67,-3.92,0.23,0.02,-1.70
12.00,-0.24,-0.71,-0.69,-0.15,-2.65
14.83,-3.18,1.77,-0.54,0.40,-3.19
10.12,-2.79,1.96,0.52,1.40,-2.72
10.83,-5.49,3.53,0.86,2.11,-2.22
5.49,-6.28,-0.75,1.34,2.65,-0.45
-1.57,-8.59,-3.41,1.27,2.10,1.28
0.51,-11.18,-3.92,1.86,1.44,2.52
3.77,-5.22,-9.02,3.43,0.77,3.28
-10.32,-13.61,-6.28,4.99,0.27,5.00
-9.77,5.69,-20.01,5.00,-1.81,4.71
19.85,20.01,-2.90,4.11,-2.14,1.56
9.53,18.44,8.51,-3.05,-1.13,1.63
6.12,5.41,14.04,-3.25,-0.40,0.95
3.06,-6.83,0.55,-0.91,0.12,-0.33
-3.02,-20.01,-15.77,2.59,0.61,-0.11
12.43,0.86,4.08,2.18,-0.17,-0.55
17.18,8.00,8.12,-1.65,0.28,0.16
9.53,-8.90,-1.02,-2.12,0.68,-0.12
10.47,-13.06,-3.57,0.45,0.40,-0.23
11.96,2.20,2.35,1.57,0.24,0.17
6.04,-0.12,1.61,-1.31,0.31,0.63
8.16,-3.77,-2.16,-1.12,0.21,0.40
8.51,-0.12,0.31,0.23,0.43,0.23
6.86,3.14,2.28,-0.12,0.75,-0.14
4.63,-2.47,1.26,-1.13,0.95,-0.45
7.81,0.67,-0.55,-0.40,1.13,-1.26
2.16,4.31,3.61,0.73,1.25,-2.68
6.51,-3.37,-2.55,-0.62,0.91,-1.70
4.47,0.78,-3.37,-2.27,0.90,-3.04
3.96,-4.39,-2.43,-1.03,0.05,-1.42
4.31,1.33,0.04,-1.57,-0.72,-1.92
5.84,-2.75,0.35,-2.35,-0.89,-1.75
7.57,-3.33,1.29,-1.42,-0.78,-1.02
10.08,0.04,-0.47,-1.21,-0.62,-0.83
7.10,-5.06,3.18,-1.40,-0.45,0.09
8.24,-1.33,1.61,-2.15,-0.21,-0.09
17.93,-2.31,1.22,-1.05,-0.16,0.85
6.20,-3.30,0.86,-0.99,0.16,1.14
7.81,-3.41,0.39,-1.71,-0.32,1.10
17.26,-0.78,4.86,-1.15,-0.14,1.24
10.00,-1.33,-1.53,0.07,-0.16,1.52
14.51,1.77,0.59,-0.76,-0.22,1.25
11.10,-1.02,1.73,-1.15,-0.29,1.06
9.92,-3.65,0.71,-0.80,-0.17,0.90
11.49,0.04,-0.71,-0.24,-0.46,0.32
11.41,-1.49,1.69,-0.04,-0.57,-0.11
8.75,-4.43,0.75,-0.12,-0.24,0.03
9.38,-2.39,-1.49,0.02,-0.23,0.21
13.22,-3.06,-0.43,-0.13,-0.31,0.32
10.98,-3.14,-1.49,-0.17,-0.36,0.36
15.14,-4.28,0.24,-0.29,-0.65,0.32
15.73,-5.41,-1.65,-0.09,-0.52,0.20
17.06,-6.00,0.20,-0.17,-0.42,0.20
16.51,-5.88,-1.10,-0.04,0.00,0.02
15.34,-4.63,-1.77,-0.01,0.11,-0.19
18.36,-5.10,0.35,0.16,0.20,-0.45
16.20,-5.33,-3.45,0.51,0.30,-0.61
18.28,-2.90,-0.39,0.10,0.14,-0.89
18.99,-2.82,-1.84,0.21,0.24,-1.05
18.83,-4.43,-0.82,0.47,0.44,-1.19
18.12,-1.73,-0.75,0.06,0.61,-1.47
18.67,-1.14,0.71,0.17,0.76,-1.84
14.67,-2.71,1.18,0.37,0.79,-1.95
12.12,-0.59,3.57,0.91,1.09,-2.80
10.90,-0.35,2.16,1.20,1.47,-2.57
14.12,-2.24,2.55,1.35,1.84,-2.19
4.63,-5.41,0.04,1.15,2.18,-0.09
-0.35,-9.38,-2.63,0.84,1.79,1.41
-1.69,-9.06,-6.24,1.54,0.76,2.12
6.20,-5.45,-3.45,2.78,0.21,3.76
-8.94,-12.51,-5.02,4.54,-0.49,5.00
-8.90,-5.06,-16.87,5.00,-2.51,4.78
20.01,20.01,-17.53,2.66,-2.14,1.57
14.00,20.01,8.00,-1.91,-1.27,1.64
6.32,11.65,13.96,-2.09,-0.17,0.68
-8.90,-17.61,-2.55,-0.88,0.67,-0.40
-0.43,-20.01,-13.49,1.94,0.28,0.01
20.01,10.75,-0.27,2.74,-0.39,0.03
11.30,6.94,4.20,-1.57,0.61,0.06
7.49,-20.01,1.18,-1.93,0.62,-0.10
13.89,-6.59,-4.39,1.36,0.16,-0.04
10.28,4.90,6.55,1.92,0.28,0.39
8.28,-5.53,-2.43,-1.90,0.07,0.79
6.98,-6.35,-4.79,-1.47,-0.21,0.47
9.73,1.65,2.00,0.41,-0.13,-0.02
7.45,-0.08,1.14,-0.20,0.09,-0.31
6.59,-5.65,-0.43,-0.22,0.21,-0.28
10.32,-0.20,0.55,-0.17,0.19,-0.35
8.83,2.79,1.29,-0.77,0.55,-0.79
5.53,1.22,2.00,-0.98,0.71,-1.57
6.75,-5.77,-1.41,-0.27,0.70,-1.69
3.96,5.10,1.33,0.36,0.77,-2.64
12.71,-6.08,-5.22,-1.00,0.30,-1.11
0.67,3.73,0.08,-1.00,0.34,-2.17
9.69,-0.78,-2.86,-1.64,-0.37,-2.11
12.83,-5.49,-3.26,-1.85,-0.33,-1.80
2.35,-1.57,2.00,-0.54,-0.59,-1.61
12.08,4.00,-2.59,-0.50,-0.46,-1.77
9.61,-1.26,2.59,-0.90,-0.28,-0.15
2.35,1.22,-0.59,-1.68,-0.34,-0.68
16.08,1.80,2.12,-1.64,-0.12,-0.46
3.06,-1.80,2.86,-1.32,0.43,0.52
11.18,1.88,-1.33,-1.26,0.24,0.17
8.32,-0.47,1.14,-1.43,0.41,1.01
9.18,1.53,0.24,-1.59,0.09,0.84
11.53,-0.98,1.18,-1.53,-0.23,1.30
8.90,-1.61,1.69,-1.15,-0.57,1.38
11.49,0.75,-0.43,-0.96,-1.01,1.06
13.02,0.16,1.88,-0.59,-1.06,1.08
11.02,0.94,-0.35,-0.54,-1.21,0.58
10.32,-3.26,0.43,-0.54,-1.22,0.64
11.02,0.08,-0.55,0.09,-1.03,0.72
11.30,-0.20,-2.20,0.05,-0.82,0.53
10.40,-1.53,-0.27,0.14,-0.77,0.25
11.89,-0.35,-0.35,0.21,-0.54,0.26
10.83,-3.10,-0.27,0.03,-0.07,0.47
12.16,-1.02,-1.80,0.05,0.18,0.45
11.41,-2.47,-1.22,-0.02,0.23,0.47
11.96,-1.96,-3.45,-0.06,0.11,0.57
13.02,-2.82,-1.22,-0.05,-0.19,0.48
12.91,-4.31,-2.63,-0.02,-0.30,0.52
16.04,-4.20,-0.47,0.04,-0.32,0.41
15.38,-4.59,-2.59,-0.01,-0.02,0.35
16.95,-4.82,-1.14,-0.07,0.06,0.30
18.16,-4.43,-2.55,-0.04,0.28,0.18
16.12,-5.81,-0.75,-0.22,0.46,0.05
17.53,-5.61,-1.10,0.08,0.61,-0.15
17.18,-3.22,-4.35,0.08,0.47,-0.44
20.01,-4.86,-0.39,0.62,0.06,-0.92
17.69,-2.43,-0.67,0.83,0.19,-1.31
17.93,-2.04,-0.20,0.10,0.48,-1.34
19.69,1.77,-0.16,0.48,0.64,-2.17
10.28,-3.92,1.92,0.43,1.26,-3.25
11.45,-5.69,3.22,1.19,1.81,-3.19
8.59,-3.18,2.24,2.14,2.31,-2.82
8.16,-4.90,2.47,2.09,2.81,-0.79
1.29,-7.85,-1.61,1.28,2.87,0.43
-1.73,-10.16,-4.12,1.37,1.64,2.54
2.12,-8.55,-5.96,1.78,0.81,3.59
0.98,-6.86,-7.81,2.55,0.01,4.70
-8.08,-10.08,-11.22,4.52,-1.43,5.00
13.81,20.01,-18.16,3.09,-2.82,2.17
5.92,20.01,1.06,0.62,-1.78,2.73
11.30,17.42,6.83,-2.24,-0.86,0.84
4.86,0.04,9.14,-2.02,0.13,-0.09
-4.12,-20.01,-12.04,-0.23,0.35,0.02
1.88,-10.16,0.39,2.13,-0.25,-0.62
20.01,12.75,4.16,0.65,-0.57,0.23
11.14,0.08,2.31,-1.97,0.46,0.09
6.98,-17.69,-2.24,-1.33,0.43,-0.27
12.55,-2.16,-0.35,1.83,0.07,-0.24
11.81,-0.43,-0.20,0.98,-0.00,0.18
6.67,-4.55,0.08,-1.21,-0.04,0.50
10.87,-0.47,-0.75,-0.40,-0.08,0.03
8.12,1.02,0.75,-0.00,0.17,-0.34
6.90,-1.37,-0.35,-0.37,0.39,-0.58
8.47,-2.75,-0.75,0.21,0.45,-0.82
5.41,1.96,0.51,0.09,0.59,-0.95
7.49,3.30,0.04,-0.39,0.46,-1.83
8.98,-2.04,-0.63,-1.00,0.53,-2.11
5.61,-1.96,-2.79,-1.44,0.43,-2.17
10.40,-3.61,-2.79,-1.36,0.10,-1.53
2.55,2.63,1.73,-1.47,-0.03,-1.98
7.85,-1.49,-0.12,-1.34,-0.51,-0.91
7.22,-0.71,-0.24,-1.97,-0.46,-1.85
15.10,-3.61,-1.53,-0.66,-0.20,-0.29
0.98,-0.78,0.82,-1.03,-0.21,-1.03
11.73,1.29,-2.16,-0.68,-0.22,-0.66
11.57,1.77,0.86,-1.57,0.27,-0.28
5.61,-3.53,-4.00,-2.29,-0.15,-0.04
12.67,0.90,1.02,-0.76,-0.37,0.08
9.38,-0.47,1.69,-1.56,-0.07,0.38
10.36,-1.22,1.22,-1.64,0.03,0.85
11.02,0.35,1.49,-1.11,0.04,1.04
9.22,-0.43,1.69,-0.81,-0.12,1.39
10.32,0.31,-0.16,-0.40,-0.38,1.33
12.12,-0.31,-1.69,-0.38,-0.63,1.18
9.14,0.00,-1.22,-0.51,-0.86,1.20
9.92,-1.02,-1.57,-0.52,-1.14,0.95
15.34,0.31,1.06,-0.39,-0.82,0.97
9.61,-0.16,-1.10,-0.24,-0.42,0.57
9.06,-3.18,-1.18,-0.04,-0.30,0.10
11.49,-1.84,-0.55,0.31,-0.12,0.01
11.02,-0.67,-1.69,0.42,0.09,0.26
10.51,-3.45,-1.18,0.05,0.23,0.48
10.55,-2.24,-0.43,0.08,0.25,0.43
10.71,-4.35,-0.98,0.08,0.33,0.72
13.06,-2.79,-0.39,0.04,0.34,0.98
14.04,-1.45,-2.79,0.03,0.31,0.93
14.04,-4.12,-1.49,-0.22,-0.12,0.56
15.97,-5.06,-0.39,0.02,-0.26,0.13
15.26,-6.35,-0.43,-0.02,-0.24,0.02
16.67,-7.14,0.67,0.23,-0.19,-0.04
17.53,-3.65,-3.33,0.46,0.02,-0.18
17.61,-5.57,-1.69,-0.01,-0.05,-0.26
18.04,-5.02,-0.98,0.36,0.03,-0.84
19.73,-3.65,-2.04,0.24,0.28,-1.19
19.46,-6.20,0.67,0.51,0.81,-1.22
15.97,-2.43,-1.53,1.06,1.07,-1.44
16.12,0.39,-1.14,0.41,0.49,-2.03
17.50,1.18,1.88,0.57,0.49,-3.21
10.79,-3.45,2.16,0.73,0.66,-3.57
10.59,-3.18,2.90,1.73,0.80,-3.40
8.90,-2.75,1.22,1.44,1.82,-1.45
0.12,-9.38,-0.51,0.64,1.96,0.33
-0.24,-9.34,-4.12,0.96,0.84,1.64
4.55,-8.90,-3.53,1.78,0.54,3.63
-2.75,-8.75,-4.71,3.20,0.31,4.63
-14.16,-20.01,-11.22,5.00,-0.74,5.00
14.40,20.01,-20.01,5.00,-3.72,0.95
5.53,20.01,1.69,1.85,-1.15,3.89
16.63,19.14,6.63,-4.25,-0.99,1.28
1.77,-1.41,11.45,-2.14,1.44,-0.13
-10.87,-20.01,-9.96,-2.79,1.93,-2.39
10.63,-20.01,-10.08,2.16,-0.96,1.20
20.01,15.46,-1.57,3.20,-0.16,0.05
11.53,12.04,8.04,-0.82,0.36,-0.09
8.28,-20.01,-3.69,-3.46,0.62,0.09
10.47,-10.20,-6.51,1.75,-0.09,0.06
11.77,6.86,3.92,2.58,-0.24,0.29
7.57,1.02,-0.67,-1.18,0.04,0.44
7.88,-6.71,-2.08,-1.14,0.05,0.09
8.36,0.63,-0.82,0.42,0.18,-0.22
7.88,1.22,0.59,0.01,0.34,-0.24
9.18,-3.92,-1.49,-0.37,0.47,-0.15
7.92,0.86,-0.16,0.04,0.51,-0.66
7.57,2.82,1.88,0.25,0.59,-1.58
6.79,-5.10,-1.65,-1.14,0.50,-1.10
3.02,4.94,-0.47,-1.12,0.39,-1.76
13.85,-2.24,-3.30,-0.92,0.18,-2.02
4.86,-0.04,-3.30,-1.90,0.46,-2.21
3.45,-0.24,-1.88,-1.09,-0.35,-1.33
13.65,-2.59,-3.73,-1.58,-0.47,-1.31
0.20,1.69,1.96,-1.15,-0.33,-1.65
11.81,0.39,-2.43,-1.31,-0.40,-1.25
5.14,-1.77,2.24,-1.04,-0.25,-0.46
1.65,-0.55,-0.43,-1.75,-0.43,-1.00
12.04,0.31,-1.49,-1.48,-0.42,-0.55
10.40,-2.00,0.78,-1.10,-0.20,0.12
4.86,1.33,-0.86,-0.84,-0.41,0.02
14.87,-0.04,-0.59,-1.51,-0.61,0.81
8.67,-2.08,1.29,-1.59,-0.70,0.93
15.73,3.57,3.53,-1.22,-0.09,0.66
8.47,-4.24,-0.08,-0.67,-0.21,1.50
10.47,-1.14,0.20,-0.19,-0.37,1.05
12.71,0.63,-0.20,0.16,-0.38,1.23
9.41,2.55,-0.94,-0.21,-0.34,0.97
13.02,2.55,-3.73,-0.94,-0.62,0.81
9.45,-2.63,-1.57,-1.18,-0.93,0.97
10.55,-0.78,-0.67,-0.71,-0.71,0.71
9.57,-0.86,-0.78,-0.21,-0.30,0.70
10.08,0.35,-1.84,0.22,0.06,0.25
9.41,-1.45,-1.57,0.35,0.14,0.04
9.57,0.04,-1.49,0.33,0.25,-0.01
9.73,-0.27,-1.61,0.11,0.28,-0.14
9.41,-2.28,-1.45,-0.02,0.38,-0.15
9.30,-0.90,-1.84,0.04,0.33,0.00
11.14,-2.98,-1.06,-0.13,0.25,0.37
11.26,-0.98,-2.31,-0.13,0.18,0.61
13.81,-2.71,0.35,-0.25,0.17,0.74
12.87,-1.88,-1.22,0.02,0.44,0.49
14.04,-2.55,-2.31,-0.32,0.36,0.36
12.94,-4.04,-1.33,-0.29,0.10,0.33
15.30,-4.00,-0.94,-0.11,-0.09,0.23
15.02,-5.69,-0.24,-0.13,-0.01,0.44
16.16,-4.08,-0.35,0.15,0.12,0.46
16.99,-2.47,-3.33,0.09,0.21,0.43
16.20,-4.31,-2.51,-0.13,-0.21,0.09
17.57,-2.24,-7.14,-0.04,-0.50,-0.08
18.08,-5.49,-1.69,-0.56,-0.93,-0.46
18.63,-2.94,-2.86,-0.04,-0.65,-0.93
19.50,-3.61,-3.02,-0.25,-0.38,-1.03
18.01,-3.33,-0.82,-0.13,-0.01,-1.15
16.00,-1.84,-2.35,-0.05,0.96,-1.90
13.10,0.08,0.04,-0.33,1.22,-2.86
13.10,-2.47,1.37,-0.15,1.53,-3.24
5.49,-6.39,1.22,1.10,1.94,-2.15
5.06,-6.59,0.27,1.37,2.29,-1.73
5.02,-5.26,-0.08,1.41,2.44,-0.64
2.59,-8.43,-2.43,1.43,1.98,2.17
-2.04,-12.04,-4.90,2.27,0.85,3.18
2.31,-3.22,-8.98,3.80,0.67,3.32
-7.37,-15.18,-8.16,5.00,0.03,5.00
-3.33,9.18,-20.01,5.00,-3.80,1.78
18.79,20.01,3.18,4.39,-1.56,1.49
12.00,19.14,12.12,-4.61,-1.15,0.48
5.61,-1.10,10.71,-2.72,-0.18,0.31
-7.61,-20.01,-19.65,-0.19,0.29,0.38
12.51,-5.77,4.00,3.23,-0.36,-0.71
20.01,10.40,5.37,0.00,-0.56,0.28
7.14,-7.77,0.94,-2.36,0.33,0.14
9.77,-16.63,-3.33,-0.48,-0.07,0.18
11.22,0.90,0.39,2.37,-0.28,0.18
10.04,2.43,-0.39,0.69,-0.26,0.39
7.92,-2.39,-3.88,-1.10,-0.24,0.26
8.98,-0.24,-2.59,-0.39,0.03,-0.08
5.73,-4.47,0.51,-0.41,-0.04,-0.25
9.57,-1.92,-0.12,-0.05,0.03,-0.07
10.00,-2.98,0.24,-0.57,0.37,-0.05
9.14,-4.90,-0.35,-0.61,0.47,0.12
9.06,-1.92,0.20,-0.20,0.60,0.07
9.69,0.39,-1.41,-0.59,0.58,-0.34
8.24,-3.33,-0.90,-0.56,0.78,-0.60
5.33,1.41,-1.92,-0.34,0.81,-1.21
5.65,3.96,0.63,0.01,0.78,-2.17
5.22,1.10,-1.41,-0.49,0.62,-2.27
5.57,-0.27,-1.10,-2.58,0.50,-2.73
4.35,-1.49,-2.31,-2.27,0.10,-2.00
10.43,-3.65,-3.92,-1.55,-0.17,-1.27
-2.16,3.22,1.80,-1.47,-0.18,-2.41
18.20,-2.00,-4.79,-1.98,-0.51,-0.41
0.24,-2.94,1.61,-1.60,-0.45,-1.19
9.10,-0.47,-3.61,-1.54,-0.56,-1.16
15.46,0.35,0.51,-1.23,-0.38,0.14
0.12,-5.84,-0.98,-1.66,-0.32,0.51
13.69,0.71,-5.30,-1.35,-0.49,0.79
10.32,-0.39,2.67,-1.86,-0.78,1.29
11.69,-2.20,1.10,-1.49,-0.69,1.76
13.73,-1.41,2.67,-0.99,-0.56,1.63
12.94,-1.26,0.75,-0.19,-0.25,2.00
12.79,3.18,-0.98,-1.06,-0.40,1.41
14.40,-1.84,0.00,-1.20,-0.40,1.12
11.14,1.18,-1.65,-0.09,-0.06,0.03
9.61,-2.63,-1.10,-0.03,-0.32,-0.23
8.08,-2.39,-0.67,0.46,-0.37,-0.42
10.51,0.31,-3.18,0.47,-0.35,-0.35
7.30,-3.18,-0.04,0.11,-0.51,0.10
11.22,-2.39,-0.59,0.24,-0.30,0.23
9.06,-1.73,-1.77,0.21,-0.10,0.73
12.32,-2.86,-1.22,0.20,-0.03,0.84
13.45,-1.10,-3.84,0.40,0.01,0.61
12.43,-2.59,-2.51,-0.04,-0.11,0.51
14.08,-3.22,-0.78,0.04,-0.09,0.18
13.57,-2.82,-3.30,0.13,0.10,0.13
14.28,-2.75,-4.39,-0.15,0.01,0.16
14.71,-4.75,-1.33,-0.08,-0.03,0.06
15.38,-5.30,-3.06,0.10,0.11,0.17
15.61,-5.41,-1.06,0.05,0.28,0.33
16.67,-3.10,-3.30,0.27,0.28,0.12
16.71,-3.77,-4.12,0.29,0.20,-0.22
16.28,-3.84,-3.10,-0.37,-0.01,-0.62
19.02,-2.24,-3.33,-0.24,-0.08,-1.09
17.65,-2.12,-3.84,-0.20,-0.07,-1.45
18.12,-3.73,-3.37,-0.35,-0.09,-1.45
18.95,-2.43,-2.24,-0.07,0.05,-1.55
14.95,0.35,-1.61,0.22,0.33,-2.08
14.20,0.86,1.22,-0.20,0.97,-3.07
12.36,-2.00,2.16,0.08,1.70,-2.51
8.28,-7.92,2.75,0.85,2.37,-1.85
8.63,-6.04,0.51,1.62,3.30,-1.19
5.92,-6.39,-1.26,1.69,3.30,0.95
0.94,-13.96,-6.90,2.64,2.05,3.93
-0.08,-10.28,-8.51,4.38,1.53,4.38
0.20,-11.92,-13.77,5.00,0.70,5.00
-20.01,-0.59,-20.01,5.00,-3.85,3.27
20.01,20.01,10.08,4.02,-1.77,0.25
11.96,20.01,9.34,-4.94,-1.95,0.90
3.26,4.12,14.12,-3.33,0.08,0.27
0.20,-20.01,-19.81,-0.64,-0.17,0.34
-11.02,-19.77,-10.87,4.18,0.64,0.02
20.01,20.01,4.51,2.08,-1.53,0.09
10.16,4.04,4.86,-3.09,0.11,-0.51
8.00,-20.01,-5.84,-4.36,0.47,-0.09
7.96,-16.51,-4.63,3.12,-0.48,-0.10
12.28,9.96,5.45,3.51,-0.20,0.19
9.41,2.12,-0.75,-1.40,0.21,0.56
5.77,-8.24,-5.33,-0.64,0.18,0.23
8.63,1.06,-0.12,0.99,0.22,0.17
8.00,0.35,0.67,-0.33,0.37,0.05
7.96,-6.67,-1.37,-0.64,0.28,0.03
10.20,-1.10,2.43,0.12,0.29,-0.09
12.20,-5.61,-1.57,-0.20,0.36,0.10
8.16,-4.94,-0.94,0.08,0.37,0.15
9.89,-1.77,1.22,0.08,0.23,0.19
8.47,-1.06,0.31,-0.30,0.44,0.07
7.53,-2.71,-0.78,-0.13,0.62,-0.37
5.45,0.31,-0.24,0.17,0.68,-0.75
6.32,2.82,0.39,-0.13,0.72,-1.66
3.18,1.88,-0.43,-0.56,0.63,-2.42
4.94,0.00,-1.88,-1.84,0.45,-3.10
7.65,-3.10,-4.00,-2.02,0.11,-2.05
4.67,1.18,-2.75,-1.53,-0.03,-2.39
9.81,-0.16,-2.28,-2.09,-0.45,-1.33
1.77,-0.04,-1.57,-3.18,-0.62,-2.11
16.48,-4.75,-1.96,-2.58,-0.89,-0.60
0.98,-2.20,0.24,-2.47,-0.47,-1.39
8.63,-4.59,-1.22,-2.24,-0.64,-0.62
7.10,-0.20,-4.67,-2.10,-0.46,-0.70
16.63,-0.67,0.67,-1.33,-0.97,1.25
4.86,-3.02,2.90,-2.32,-1.01,1.37
20.01,-0.86,0.51,-1.50,-0.85,1.81
13.45,-4.43,-3.26,-0.67,-0.85,2.97
15.93,0.20,-2.51,-0.88,-1.14,3.16
20.01,-7.45,3.80,-0.74,-0.96,3.45
18.40,-2.31,-0.78,0.58,0.23,2.78
14.00,-7.69,-0.27,0.40,0.51,2.61
12.71,-8.04,2.47,1.19,0.74,2.37
10.40,-8.71,1.22,1.61,1.59,2.84
5.06,-12.47,4.24,1.27,2.31,3.25
8.16,-12.20,2.94,1.82,2.34,3.57
14.40,-13.10,4.20,0.95,2.78,3.20
20.01,-5.57,-0.16,0.63,3.66,1.52
18.44,20.01,-5.65,2.33,4.42,0.10
-0.67,4.39,-2.24,0.13,4.99,4.98
0.94,-5.96,-7.22,-1.17,4.99,4.99
10.32,4.28,-11.34,1.11,4.99,3.95
-12.16,-3.45,-7.96,0.58,4.92,5.00
-1.77,-3.37,-3.73,-0.27,4.14,3.01
-14.32,0.59,-0.90,-0.73,2.97,3.49
-12.91,-5.77,-1.45,-2.52,1.67,2.98
-12.87,-6.08,1.45,-3.23,1.01,3.55
-13.34,-12.40,3.33,-3.76,1.10,4.13
-14.71,-8.79,-1.02,-0.96,1.44,4.54
-17.02,3.41,-0.31,-1.13,0.96,4.31
-20.01,0.08,2.59,-2.62,0.70,4.30
-17.65,-2.82,5.33,-1.62,0.93,3.25
-13.73,0.04,3.65,-0.11,0.92,1.74
-15.49,-0.16,2.67,-0.19,0.77,1.25
-12.55,-2.08,2.20,-0.99,0.34,0.83
-9.65,-8.67,1.45,-0.62,-0.12,0.07
-10.59,5.73,-1.73,0.36,-0.36,-0.81
-9.14,5.45,1.10,-0.21,-0.61,-0.76
-8.75,-3.69,1.57,-0.83,-0.51,-0.85
-9.38,-5.33,-0.94,-0.57,-0.41,-0.92
-9.92,-3.14,0.12,0.51,-0.34,-0.45
-9.18,-0.20,-0.35,0.77,-0.36,-0.40
-9.30,1.18,-0.12,0.61,-0.32,-0.31
-10.59,-0.04,-1.10,0.04,-0.40,-0.29
-9.45,-1.88,-0.67,-0.24,-0.52,-0.13
-7.61,3.69,0.39,-0.18,-0.62,-0.48
-11.14,3.02,1.10,-0.95,-0.72,-0.60
-11.92,-2.90,-1.37,-2.42,-0.71,-0.38
-8.24,-8.43,1.41,-2.42,-0.45,-0.04
-10.08,-4.94,2.86,-0.44,0.04,0.35
-8.24,0.35,1.73,1.08,0.42,0.40
-9.73,5.61,2.67,0.73,0.47,0.30
-8.67,-1.96,1.73,-0.83,0.53,0.30
-8.63,-5.26,0.75,-0.10,0.65,0.26
-8.00,-0.71,1.41,0.16,0.66,0.26
-8.39,-1.37,2.35,-0.40,0.62,0.56
-7.96,-1.57,1.49,0.28,0.78,0.73
-7.96,-0.43,0.59,1.00,0.88,0.78
-7.85,1.88,0.08,0.65,0.72,0.67
-8.24,-2.20,-0.51,0.02,0.61,0.81
-10.08,1.49,0.59,0.55,0.45,0.61
-8.79,1.02,0.71,-0.23,0.32,0.49
-9.02,-1.14,0.04,-0.35,0.18,0.70
-9.38,1.26,-0.08,-0.17,0.13,0.62
-8.90,-0.75,-0.67,-0.13,0.05,0.64
-9.41,2.82,-0.39,0.45,-0.07,0.50
-8.71,1.77,0.08,-0.03,-0.07,0.43
-9.38,0.08,-0.39,0.14,-0.11,0.40
-9.38,1.10,0.16,0.44,-0.09,0.24
-9.85,0.55,0.75,0.26,-0.03,0.28
-9.57,0.35,-0.51,0.35,0.01,0.25
-9.73,2.39,0.04,0.46,0.04,0.17
-10.04,1.53,-0.51,0.21,-0.02,0.27
-10.87,1.77,-0.27,0.28,-0.00,0.18
-10.79,3.41,0.04,0.20,-0.02,0.08
-10.40,2.31,-0.04,0.09,-0.02,0.15
-12.47,1.73,-0.78,0.15,0.04,0.04
-11.53,1.73,-0.43,0.39,-0.02,0.20
-11.14,1.92,-0.04,0.02,0.06,-0.02
-11.89,1.88,-1.22,0.28,0.03,0.08
-11.57,3.10,-0.16,0.58,0.05,0.05
-11.26,1.49,0.31,0.33,0.08,0.04
-14.00,1.96,-1.22,0.77,0.01,0.15
-11.02,4.28,1.06,0.58,0.08,-0.01
-10.00,0.86,-0.12,0.23,0.17,-0.15
-17.14,6.67,-2.08,0.81,0.08,0.09
-7.92,4.04,-0.12,0.27,0.04,0.03
-7.88,-4.28,0.04,0.17,0.12,-0.33
-15.49,2.59,-1.22,1.07,0.32,-0.65
-19.69,6.24,-3.37,1.24,0.01,0.18
-18.63,10.24,5.30,-0.08,0.04,-0.25
-11.41,-1.29,8.16,-1.34,0.16,-0.31
-12.67,-1.14,2.31,-0.92,-0.16,-0.88
-18.24,-2.28,-3.18,0.89,-0.06,-0.42
-12.94,6.55,-3.45,2.33,-0.10,-0.25
-15.06,6.35,-0.43,0.39,-0.14,-0.54
-12.51,3.45,-2.51,-1.47,0.08,-0.60
-12.87,1.57,-2.90,-1.43,0.27,-0.79
-12.67,1.61,-2.47,-1.30,0.41,-0.73
-11.77,0.71,-2.39,-1.20,0.55,-0.49
-10.71,-0.43,-2.20,-1.02,0.68,-0.40
-10.32,-0.82,-1.65,-0.53,0.72,-0.32
-9.41,-1.29,-1.45,-0.15,0.73,-0.38
-9.34,-1.53,-1.26,0.02,0.76,-0.38
-9.34,-1.80,-0.82,0.19,0.70,-0.36
-8.39,-1.88,-0.47,0.27,0.53,-0.49
-7.81,-2.43,-0.78,0.34,0.38,-0.58
-7.73,-2.94,-0.75,0.49,0.28,-0.63
-8.32,-3.10,-0.86,0.73,0.09,-0.69
-8.59,-3.41,-0.82,0.83,-0.20,-0.81
-8.47,-3.33,-0.71,0.80,-0.34,-1.02
-8.16,-3.69,-0.94,0.73,-0.47,-1.27
-8.36,-4.12,-1.10,0.80,-0.59,-1.25
-8.55,-4.24,-1.14,0.86,-0.69,-1.24
-8.24,-3.88,-1.14,0.71,-0.79,-1.35
-7.96,-4.28,-1.29,0.35,-0.80,-1.47
-7.69,-4.82,-1.57,0.24,-0.75,-1.53
-7.85,-4.86,-1.37,0.34,-0.64,-1.56
-8.20,-4.75,-1.06,0.42,-0.46,-1.59
-8.39,-4.86,-0.94,0.42,-0.29,-1.62
-8.28,-4.86,-0.63,0.49,0.00,-1.64
-8.36,-5.18,-0.39,0.67,0.33,-1.58
-8.20,-5.10,0.04,0.85,0.52,-1.58
-8.43,-4.98,-0.12,1.07,0.73,-1.60
-8.87,-4.71,0.24,1.20,0.91,-1.57
-8.39,-4.31,0.67,1.15,0.94,-1.55
-7.49,-4.39,0.86,0.84,0.98,-1.42
-6.71,-4.67,1.45,0.50,1.08,-1.23
-6.51,-5.22,1.65,0.26,1.05,-1.03
-6.51,-5.41,1.41,0.20,1.02,-0.88
-6.35,-5.92,1.49,0.09,0.95,-0.59
-6.47,-6.28,1.41,-0.02,0.89,-0.36
-6.43,-6.71,1.41,-0.18,0.83,-0.21
-6.32,-6.90,1.22,-0.31,0.75,-0.05
-5.92,-7.77,1.02,-0.32,0.69,0.25
-5.26,-8.71,0.90,-0.35,0.72,0.34
-5.10,-9.49,1.06,-0.37,0.66,0.41
-4.67,-9.61,0.90,-0.24,0.50,0.20
-4.31,-9.73,0.20,-0.12,0.50,0.10
-5.22,-10.16,0.39,0.12,0.64,0.05
-5.41,-9.38,1.02,0.20,0.63,-0.26
-5.02,-9.22,0.82,0.08,0.61,-0.44
-4.55,-9.61,0.63,0.05,0.68,-0.52
-5.37,-10.16,0.20,0.15,0.70,-0.48
-7.06,-10.75,-0.59,0.21,0.64,-0.34
-7.73,-11.10,-1.06,0.31,0.47,-0.19
-8.87,-12.55,-2.04,0.29,0.43,0.02
-9.34,-12.28,-2.31,0.71,0.41,-0.09
-7.14,-9.18,-1.77,0.96,0.44,-0.41
-5.65,-7.18,-1.33,0.95,0.52,-0.80
-3.69,-6.67,-1.45,0.83,0.63,-0.93
-3.61,-7.69,-2.24,0.66,0.67,-0.80
-5.14,-9.81,-3.33,0.81,0.52,-0.59
-6.12,-9.22,-3.45,1.08,0.32,-0.58
-6.32,-7.49,-2.82,0.93,0.15,-0.69
-6.39,-6.67,-2.08,0.28,0.08,-0.65
-5.84,-6.43,-1.57,-0.46,0.02,-0.65
-4.98,-6.98,-1.29,-0.79,0.02,-0.64
-4.28,-7.37,-1.06,-0.88,0.13,-0.57
-4.00,-7.96,-0.86,-0.69,0.31,-0.35
-4.20,-8.75,-1.06,-0.49,0.35,-0.15
-4.28,-9.30,-1.14,-0.24,0.20,0.15
-3.92,-9.18,-1.33,-0.22,0.00,0.35
-3.77,-9.45,-1.41,-0.31,-0.08,0.48
-3.53,-9.89,-1.18,-0.36,-0.16,0.62
-3.88,-10.28,-1.22,-0.34,-0.20,0.65
-3.80,-10.59,-1.37,-0.30,-0.18,0.51
-3.73,-10.36,-1.29,-0.10,-0.18,0.41
-3.96,-10.24,-1.49,0.11,-0.31,0.24
-3.88,-10.36,-1.53,0.19,-0.43,0.14
-4.55,-10.36,-1.73,0.23,-0.57,0.09
-5.10,-10.08,-1.65,0.19,-0.65,0.05
-5.81,-10.47,-1.69,0.02,-0.64,0.12
-6.28,-10.63,-1.29,-0.20,-0.57,0.29
-6.04,-9.81,-0.75,-0.30,-0.51,0.23
-4.79,-8.63,-0.71,-0.25,-0.46,0.08
-3.69,-7.69,-0.55,-0.03,-0.25,-0.15
-3.80,-7.69,-0.47,0.26,-0.08,-0.22
-4.86,-7.85,-0.71,0.45,-0.06,-0.26
-5.96,-7.81,-0.82,0.41,-0.13,-0.25
-6.83,-7.88,-0.86,0.05,-0.24,-0.18
-8.00,-8.39,-0.78,-0.44,-0.35,-0.21
-7.69,-8.39,-0.67,-0.68,-0.35,-0.25
-6.35,-8.32,-0.31,-0.86,-0.17,-0.18
-5.18,-8.36,0.08,-0.82,0.17,-0.10
-4.35,-8.67,0.43,-0.69,0.40,0.02
-4.00,-8.79,0.35,-0.46,0.55,0.10
-3.77,-8.94,0.16,-0.22,0.61,0.18
-4.24,-9.38,-0.27,-0.06,0.62,0.26
-4.86,-9.26,-0.08,0.08,0.56,0.30
-4.79,-9.22,-0.12,-0.07,0.45,0.32
-4.94,-9.77,-0.31,-0.20,0.45,0.33
-5.18,-10.43,-0.78,-0.13,0.48,0.28
-5.22,-9.65,-0.35,0.25,0.62,0.09
-5.22,-8.94,-0.27,0.36,0.70,0.00
-5.18,-8.75,-0.35,0.23,0.76,-0.06
-5.02,-10.04,-1.26,0.10,0.80,0.06
-5.10,-10.40,-1.29,0.26,0.82,0.17
-5.06,-9.73,-1.10,0.39,0.85,0.13
-5.22,-9.38,-1.18,0.43,0.92,0.09
-5.30,-9.10,-1.49,0.47,1.00,-0.01
-5.14,-9.02,-1.84,0.52,1.03,-0.09
-5.06,-8.59,-2.39,0.62,1.02,-0.17
-4.98,-7.88,-2.82,0.41,0.83,-0.09
-4.86,-7.69,-3.22,0.05,0.61,-0.04
-4.51,-7.73,-3.49,-0.50,0.35,-0.16
-4.04,-7.88,-3.96,-0.74,0.14,-0.21
-4.04,-8.16,-4.04,-0.80,0.07,-0.14
-4.67,-9.02,-4.08,-0.89,0.09,-0.11
-6.04,-9.49,-4.20,-0.79,0.13,-0.11
-6.00,-9.49,-4.00,-0.70,0.16,-0.13
-6.12,-8.71,-3.37,-0.65,0.17,-0.21
-5.30,-8.39,-3.37,-0.82,0.14,-0.25
-4.16,-9.06,-3.61,-0.66,0.21,-0.21
-3.84,-8.79,-3.61,-0.22,0.23,-0.13
-2.67,-8.39,-4.82,-0.36,0.03,0.01
-3.30,-9.81,-6.08,-0.38,-0.18,0.22
-4.47,-9.61,-5.61,-0.12,-0.19,0.11
-4.47,-8.83,-4.79,0.07,-0.08,-0.13
-4.08,-8.71,-4.00,0.00,0.09,-0.19
-4.20,-9.65,-3.80,0.00,0.22,-0.19
-5.06,-9.30,-3.88,0.32,0.32,-0.20
-5.33,-8.55,-3.69,0.49,0.20,-0.20
-5.49,-7.92,-3.69,0.37,0.10,-0.21
-5.33,-7.69,-3.69,0.06,-0.15,-0.28
-4.86,-8.39,-3.73,-0.05,-0.24,-0.29
-4.59,-8.43,-3.53,0.10,-0.31,-0.34
-4.31,-8.00,-3.41,0.17,-0.35,-0.35
-3.84,-8.43,-3.45,0.01,-0.33,-0.26
-3.69,-9.38,-3.61,0.05,-0.27,-0.19
-4.24,-9.65,-3.77,0.27,-0.24,-0.02
-4.67,-9.85,-3.37,0.31,-0.24,0.13
-4.28,-9.69,-2.90,0.27,-0.14,-0.03
-3.88,-8.79,-2.47,0.38,0.10,-0.30
-3.84,-8.71,-2.59,0.49,0.33,-0.34
-3.73,-9.34,-2.59,0.55,0.41,-0.31
-3.73,-8.79,-2.04,0.60,0.47,-0.29
-2.82,-8.00,-1.73,0.32,0.43,-0.19
-2.35,-8.24,-1.80,0.02,0.52,-0.03
-2.79,-8.94,-2.28,-0.19,0.51,0.10
-2.63,-8.67,-2.47,-0.27,0.43,0.36
-3.77,-9.38,-2.63,-0.42,0.48,0.47
-5.88,-12.08,-3.77,-0.13,0.50,0.60
-5.06,-10.32,-3.80,0.55,0.29,0.48
-3.77,-8.08,-2.82,0.51,0.28,0.36
-2.71,-7.69,-2.98,-0.17,0.08,0.25
-1.41,-9.34,-3.49,-0.59,0.10,0.27
-2.82,-10.36,-3.22,-0.20,0.24,0.34
-3.84,-10.28,-3.10,0.08,0.22,0.29
-4.47,-9.77,-3.33,0.16,0.27,0.08
-4.79,-9.69,-3.18,0.13,0.42,-0.03
-5.41,-9.73,-2.90,0.21,0.45,-0.07
-4.90,-8.90,-2.67,0.25,0.40,-0.17
-4.94,-9.26,-2.79,0.15,0.43,-0.16
-4.71,-9.49,-2.82,0.24,0.36,-0.14
-3.96,-8.83,-2.79,0.33,0.26,-0.10
-3.92,-8.79,-2.94,0.07,0.10,-0.08
-3.65,-9.14,-3.10,-0.06,0.05,-0.06
-4.20,-9.81,-3.02,-0.02,0.06,-0.05
-3.88,-9.73,-2.94,0.12,0.06,-0.11
-3.33,-9.38,-2.82,0.14,0.10,-0.12
-3.53,-9.53,-2.79,0.15,0.17,-0.13
-3.65,-9.18,-2.59,0.20,0.15,-0.15
-3.45,-9.02,-2.55,0.13,0.17,-0.15
-3.84,-9.73,-2.75,0.12,0.23,-0.10
-4.24,-9.30,-2.63,0.27,0.19,-0.09
-3.77,-8.59,-2.55,0.14,0.20,-0.14
-3.53,-9.06,-2.59,0.03,0.24,-0.09
-3.80,-9.65,-2.79,0.05,0.22,0.03
-3.53,-8.83,-2.47,0.14,0.21,0.11
-3.84,-8.87,-2.55,0.04,0.22,0.20
-4.00,-9.10,-2.59,-0.07,0.17,0.36
-4.39,-9.38,-2.79,-0.08,0.05,0.37
-4.24,-9.65,-2.86,-0.05,0.01,0.30
-4.00,-9.34,-2.51,-0.02,0.01,0.24
-4.08,-9.49,-2.63,-0.09,0.01,0.22
-3.84,-9.65,-2.79,-0.15,0.04,0.16
-3.69,-9.77,-2.94,-0.09,0.09,0.15
-4.24,-9.65,-2.71,0.04,0.11,0.17
-4.24,-8.79,-2.71,0.12,0.12,0.15
-4.39,-8.12,-2.59,0.11,0.13,0.24
-4.39,-7.92,-2.51,0.05,0.06,0.47
-4.79,-7.88,-2.39,0.09,-0.02,0.64
-5.33,-7.96,-2.51,0.18,-0.13,0.89
-5.49,-7.45,-2.35,0.25,-0.21,1.09
-5.96,-7.61,-2.20,0.22,-0.24,1.29
-6.59,-7.53,-2.12,0.29,-0.22,1.39
-6.67,-7.06,-1.88,0.25,-0.21,1.48
-7.41,-8.16,-2.35,0.14,-0.19,1.52
-7.14,-7.85,-2.71,0.33,-0.14,1.48
-7.53,-7.88,-2.39,0.19,-0.04,1.40
-7.41,-8.00,-2.63,0.23,0.04,1.22
-7.30,-7.49,-2.31,0.36,0.09,1.19
-7.77,-6.75,-1.96,0.31,0.22,1.12
-8.28,-7.14,-1.84,0.16,0.27,1.08
-8.71,-8.63,-1.88,0.09,0.24,0.87
-7.96,-7.88,-1.37,0.10,0.22,0.28
-7.69,-7.88,-1.61,0.03,0.25,-0.00
-7.88,-7.02,-1.80,0.20,0.30,-0.09
-8.16,-6.04,-1.77,0.27,0.33,-0.12
-8.47,-5.65,-1.61,0.02,0.25,-0.17
-8.43,-5.84,-1.88,-0.21,0.21,-0.26
-8.24,-6.39,-2.20,-0.09,0.17,-0.25
-8.24,-5.49,-2.12,0.08,0.17,-0.26
-8.12,-5.22,-1.92,0.02,0.15,-0.20
-8.20,-5.49,-1.96,-0.14,0.12,-0.09
-8.24,-6.32,-2.16,-0.09,0.10,-0.02
-8.16,-7.30,-2.12,0.03,0.08,-0.09
-7.96,-7.06,-2.00,0.24,0.07,-0.23
-7.81,-7.81,-2.55,0.19,0.14,-0.42
-7.53,-7.22,-2.67,0.30,0.20,-0.58
-7.88,-7.81,-2.63,0.39,0.29,-0.71
-7.85,-7.77,-2.59,0.55,0.30,-0.91
-7.45,-8.04,-2.55,0.57,0.30,-0.99
-7.14,-8.36,-2.39,0.43,0.34,-1.16
-6.35,-8.04,-2.51,0.32,0.42,-1.39
-5.88,-6.94,-2.35,0.43,0.52,-1.27
-5.81,-6.83,-2.16,0.46,0.55,-1.04
-6.20,-6.12,-1.41,0.46,0.50,-0.65
-6.24,-6.00,-0.90,0.16,0.45,-0.24
-6.55,-6.94,-0.86,-0.00,0.35,-0.01
-6.83,-7.69,-0.86,0.05,0.18,0.20
-6.39,-6.43,-0.35,-0.03,-0.04,0.38
-6.28,-6.67,-0.75,-0.26,-0.18,0.59
-6.63,-7.06,-1.22,-0.41,-0.34,0.89
-6.94,-6.75,-1.37,-0.38,-0.43,1.15
-7.41,-6.24,-1.53,-0.42,-0.47,1.29
-8.32,-7.53,-2.08,-0.63,-0.49,1.40
-8.16,-8.83,-2.43,-0.54,-0.55,1.13
-7.92,-9.14,-2.47,-0.29,-0.54,0.90
-7.65,-9.81,-2.63,-0.11,-0.40,0.40
-7.22,-9.89,-2.55,-0.08,-0.23,-0.18
-6.51,-8.43,-2.55,-0.03,-0.17,-0.40
-6.83,-7.14,-2.51,-0.03,-0.01,-0.40
-7.14,-6.12,-2.59,-0.10,0.14,-0.30
-7.69,-5.65,-2.31,-0.13,0.21,-0.20
-8.00,-5.49,-2.12,-0.01,0.25,-0.03
-8.51,-5.53,-1.61,0.16,0.26,0.15
-8.16,-5.81,-1.37,0.13,0.24,0.16
-7.92,-6.90,-1.26,0.12,0.20,0.17
-7.53,-7.41,-1.33,0.08,0.14,0.19
-7.41,-7.65,-1.29,0.11,0.05,0.14
-7.45,-6.98,-1.22,0.08,0.01,0.05
-7.88,-6.63,-1.53,-0.04,0.01,0.01
-7.77,-6.71,-1.61,-0.11,-0.02,0.03
-7.88,-6.47,-1.77,-0.05,-0.06,0.10
-7.85,-6.28,-1.77,-0.01,-0.06,0.18
-7.81,-6.28,-1.84,-0.06,-0.04,0.25
-7.96,-6.59,-1.57,-0.08,-0.03,0.29
-8.08,-6.67,-1.69,-0.16,-0.02,0.24
-8.08,-6.59,-1.84,-0.14,-0.00,0.17
-8.08,-6.24,-1.73,-0.11,-0.00,0.14
-8.00,-5.96,-1.88,-0.15,0.01,0.11
-8.04,-6.35,-1.96,-0.13,0.03,0.17
-8.16,-5.96,-1.80,-0.10,0.03,0.22
-8.24,-6.04,-1.65,-0.18,0.03,0.21
-8.20,-6.16,-1.80,-0.17,0.01,0.20
-8.24,-6.04,-1.77,-0.16,0.01,0.22
-8.28,-6.00,-1.80,-0.20,0.02,0.20
-8.36,-6.20,-1.88,-0.25,0.01,0.21
-8.36,-6.12,-1.96,-0.20,0.01,0.19
-8.36,-6.20,-2.00,-0.16,0.03,0.14
-8.47,-6.24,-1.96,-0.06,0.05,0.05
-8.39,-5.92,-2.04,-0.03,0.07,-0.04
-8.32,-5.84,-2.00,-0.02,0.08,-0.08
-8.28,-5.69,-1.84,-0.02,0.07,-0.07
-8.43,-5.53,-1.80,-0.07,0.06,-0.09
-8.47,-5.69,-1.77,-0.10,0.06,-0.09
-8.36,-5.49,-1.80,-0.08,0.03,-0.07
-8.43,-5.57,-1.96,-0.13,0.01,-0.02
-8.47,-5.65,-1.88,-0.17,0.02,0.01
-8.47,-5.81,-1.96,-0.22,0.01,0.04
-8.47,-5.96,-2.00,-0.25,0.03,0.06
-8.24,-6.20,-2.12,-0.25,0.02,0.04
-8.39,-6.12,-2.28,-0.21,0.00,0.05
-8.28,-6.00,-2.04,-0.20,0.00,0.02
-8.43,-6.16,-2.20,-0.20,0.04,-0.02
-8.47,-6.08,-2.20,-0.10,0.05,-0.09
-8.47,-5.53,-2.20,-0.03,0.06,-0.11
-8.47,-5.37,-2.12,-0.06,0.07,-0.11
-8.43,-5.65,-2.16,-0.06,0.04,-0.05
-8.39,-5.37,-2.12,-0.04,0.03,-0.01
-8.36,-5.45,-2.16,-0.08,0.04,-0.00
-8.32,-5.92,-2.24,-0.10,0.03,0.03
-8.47,-5.84,-2.20,-0.08,0.05,0.03
-8.39,-5.96,-2.16,-0.09,0.06,0.00
-8.39,-5.88,-2.04,-0.03,0.05,-0.05
-8.32,-5.41,-2.04,0.01,0.06,-0.06
-8.39,-5.45,-2.08,-0.03,0.06,-0.05
-8.39,-5.57,-2.20,-0.06,0.04,-0.02
-8.36,-5.57,-2.20,-0.05,0.01,-0.02
-8.39,-5.61,-2.28,-0.05,0.02,-0.01
-8.36,-5.49,-2.31,-0.05,0.03,0.01
-8.36,-5.73,-2.08,-0.07,0.04,0.03
-8.32,-5.96,-2.16,-0.05,0.04,0.02
-8.47,-6.20,-2.04,0.07,0.05,0.01
-8.32,-5.30,-2.20,0.15,0.04,-0.03
-8.47,-5.49,-2.08,-0.03,0.08,0.01
-8.32,-5.84,-2.08,-0.07,0.03,0.02
-8.16,-5.84,-2.20,-0.10,0.01,0.02
-8.39,-5.65,-2.20,-0.10,0.04,-0.01
-8.55,-5.73,-2.24,-0.11,0.06,-0.02
-8.39,-5.61,-2.20,-0.09,0.05,-0.04
-8.55,-5.53,-2.31,-0.09,0.07,-0.03
-8.39,-5.61,-2.24,-0.09,0.08,0.01
-8.55,-5.57,-2.20,-0.05,0.08,0.01
-8.47,-5.49,-2.24,-0.08,0.07,0.00
-8.43,-5.49,-2.16,-0.07,0.08,0.00
-8.51,-5.57,-2.20,-0.06,0.09,-0.01
-8.47,-5.57,-2.20,-0.01,0.09,-0.02
-8.51,-5.49,-2.16,0.00,0.09,0.00
-8.51,-5.37,-2.28,0.02,0.08,0.01
-8.47,-5.30,-2.24,0.03,0.06,0.02
-8.43,-5.33,-2.24,0.01,0.05,0.04
-8.43,-5.53,-2.28,-0.00,0.04,0.06
-8.36,-5.65,-2.43,0.01,0.04,0.05
-8.43,-5.69,-2.28,0.06,0.05,0.06
-8.51,-5.65,-2.28,0.06,0.05,0.03
-8.59,-5.61,-2.20,0.06,0.05,0.02
-8.51,-5.73,-2.16,0.07,0.06,0.01
-8.51,-5.49,-2.16,0.06,0.07,-0.02
-8.51,-5.49,-2.16,0.02,0.09,-0.03
-8.47,-5.65,-2.31,0.05,0.09,-0.01
-8.47,-5.26,-2.20,0.10,0.09,-0.04
-8.55,-5.37,-2.43,0.03,0.08,-0.04
-8.43,-5.41,-2.35,0.00,0.08,0.01
-8.47,-5.57,-2.35,0.02,0.09,0.02
-8.39,-5.45,-2.20,0.08,0.13,-0.00
-8.43,-5.69,-2.20,0.13,0.14,0.01
-8.47,-5.73,-2.16,0.15,0.12,-0.01
-8.36,-5.57,-1.88,0.14,0.09,-0.06
-8.55,-5.65,-2.12,0.10,0.12,-0.10
-8.71,-5.53,-2.12,0.09,0.11,-0.12
-8.47,-5.53,-2.12,0.10,0.11,-0.08
-8.43,-5.69,-2.04,0.15,0.12,-0.06
-8.67,-5.69,-1.96,0.17,0.11,-0.04
-8.47,-6.20,-1.96,0.23,0.09,0.02
-8.20,-5.65,-1.65,0.31,0.10,-0.12
-8.47,-5.69,-1.88,0.28,0.13,-0.20
-8.55,-5.26,-1.84,0.28,0.12,-0.20
-8.63,-5.22,-1.80,0.10,0.09,-0.06
-8.28,-5.37,-2.08,-0.04,0.03,0.05
-8.24,-5.30,-2.00,-0.18,-0.02,0.13
-8.39,-5.73,-2.39,-0.30,-0.00,0.14
-8.36,-5.81,-2.51,-0.25,0.01,0.10
-8.24,-5.96,-2.59,-0.14,0.05,0.02
-8.39,-5.88,-2.43,0.02,0.09,-0.00
-8.47,-5.77,-2.20,0.13,0.13,0.00
-8.36,-5.92,-1.88,0.14,0.17,0.02
-8.51,-6.04,-1.92,0.18,0.16,-0.00
-8.51,-5.73,-1.88,0.24,0.11,-0.07
-8.39,-5.37,-1.69,0.19,0.09,-0.09
-8.36,-5.49,-1.84,0.12,0.07,-0.05
-8.39,-5.53,-1.92,0.14,0.05,-0.03
-8.43,-5.81,-1.84,0.12,0.01,0.02
-8.43,-5.73,-1.80,0.09,-0.00,0.04
-8.39,-6.00,-1.84,-0.00,0.02,0.02
-8.43,-6.20,-1.80,-0.00,0.05,-0.01
-8.39,-6.00,-1.96,0.05,0.07,-0.04
-8.39,-5.69,-1.80,0.05,0.08,-0.03
-8.47,-5.69,-2.00,0.03,0.09,-0.04
-8.51,-5.65,-1.88,0.05,0.09,-0.04
-8.55,-5.61,-2.04,0.10,0.11,-0.01
-8.47,-5.41,-1.80,0.10,0.13,0.01
-8.47,-5.88,-2.00,0.06,0.14,0.03
-8.28,-5.81,-1.84,0.13,0.12,-0.00
-8.43,-5.65,-1.65,0.13,0.12,-0.03
-8.47,-5.65,-1.61,0.05,0.13,-0.07
-8.47,-6.04,-1.65,0.05,0.11,-0.03
-8.51,-5.92,-1.73,0.08,0.10,-0.02
-8.36,-5.73,-1.92,0.07,0.09,-0.02
-8.36,-5.73,-1.80,0.01,0.08,-0.00
-8.39,-5.81,-1.92,-0.01,0.08,0.00
-8.43,-5.77,-1.88,-0.00,0.08,-0.00
-8.47,-5.73,-1.69,0.01,0.07,0.01
-8.43,-5.73,-1.84,0.01,0.07,-0.00
-8.47,-5.84,-1.88,0.03,0.08,-0.00
-8.36,-5.49,-1.77,0.07,0.05,-0.02
-8.28,-5.57,-1.80,0.00,0.04,0.00
-8.36,-5.73,-1.77,-0.01,0.04,-0.00
-8.32,-5.73,-1.80,0.02,0.06,-0.02
-8.36,-5.73,-1.80,0.03,0.08,-0.03
-8.43,-5.65,-1.77,0.04,0.09,-0.04
-8.39,-5.84,-1.80,-0.01,0.08,-0.03
-8.47,-5.92,-1.88,0.01,0.07,-0.03
-8.36,-5.88,-1.77,0.02,0.08,-0.01
-8.32,-6.00,-1.73,-0.01,0.09,-0.01
-8.39,-6.08,-1.77,-0.00,0.09,-0.04
-8.43,-5.88,-1.77,0.02,0.09,-0.05
-8.28,-5.73,-1.80,0.02,0.08,-0.06
-8.39,-5.73,-1.69,0.00,0.06,-0.03
-8.43,-5.69,-1.88,-0.01,0.06,-0.03
-8.39,-5.88,-1.80,0.01,0.06,-0.03
-8.39,-5.81,-1.80,0.04,0.07,-0.02
-8.43,-5.73,-1.69,0.03,0.07,-0.03
-8.36,-5.88,-1.77,-0.01,0.06,-0.02
-8.39,-6.00,-1.77,-0.03,0.04,-0.00
-8.36,-5.81,-1.77,0.00,0.04,-0.02
-8.39,-5.88,-1.77,0.01,0.05,-0.03
-8.32,-5.92,-1.84,0.00,0.05,-0.03
-8.39,-5.92,-1.80,-0.01,0.05,-0.02
-8.36,-5.65,-1.73,0.00,0.05,-0.02
-8.32,-5.88,-1.73,-0.02,0.06,-0.02
-8.39,-5.81,-1.57,-0.01,0.05,-0.04
-8.39,-5.84,-1.84,-0.02,0.04,-0.03
-8.36,-5.88,-1.77,-0.03,0.05,-0.02
-8.36,-5.92,-1.73,-0.01,0.06,-0.02
-8.28,-5.81,-1.69,-0.02,0.06,-0.02
-8.39,-5.92,-1.80,-0.06,0.06,-0.02
-8.36,-6.08,-1.80,-0.01,0.08,-0.02
-8.32,-5.84,-1.80,0.01,0.08,-0.02
-8.39,-5.88,-1.80,-0.01,0.08,-0.01
-8.36,-5.84,-1.80,-0.02,0.09,-0.02
-8.39,-5.73,-1.77,0.02,0.08,-0.03
-8.32,-5.77,-1.61,-0.01,0.05,-0.03
-8.39,-5.88,-1.73,-0.02,0.05,-0.02
-8.39,-5.96,-1.88,0.00,0.05,0.01
-8.36,-6.04,-1.84,-0.01,0.07,-0.00
-8.39,-6.12,-1.73,0.03,0.09,-0.02
-8.32,-5.73,-1.69,0.06,0.08,-0.03
-8.32,-5.73,-1.73,0.02,0.05,-0.02
-8.39,-5.73,-1.80,-0.03,0.04,0.01
-8.36,-5.88,-1.80,-0.05,0.04,0.03
-8.43,-6.04,-1.73,-0.05,0.07,0.01
-8.28,-6.08,-1.92,-0.00,0.09,-0.01
-8.24,-5.84,-1.73,0.02,0.07,-0.01
-8.28,-5.61,-1.84,-0.04,0.05,-0.03
-8.32,-5.84,-1.84,-0.08,0.07,-0.02
-8.36,-5.81,-1.88,-0.04,0.08,-0.02
-8.28,-5.57,-1.80,0.00,0.09,-0.04
-8.36,-5.65,-1.80,-0.02,0.09,-0.04
-8.39,-5.61,-1.65,-0.02,0.07,-0.03
-8.36,-5.81,-1.88,-0.06,0.05,0.00
-8.39,-5.96,-1.96,-0.05,0.07,0.02
-8.43,-6.00,-1.88,-0.01,0.08,0.01
-8.28,-6.00,-1.84,-0.01,0.08,0.00
-8.39,-5.96,-1.73,-0.01,0.08,-0.03
-8.43,-6.12,-1.73,0.01,0.07,-0.02
-8.36,-5.81,-1.80,-0.01,0.04,-0.04
-8.24,-5.92,-1.84,-0.06,0.04,-0.04
-8.36,-6.04,-1.92,-0.00,0.07,-0.04
-8.32,-5.88,-1.92,0.04,0.08,-0.04
-8.32,-5.69,-1.88,0.01,0.09,-0.06
-8.36,-5.96,-1.73,-0.02,0.07,-0.03
-8.32,-5.69,-1.92,-0.00,0.06,-0.03
-8.36,-5.73,-1.84,-0.02,0.07,-0.02
-8.28,-5.84,-1.84,-0.04,0.05,-0.00
-8.28,-5.92,-1.88,-0.06,0.03,0.01
-8.32,-6.08,-1.84,-0.07,0.03,-0.01
-8.39,-5.92,-1.96,0.02,0.04,-0.04
-8.36,-5.69,-2.00,0.06,0.05,-0.04
-8.36,-5.57,-1.80,0.05,0.05,-0.01
-8.36,-5.69,-1.65,-0.04,0.04,0.03
-8.32,-6.12,-1.88,-0.06,0.03,0.05
-8.32,-5.96,-1.92,0.01,0.06,0.01
-8.36,-5.92,-1.80,0.05,0.08,-0.03
-8.39,-5.96,-1.80,0.02,0.06,0.00
-8.28,-5.88,-1.84,0.02,0.06,0.00
-8.39,-6.00,-1.73,-0.00,0.08,0.01
-8.32,-5.77,-1.84,0.03,0.06,-0.01
-8.32,-5.69,-1.73,0.04,0.06,-0.03
-8.43,-6.04,-1.96,-0.01,0.07,0.02
-8.36,-5.77,-1.80,0.04,0.07,0.02
-8.36,-5.73,-1.77,0.03,0.07,-0.02
-8.36,-5.77,-1.65,0.02,0.08,-0.02
-8.43,-5.77,-1.69,0.02,0.06,0.00
-8.43,-5.73,-1.77,0.02,0.05,0.00
-8.39,-5.81,-1.80,-0.00,0.05,0.03
-8.39,-5.88,-1.80,0.01,0.05,0.03
-8.43,-5.84,-1.73,0.02,0.04,0.01
-8.39,-5.84,-1.84,-0.01,0.04,0.01
-8.39,-6.00,-1.88,-0.03,0.04,0.02
-8.39,-5.84,-1.80,-0.00,0.06,-0.01
-8.36,-5.77,-1.69,0.02,0.08,-0.04
-8.36,-5.73,-1.61,0.01,0.07,-0.01
-8.36,-5.45,-1.73,-0.04,0.03,-0.02
-8.32,-5.77,-1.69,-0.12,0.03,-0.00
-8.36,-5.92,-1.96,-0.06,0.05,-0.01
-8.36,-5.49,-1.80,-0.01,0.06,-0.03
-8.43,-5.61,-1.77,-0.06,0.07,-0.03
-8.36,-5.69,-1.92,-0.07,0.07,-0.00
-8.51,-5.77,-1.69,-0.11,0.05,-0.00
-8.51,-5.88,-1.77,-0.13,0.05,-0.03
-8.47,-5.88,-1.77,-0.10,0.04,-0.04
-8.43,-5.92,-1.88,-0.08,0.05,-0.02
-8.39,-5.81,-1.80,-0.02,0.09,-0.01
-8.43,-5.77,-1.77,-0.04,0.10,0.00
-8.36,-5.88,-1.92,-0.06,0.06,-0.01
-8.36,-5.73,-1.80,-0.10,0.06,-0.02
-8.39,-5.88,-1.77,-0.11,0.08,-0.04
-8.43,-5.81,-1.88,-0.08,0.08,-0.03
-8.39,-5.65,-1.84,-0.04,0.08,-0.03
-8.43,-5.53,-1.88,-0.02,0.07,-0.03
-8.39,-5.57,-1.92,-0.04,0.06,-0.02
-8.39,-5.65,-1.88,-0.03,0.06,-0.00
-8.39,-5.81,-2.08,-0.02,0.04,0.01
-8.36,-5.81,-2.08,0.02,0.06,-0.00
-8.36,-5.69,-2.04,0.02,0.09,-0.02
-8.39,-6.00,-1.92,0.03,0.10,-0.01
-8.36,-5.73,-1.80,0.04,0.07,-0.02
-8.39,-5.77,-1.61,-0.03,0.06,-0.03
-8.39,-6.04,-1.77,-0.07,0.02,-0.01
-8.36,-6.00,-1.92,-0.02,0.04,0.01
-8.39,-5.81,-1.96,0.02,0.06,-0.01
-8.28,-5.77,-2.04,0.03,0.08,-0.03
-8.39,-5.77,-2.00,0.03,0.06,-0.01
-8.39,-5.69,-1.96,0.04,0.06,-0.01
-8.36,-5.65,-1.88,0.05,0.08,-0.01
-8.39,-5.88,-1.92,0.05,0.08,0.00
-8.47,-5.88,-1.88,0.05,0.08,0.03
-8.36,-5.84,-1.88,0.02,0.10,-0.00
-8.47,-6.00,-1.88,0.07,0.10,-0.03
-8.32,-5.73,-1.96,0.06,0.08,-0.02
-8.39,-5.81,-1.73,-0.01,0.06,-0.00
-8.51,-5.88,-1.92,0.00,0.08,-0.02
-8.32,-5.81,-1.80,0.04,0.10,-0.03
-8.39,-5.61,-1.88,0.02,0.09,-0.04
-8.43,-5.69,-1.80,-0.01,0.07,-0.04
-8.43,-5.81,-1.88,-0.03,0.05,0.00
-8.43,-5.73,-1.84,-0.03,0.05,0.01
-8.39,-5.84,-2.12,-0.06,0.06,0.00
-8.39,-5.92,-2.04,-0.04,0.06,-0.01
-8.36,-5.81,-2.04,-0.00,0.07,-0.05
-8.32,-5.69,-2.00,0.00,0.10,-0.04
-8.39,-5.49,-1.88,0.02,0.08,-0.03
-8.39,-5.53,-1.88,0.00,0.07,-0.01
-8.39,-5.65,-1.84,-0.02,0.06,-0.01
-8.47,-5.84,-1.80,-0.01,0.06,-0.01
-8.39,-6.08,-1.88,0.05,0.08,-0.01
-8.43,-5.88,-1.80,0.09,0.11,-0.01
-8.39,-5.88,-1.92,0.05,0.08,-0.02
-8.28,-5.81,-1.77,0.03,0.06,-0.02
-8.32,-6.04,-1.92,-0.01,0.06,-0.01
-8.28,-5.81,-1.88,0.02,0.07,-0.02
-8.43,-5.69,-1.88,-0.00,0.07,-0.03
-8.39,-5.81,-1.88,-0.03,0.06,-0.04
-8.39,-5.65,-1.84,0.04,0.05,-0.01
-8.32,-5.73,-1.88,-0.00,0.04,-0.00
-8.28,-5.84,-2.04,-0.04,0.04,-0.01
-8.36,-6.08,-1.96,-0.01,0.06,-0.00
-8.32,-6.04,-1.92,0.02,0.07,-0.01
-8.24,-5.88,-1.84,0.04,0.09,-0.04
-8.43,-5.96,-1.84,0.02,0.09,-0.04
-8.43,-5.73,-1.80,0.01,0.07,-0.03
-8.43,-5.77,-1.77,0.03,0.06,-0.03
-8.36,-5.61,-1.88,0.00,0.05,-0.01
-8.36,-5.88,-1.96,-0.01,0.05,0.01
-8.36,-5.88,-1.88,0.01,0.05,-0.00
-8.43,-5.96,-1.80,0.01,0.06,0.00
-8.24,-5.81,-1.84,0.02,0.05,-0.01
-8.39,-5.84,-1.73,0.01,0.05,-0.01
-8.51,-5.88,-1.80,0.02,0.04,-0.01
-8.39,-5.88,-1.88,0.02,0.05,0.00
-8.32,-5.92,-1.88,0.05,0.07,-0.02
-8.36,-5.84,-1.92,0.06,0.08,-0.02
-8.36,-5.92,-1.80,0.05,0.07,0.00
-8.36,-5.88,-1.73,0.02,0.07,-0.01
-8.39,-5.88,-1.92,0.02,0.08,-0.01
-8.39,-5.77,-1.77,0.04,0.08,-0.01
-8.47,-5.61,-1.77,0.04,0.09,-0.02
-8.43,-5.53,-1.73,-0.02,0.07,-0.03
-8.39,-5.73,-1.77,-0.04,0.03,-0.01
-8.43,-5.61,-1.73,-0.02,0.03,0.01
-8.32,-5.92,-1.92,-0.03,0.05,-0.00
-8.39,-6.12,-1.84,-0.00,0.07,0.05
-8.32,-6.00,-1.96,0.02,0.07,0.02
-8.28,-6.08,-1.88,0.04,0.10,-0.03
-8.36,-5.77,-1.73,0.05,0.10,-0.04
-8.43,-5.69,-1.69,0.03,0.08,-0.05
-8.39,-5.57,-1.65,-0.02,0.07,-0.05
-8.51,-5.57,-1.57,-0.06,0.05,-0.04
-8.43,-5.57,-1.73,-0.09,0.03,-0.03
-8.39,-5.81,-1.92,-0.11,0.00,-0.03
-8.43,-5.84,-1.88,-0.06,0.03,0.03
-8.28,-5.69,-1.96,-0.04,0.04,0.02
-8.28,-6.12,-1.96,-0.06,0.04,0.02
-8.39,-6.08,-1.77,-0.02,0.04,0.02
-8.36,-6.16,-1.80,0.01,0.07,-0.00
-8.36,-5.88,-1.73,0.05,0.08,-0.03
-8.39,-5.92,-1.73,0.03,0.08,-0.05
-8.36,-5.81,-1.80,0.03,0.06,-0.04
-8.39,-5.77,-1.77,0.05,0.07,-0.02
-8.47,-5.65,-1.96,0.06,0.08,-0.02
-8.43,-5.69,-1.84,0.03,0.08,-0.00
-8.39,-5.73,-1.92,0.01,0.07,0.01
-8.43,-5.92,-1.88,0.02,0.07,0.01
-8.32,-5.92,-1.80,0.04,0.09,-0.01
-8.32,-5.84,-1.69,0.06,0.08,-0.03
-8.47,-5.81,-1.73,0.04,0.08,-0.03
-8.51,-5.77,-1.61,0.03,0.06,-0.02
-8.39,-5.84,-1.65,0.02,0.06,-0.02
-8.47,-5.92,-1.73,0.04,0.06,-0.02
-8.47,-5.81,-1.73,0.09,0.07,-0.01
-8.43,-5.77,-1.77,0.09,0.06,-0.01
-8.32,-5.81,-1.84,0.03,0.06,0.00
-8.32,-5.92,-1.84,0.05,0.07,-0.02
-8.32,-5.88,-1.73,0.05,0.07,-0.03
-8.39,-6.04,-1.69,0.04,0.08,-0.02
-8.47,-5.84,-1.65,0.04,0.07,-0.03
-8.36,-5.77,-1.37,0.02,0.06,-0.04
-8.43,-5.88,-1.69,-0.01,0.05,-0.03
-8.32,-5.77,-1.65,-0.00,0.04,-0.02
-8.43,-5.88,-1.73,-0.02,0.05,-0.01
-8.39,-5.81,-1.80,-0.00,0.07,-0.02
-8.32,-5.88,-1.77,-0.00,0.07,-0.04
-8.43,-5.81,-1.73,0.02,0.08,-0.04
-8.43,-5.81,-1.65,0.01,0.08,-0.03
-8.32,-5.81,-1.57,0.02,0.07,-0.02
-8.39,-5.77,-1.57,-0.02,0.06,-0.00
-8.39,-6.12,-1.69,-0.06,0.05,0.01
-8.36,-6.00,-1.65,-0.01,0.06,-0.01
-8.32,-5.92,-1.65,0.01,0.05,-0.03
-8.36,-5.69,-1.73,0.02,0.05,-0.04
-8.39,-5.84,-1.69,-0.04,0.07,-0.01
-8.43,-5.88,-1.65,-0.02,0.06,-0.01
-8.51,-5.84,-1.49,0.00,0.06,-0.01
-8.39,-5.57,-1.65,-0.03,0.06,-0.02
-8.39,-5.92,-1.65,-0.09,0.06,0.02
-8.32,-6.00,-1.77,-0.06,0.05,0.04
-8.32,-6.12,-1.65,0.00,0.07,0.03
-8.36,-6.00,-1.73,0.07,0.11,0.00
-8.36,-5.81,-1.80,0.09,0.11,-0.01
-8.28,-5.65,-1.69,0.04,0.09,-0.02
-8.32,-5.73,-1.57,-0.08,0.09,-0.02
-8.36,-6.12,-1.65,-0.08,0.08,-0.01
-8.43,-5.84,-1.73,-0.01,0.07,-0.04
-8.39,-5.77,-1.69,-0.03,0.07,-0.04
-8.43,-5.77,-1.77,-0.04,0.06,-0.04
-8.36,-5.73,-1.61,-0.07,0.05,-0.03
-8.32,-5.92,-1.69,-0.12,0.05,-0.01
-8.39,-6.20,-1.80,-0.10,0.05,0.00
-8.39,-5.96,-1.73,-0.03,0.06,0.01
-8.47,-5.77,-1.69,-0.05,0.07,-0.02
-8.32,-5.81,-1.80,-0.06,0.07,-0.04
-8.28,-5.77,-1.73,-0.04,0.05,-0.02
-8.47,-5.69,-1.69,-0.04,0.04,-0.01
-8.39,-5.84,-1.88,-0.06,0.03,-0.00
-8.32,-5.73,-1.88,-0.05,0.02,-0.01
-8.39,-5.96,-1.77,-0.05,0.03,0.01
-8.39,-5.77,-1.65,0.00,0.05,-0.00
-8.39,-5.61,-1.65,-0.03,0.05,0.00
-8.47,-5.73,-1.77,-0.11,0.04,0.01
-8.47,-5.84,-1.88,-0.13,0.03,0.02
-8.36,-5.96,-1.92,-0.10,0.04,0.04
-8.39,-5.77,-1.92,-0.07,0.04,0.01
-8.39,-5.92,-2.12,-0.06,0.05,0.01
-8.39,-5.61,-2.12,-0.01,0.04,-0.01
-8.39,-5.69,-1.92,-0.04,0.07,-0.00
-8.32,-5.69,-1.84,-0.01,0.10,-0.01
-8.39,-5.69,-1.77,-0.03,0.09,-0.01
-8.36,-5.65,-1.73,-0.02,0.03,-0.03
-8.39,-5.69,-1.88,-0.04,0.03,-0.03
-8.39,-6.08,-2.00,-0.07,0.06,-0.02
-8.43,-5.96,-2.04,0.02,0.11,-0.04
-8.39,-5.77,-1.80,0.02,0.10,-0.04
-8.36,-5.92,-1.88,-0.03,0.08,-0.02
-8.39,-5.81,-1.80,0.03,0.07,-0.02
-8.47,-5.57,-1.88,0.04,0.08,-0.04
-8.36,-5.81,-1.88,0.03,0.06,-0.01
-8.32,-5.61,-1.80,0.07,0.04,-0.00
-8.47,-5.61,-1.88,0.03,0.05,-0.01
-8.39,-5.92,-1.88,0.02,0.05,-0.01
-8.36,-5.65,-1.80,0.07,0.04,-0.02
-8.36,-5.69,-1.92,0.02,0.03,-0.03
-8.28,-5.69,-1.80,0.01,0.04,-0.04
-8.51,-6.04,-1.92,0.01,0.09,-0.03
-8.39,-6.12,-1.96,0.05,0.07,-0.02
-8.39,-6.16,-1.88,0.10,0.09,-0.02
-8.36,-5.96,-1.73,0.13,0.12,-0.05
-8.47,-5.84,-1.77,0.13,0.15,-0.09
-8.36,-5.61,-1.65,0.11,0.11,-0.07
-8.43,-5.45,-1.69,0.08,0.11,-0.05
-8.39,-5.53,-1.65,0.06,0.10,-0.02
-8.47,-5.57,-1.53,0.07,0.10,0.04
-8.39,-5.84,-1.73,0.07,0.10,0.09
-8.36,-5.88,-1.41,0.10,0.08,0.09
-8.36,-6.04,-1.57,0.06,0.02,0.05
-8.43,-5.88,-1.73,0.02,0.00,0.02
-8.47,-6.04,-1.92,-0.04,-0.00,-0.00
-8.36,-5.96,-1.96,0.01,0.02,-0.01
-8.39,-5.84,-1.88,0.06,0.06,-0.01
-8.39,-5.73,-1.69,0.09,0.07,-0.01
-8.43,-5.65,-1.57,0.06,0.07,-0.01
-8.39,-5.69,-1.53,0.04,0.07,-0.01
-8.47,-5.84,-1.53,0.05,0.07,0.00
-8.43,-5.81,-1.53,0.02,0.05,0.03
-8.51,-5.84,-1.57,-0.02,0.05,0.02
-8.51,-5.92,-1.65,0.01,0.06,0.02
-8.51,-5.61,-1.53,-0.02,0.02,-0.01
-8.39,-6.00,-1.77,-0.08,0.03,0.00
-8.36,-6.00,-1.77,-0.03,0.06,0.01
-8.47,-5.73,-1.49,-0.02,0.07,-0.02
-8.51,-5.73,-1.61,-0.06,0.06,-0.03
-8.51,-5.88,-1.65,-0.09,0.05,-0.01
-8.47,-5.65,-1.57,-0.05,0.05,-0.02
-8.43,-5.53,-1.73,-0.06,0.05,-0.01
-8.39,-5.57,-1.88,-0.06,0.06,-0.01
-8.36,-5.57,-1.73,-0.03,0.07,-0.00
-8.43,-5.57,-1.73,-0.04,0.05,-0.02
-8.55,-5.61,-1.88,-0.08,0.05,-0.02
-8.51,-6.00,-1.80,-0.02,0.07,-0.03
-8.51,-5.88,-1.69,0.01,0.10,-0.01
-8.47,-5.81,-1.57,0.04,0.11,-0.02
-8.55,-5.81,-1.37,-0.02,0.10,0.00
-8.51,-5.84,-1.53,-0.05,0.08,-0.02
-8.51,-5.88,-1.57,-0.03,0.07,-0.05
-8.39,-5.69,-1.65,0.02,0.06,-0.03
-8.39,-5.57,-1.69,-0.02,0.07,-0.00
-8.47,-5.73,-1.84,-0.05,0.04,0.01
-8.47,-5.65,-1.77,-0.03,0.04,-0.00
-8.51,-5.73,-1.77,0.01,0.07,-0.03
-8.55,-5.77,-1.77,0.01,0.07,-0.02
-8.51,-6.04,-1.77,0.01,0.07,0.01
-8.39,-5.81,-1.73,0.03,0.07,-0.01
-8.55,-5.88,-1.65,-0.01,0.07,-0.03
-8.47,-5.84,-1.73,0.01,0.07,-0.05
-8.47,-5.81,-1.65,0.03,0.08,-0.03
-8.47,-5.81,-1.69,0.02,0.09,-0.03
-8.55,-5.69,-1.61,0.03,0.09,-0.03
-8.55,-5.73,-1.53,0.01,0.08,-0.02
-8.55,-5.69,-1.57,0.02,0.07,-0.02
-8.51,-5.53,-1.57,0.00,0.04,-0.02
-8.36,-5.81,-1.69,-0.01,0.04,-0.01
-8.39,-5.84,-1.69,0.00,0.05,0.01
-8.47,-6.12,-1.84,0.01,0.07,0.02
-8.51,-5.92,-1.65,0.05,0.09,-0.01
-8.43,-5.81,-1.69,0.01,0.07,-0.04
-8.55,-5.84,-1.61,-0.01,0.06,-0.03
-8.43,-5.88,-1.65,0.02,0.07,-0.02
-8.51,-5.69,-1.69,0.02,0.09,-0.03
-8.47,-5.81,-1.73,0.00,0.09,-0.04
-8.43,-5.69,-1.65,0.02,0.08,-0.01
-8.43,-5.73,-1.65,-0.01,0.07,0.00
-8.43,-5.77,-1.65,-0.01,0.08,-0.00
-8.39,-5.88,-1.73,0.00,0.08,0.00
-8.43,-5.88,-1.65,-0.00,0.08,0.01
-8.51,-5.77,-1.69,-0.01,0.08,-0.02
-8.51,-5.92,-1.77,-0.02,0.07,-0.01
-8.43,-5.49,-1.73,0.02,0.06,-0.01
-8.36,-5.84,-1.69,-0.04,0.06,-0.00
-8.43,-5.84,-1.69,-0.05,0.06,-0.01
-8.43,-5.81,-1.73,-0.02,0.07,-0.01
-8.47,-5.77,-1.65,-0.03,0.06,-0.03
-8.36,-5.77,-1.77,-0.04,0.07,-0.03
-8.47,-5.69,-1.77,-0.01,0.07,-0.03
-8.39,-5.65,-1.80,-0.02,0.07,-0.04
-8.28,-5.77,-1.73,-0.07,0.06,-0.02
-8.39,-5.88,-1.77,-0.06,0.07,-0.03
-8.47,-5.73,-1.77,-0.01,0.07,-0.05
-8.39,-5.77,-1.73,-0.04,0.07,-0.04
-8.47,-5.84,-1.88,-0.01,0.07,-0.02
-8.39,-5.53,-1.73,0.01,0.07,-0.04
-8.39,-5.57,-1.73,-0.04,0.07,-0.04
-8.39,-5.77,-1.73,-0.06,0.06,-0.02
-8.47,-5.84,-1.65,-0.05,0.05,-0.01
-8.39,-6.00,-1.77,-0.03,0.07,0.01
-8.39,-6.00,-1.77,-0.01,0.07,-0.00
-8.47,-5.81,-1.65,-0.04,0.06,-0.02
-8.43,-5.92,-1.73,-0.06,0.05,-0.02
-8.43,-5.81,-1.80,-0.02,0.05,-0.02
-8.36,-5.57,-1.88,-0.03,0.05,-0.02
-8.43,-5.69,-1.84,-0.06,0.05,-0.01
-8.47,-5.88,-1.92,-0.04,0.04,0.00
-8.43,-5.57,-1.84,0.01,0.04,-0.01
-8.39,-5.69,-1.84,-0.02,0.03,-0.00
-8.39,-5.81,-1.84,-0.01,0.04,-0.00
-8.39,-5.81,-1.69,0.00,0.05,0.01
-8.39,-5.88,-1.84,0.00,0.06,-0.00
-8.36,-5.88,-1.69,0.01,0.06,-0.02
-8.43,-5.73,-1.69,-0.01,0.05,-0.01
-8.43,-5.81,-1.69,-0.03,0.04,-0.02
-8.39,-5.81,-1.77,-0.05,0.04,-0.04
-8.36,-5.84,-1.80,-0.01,0.03,-0.04
-8.32,-5.65,-1.77,-0.03,0.03,-0.05
-8.32,-5.88,-1.84,-0.07,0.06,-0.08
-8.39,-6.00,-2.04,0.06,0.07,-0.07
-8.36,-5.45,-1.88,0.09,0.10,-0.05
-8.39,-5.73,-1.73,0.03,0.11,-0.02
-8.39,-5.77,-1.73,0.03,0.09,-0.00
-8.32,-5.88,-1.57,-0.00,0.08,0.00
-8.43,-6.08,-1.61,-0.01,0.09,-0.01
-8.39,-6.00,-1.80,0.03,0.08,-0.05
-8.51,-6.00,-1.84,0.07,0.08,-0.09
-8.39,-6.24,-1.96,0.05,0.09,-0.14
-8.24,-6.79,-2.08,0.12,0.14,-0.27
-8.28,-6.90,-2.20,0.22,0.13,-0.40
-8.28,-8.24,-2.75,0.34,0.22,-0.60
-7.88,-7.26,-2.12,0.73,0.37,-0.92
-7.73,-7.14,-1.73,0.75,0.46,-0.97
-7.73,-7.14,-1.61,0.59,0.45,-0.95
-7.49,-7.18,-1.53,0.40,0.41,-1.04
-7.34,-7.92,-1.96,0.37,0.46,-1.07
-7.30,-7.61,-1.41,0.57,0.47,-1.03
-6.98,-7.10,-1.10,0.58,0.46,-1.00
-6.83,-7.02,-1.06,0.43,0.42,-0.91
-6.59,-7.22,-1.22,0.36,0.36,-0.82
-6.39,-7.10,-1.22,0.36,0.26,-0.66
-6.20,-7.14,-1.10,0.26,0.19,-0.48
-6.12,-8.28,-1.22,0.22,0.15,-0.32
-6.04,-7.88,-0.98,0.36,0.14,-0.28
-5.69,-7.96,-1.02,0.24,0.10,-0.19
-5.65,-8.24,-0.98,0.15,0.06,-0.04
-5.77,-8.47,-1.06,0.12,0.03,-0.04
-5.77,-8.59,-0.98,0.12,0.05,-0.02
-5.69,-8.71,-1.10,0.07,0.07,-0.00
-5.73,-8.75,-1.06,0.08,0.09,-0.02
-5.73,-8.59,-1.02,0.03,0.09,-0.03
-5.26,-7.45,0.35,-0.03,0.05,0.04
-6.28,-10.36,-0.35,-0.47,-0.04,0.25
-6.08,-8.75,-0.35,0.34,-0.00,-0.09
-6.16,-8.12,-0.71,0.05,-0.03,0.11
-5.77,-8.79,-1.26,-0.13,-0.00,-0.01
-5.41,-8.63,-1.53,-0.06,-0.03,-0.02
-5.69,-8.47,-1.37,-0.03,0.00,-0.02
-5.81,-9.22,-1.14,-0.04,0.02,-0.03
-5.96,-9.18,-0.98,0.08,0.04,-0.08
-6.16,-8.24,-0.12,0.29,0.01,-0.07
-5.81,-7.61,-0.47,0.15,0.01,-0.06
-5.84,-8.71,-0.90,-0.10,0.02,0.01
-5.65,-8.75,-1.06,0.00,-0.01,0.00
-5.61,-8.94,-0.94,-0.12,0.00,0.02
-5.65,-9.49,-1.10,-0.22,0.04,-0.16
-5.45,-9.18,-1.10,0.04,0.05,-0.15
-5.88,-7.88,-0.59,-0.02,0.09,-0.10
-5.77,-9.61,-0.78,-0.25,0.02,-0.04
-5.84,-8.59,-0.78,-0.14,0.07,-0.13
-6.47,-8.08,-0.82,-0.10,0.06,-0.04
-5.53,-8.98,-1.06,-0.10,0.04,-0.10
-5.81,-7.96,-0.55,-0.14,-0.01,-0.09
-5.88,-9.06,-1.18,-0.44,-0.09,-0.01
-5.69,-8.94,-2.04,-0.22,-0.06,0.01
-5.88,-9.92,-1.84,0.12,-0.00,-0.07
-5.77,-8.75,-1.29,0.36,0.06,-0.19
-5.69,-8.28,-0.98,0.28,0.03,-0.15
-5.69,-8.90,-0.75,0.34,-0.07,-0.10
-5.61,-9.10,-0.63,0.35,-0.07,-0.12
-5.45,-8.79,-0.67,0.46,-0.00,-0.24
-5.41,-8.63,-0.31,0.33,-0.01,-0.18
-5.18,-8.83,-0.47,0.11,-0.03,-0.11
-5.61,-9.65,-0.51,0.22,-0.02,-0.19
-5.22,-8.36,-0.24,0.38,-0.06,-0.25
-5.30,-8.63,-0.24,0.09,-0.05,-0.07
-5.14,-9.57,-0.31,-0.06,0.11,-0.02
-5.37,-9.30,-0.39,0.18,0.02,-0.15
-5.18,-8.24,-0.04,0.15,0.02,-0.16
-5.06,-8.83,-0.04,-0.03,0.03,-0.06
-5.57,-9.41,-0.31,0.04,-0.01,-0.04
-5.30,-8.36,-0.08,0.09,0.03,-0.04
-5.14,-9.18,-0.16,-0.00,-0.01,-0.00
-5.30,-8.98,-0.12,0.11,0.05,-0.05
-5.18,-8.59,-0.39,-0.05,0.07,0.03
-5.26,-9.49,-0.27,-0.09,0.12,0.01
-5.06,-9.26,-0.20,0.15,0.05,-0.09
-5.14,-8.55,0.16,0.06,0.04,-0.01
-5.14,-9.26,0.16,-0.03,0.03,0.02
-5.26,-9.41,0.16,0.01,0.03,-0.03
-5.18,-8.79,0.20,0.04,0.08,0.02
-5.37,-9.38,0.00,-0.04,0.05,0.07
-5.22,-8.90,0.08,-0.01,0.05,0.07
-5.18,-8.79,-0.20,-0.00,0.06,0.11
-5.45,-8.87,-0.27,0.01,0.08,0.08
-5.33,-8.59,-0.04,-0.03,0.05,0.09
-5.37,-9.06,-0.08,-0.14,0.06,0.12
-5.37,-9.26,-0.20,-0.08,0.08,0.06
-5.26,-8.75,-0.12,-0.01,0.09,0.07
-5.41,-9.02,-0.08,-0.07,0.07,0.09
-5.65,-8.71,-0.20,-0.07,0.10,0.09
-5.73,-8.75,-0.43,-0.01,0.10,0.04
-5.69,-9.06,0.04,0.01,0.10,0.01
-5.26,-8.90,0.08,0.01,0.07,0.00
-5.53,-8.90,-0.08,-0.03,0.10,0.04
-5.61,-8.71,0.04,-0.06,0.08,0.07
-5.10,-9.41,-0.27,-0.09,0.05,0.04
-5.88,-8.39,-0.39,-0.01,0.03,0.03
-5.57,-9.02,-0.12,-0.02,0.03,0.03
-5.26,-8.90,-0.12,0.05,0.03,0.01
-5.61,-8.71,-0.08,-0.00,0.05,0.04
-5.53,-8.63,-0.16,-0.08,0.05,0.05
-5.57,-9.02,-0.20,-0.08,0.03,0.02
-5.69,-8.71,-0.24,-0.09,0.05,-0.01
-5.81,-9.18,-0.04,-0.18,0.07,0.03
-5.69,-8.90,-0.20,-0.04,0.06,0.03
-5.65,-8.20,-0.47,0.04,0.09,0.02
-5.69,-8.24,-0.43,-0.06,0.10,0.06
-5.84,-9.26,-0.35,-0.12,0.01,0.05
-5.57,-9.18,-0.27,-0.01,-0.00,-0.02
-5.57,-8.39,-0.24,0.05,0.06,-0.01
-6.08,-8.63,-0.16,-0.06,0.04,0.07
-5.49,-8.00,-0.67,-0.08,0.04,0.06
-5.57,-8.67,-0.47,-0.22,0.09,0.13
-5.77,-8.59,-0.55,-0.16,0.09,0.10
-5.49,-9.30,-0.78,-0.14,0.04,-0.00
-4.71,-7.06,0.04,0.00,0.04,0.00
-5.61,-8.94,-0.55,-0.11,0.09,0.07
-6.39,-8.47,-0.31,0.00,0.06,-0.02
-5.96,-8.36,-0.04,-0.02,0.07,-0.02
-5.84,-8.79,-0.59,-0.06,0.08,-0.01
-5.92,-8.90,-0.51,0.05,0.08,-0.07
-5.69,-8.08,-0.24,0.02,0.05,-0.05
-5.81,-9.30,-0.59,-0.13,0.04,-0.01
-6.12,-9.22,-0.78,0.09,0.10,-0.09
-5.69,-8.24,-0.24,0.18,0.05,-0.11
-4.82,-10.67,0.39,0.06,0.05,-0.00
-6.08,-7.30,-1.65,0.01,0.16,-0.04
-6.00,-8.04,-0.51,-0.08,0.01,-0.02
-5.41,-9.06,-0.39,-0.04,0.07,0.04
-5.77,-9.14,-0.35,0.07,0.11,-0.02
-5.88,-8.98,-0.24,0.08,0.08,-0.08
-5.49,-8.43,-0.39,0.06,0.10,0.01
-5.26,-8.63,0.04,-0.10,0.00,0.03
-5.37,-9.26,-1.29,-0.19,0.02,-0.03
-5.73,-8.59,-0.78,0.05,-0.00,-0.01
-5.84,-9.14,-0.47,0.16,0.07,-0.01
-5.81,-8.67,-0.08,0.17,0.05,-0.06
-5.22,-7.88,-0.31,0.05,0.04,0.01
-5.84,-8.39,-0.27,-0.15,0.11,0.12
-5.88,-9.14,-0.47,-0.19,-0.03,0.03
-5.73,-8.36,-0.59,-0.10,-0.00,-0.02
-6.00,-8.24,-0.39,-0.18,0.07,0.01
-5.92,-8.24,-0.51,-0.38,0.06,0.18
-5.84,-8.67,-0.55,-0.46,0.08,0.33
-6.16,-9.65,-0.08,0.01,-0.18,0.19
-5.06,-8.00,-0.55,0.08,-0.26,0.13
-6.12,-8.47,-0.71,-0.27,0.18,0.15
-5.96,-7.37,-1.80,-0.31,-0.03,0.11
-6.04,-9.49,-1.49,-0.28,0.01,0.11
-6.00,-7.92,-0.86,0.10,0.04,-0.04
-6.16,-8.39,-0.90,-0.07,0.09,-0.04
-6.12,-8.39,-0.90,0.00,0.12,-0.04
-6.12,-7.81,-0.59,0.01,0.12,-0.02
-6.16,-7.88,-0.55,-0.10,0.09,0.06
-5.92,-8.43,-0.86,-0.15,0.08,0.16
-6.20,-8.04,-0.63,-0.09,0.08,0.19
-6.43,-7.88,-0.78,-0.17,0.06,0.21
-6.35,-7.77,-0.75,-0.26,0.02,0.25
-6.43,-7.92,-1.06,-0.30,-0.00,0.27
-6.39,-8.00,-1.22,-0.22,-0.01,0.31
-6.35,-7.81,-1.22,-0.19,0.00,0.37
-6.47,-7.85,-1.26,-0.24,0.02,0.44
-6.83,-7.73,-1.26,-0.33,0.05,0.48
-6.86,-7.77,-1.45,-0.34,0.07,0.49
-6.94,-7.41,-1.33,-0.28,0.08,0.50
-7.37,-7.41,-1.29,-0.21,0.07,0.54
-7.30,-6.86,-1.37,-0.07,0.04,0.58
-7.49,-7.34,-1.45,-0.13,0.08,0.68
-7.53,-7.02,-1.33,-0.06,0.10,0.73
-7.57,-6.59,-1.33,-0.02,0.06,0.72
-7.92,-7.34,-1.29,-0.09,0.07,0.81
-8.12,-6.83,-0.90,-0.02,0.04,0.79
-8.00,-6.51,-0.63,-0.13,-0.04,0.65
-8.28,-6.75,-0.78,-0.35,-0.10,0.58
-8.43,-6.32,-0.90,-0.38,-0.12,0.57
-8.63,-5.57,-1.18,-0.59,-0.18,0.50
-8.59,-6.08,-1.88,-0.70,-0.24,0.47
-8.51,-5.96,-2.08,-0.55,-0.26,0.44
-8.55,-5.61,-2.12,-0.37,-0.20,0.42
-8.63,-5.41,-2.08,-0.39,-0.14,0.36
-8.43,-5.49,-2.08,-0.42,-0.11,0.29
-8.55,-5.84,-2.12,-0.41,-0.05,0.17
-8.75,-5.88,-2.08,-0.39,-0.04,0.14
-8.90,-5.92,-1.88,-0.25,0.02,0.12
-8.94,-5.49,-1.65,-0.03,0.11,0.02
-8.90,-5.37,-1.53,0.02,0.13,-0.04
-8.75,-5.22,-1.69,-0.00,0.12,-0.07
-8.83,-5.02,-1.57,-0.03,0.08,-0.06
-8.79,-5.14,-1.69,-0.10,0.06,-0.04
-8.83,-5.14,-1.73,-0.06,0.04,-0.02
-8.75,-5.14,-1.73,-0.07,0.03,-0.02
-8.87,-4.94,-1.61,-0.07,0.01,-0.01
-8.87,-4.94,-1.61,-0.15,-0.00,0.02
-8.75,-5.22,-1.92,-0.18,0.00,0.03
-8.94,-5.22,-1.77,-0.12,0.01,0.01
-8.90,-5.06,-1.73,-0.11,0.00,0.02
-8.90,-5.14,-1.96,-0.14,0.01,-0.02
-8.87,-5.22,-1.77,-0.11,0.01,0.02
-8.83,-5.10,-1.92,-0.06,0.02,0.00
-8.79,-4.98,-1.80,-0.01,0.03,-0.03
-8.67,-5.14,-1.96,-0.02,0.06,-0.03
-8.83,-5.10,-1.84,-0.05,0.07,-0.02
