0.43,10.55,0.82,-0.68,1.13,-1.28
0.12,10.79,-0.08,0.14,-0.17,0.40
0.51,10.43,0.86,-0.16,-0.02,0.54
0.63,10.43,0.98,0.95,-0.13,0.11
0.24,10.04,-0.12,0.05,0.01,0.14
0.12,9.41,-0.39,-0.58,-0.29,0.61
0.47,9.73,-0.39,0.16,-0.20,0.26
0.20,9.41,-0.82,1.10,-0.17,0.00
0.94,9.49,-0.43,-0.08,-0.16,0.27
1.26,10.55,-1.10,-0.34,0.20,0.51
1.65,9.81,-0.31,-0.31,0.01,0.17
1.61,10.51,-0.16,-0.24,-0.06,0.27
1.37,9.65,-0.27,-0.10,-0.11,0.18
1.77,9.89,-0.31,-0.00,-0.00,0.08
1.61,9.53,0.24,-0.19,0.01,0.09
1.61,9.92,-0.31,-0.13,-0.03,0.07
1.41,9.02,0.20,-0.13,0.14,-0.05
2.00,10.75,-0.16,-0.11,0.00,0.14
1.80,9.65,0.04,-0.02,-0.03,-0.00
2.47,9.69,-3.06,-0.16,-0.03,0.35
0.78,11.69,-2.51,1.52,1.39,-0.66
0.16,7.49,-0.67,0.26,1.17,-1.26
1.49,9.85,-0.59,-0.27,0.45,-0.70
1.57,10.43,-0.04,-0.21,0.56,-0.23
1.61,11.77,1.57,-0.03,0.41,0.17
0.86,11.96,1.22,-0.07,0.51,0.17
1.53,11.18,0.24,0.39,0.76,-0.07
0.94,10.79,0.55,0.83,0.63,-0.30
0.98,11.96,0.55,1.02,0.30,-0.18
2.39,13.57,-0.98,1.19,-0.01,0.45
0.90,9.30,-0.78,2.21,0.25,0.83
1.77,10.87,-3.18,3.43,0.44,0.44
1.14,11.22,-4.63,4.50,0.24,0.77
1.29,9.81,-5.33,4.27,0.16,0.46
1.61,6.67,-5.02,3.59,0.02,0.46
1.96,5.41,-6.28,3.31,-0.93,0.20
0.98,5.30,-7.41,2.70,-0.80,-0.00
1.80,4.16,-7.49,2.40,-0.37,-0.30
1.73,3.33,-6.67,1.93,-0.25,-0.74
1.37,3.65,-7.02,1.13,-0.77,-0.61
1.18,4.08,-7.85,0.25,-0.97,-0.52
-0.04,4.59,-9.02,-0.06,-1.13,-0.44
-0.51,5.61,-8.94,-0.21,-1.06,-0.27
0.63,5.65,-8.08,-0.03,-0.44,-0.61
0.43,5.92,-8.59,-0.61,-0.15,-0.19
-0.20,5.92,-8.47,-1.79,0.49,0.48
-0.08,8.55,-8.87,-1.55,0.22,0.13
-0.71,7.26,-9.02,-0.17,-0.65,0.14
-0.75,6.20,-7.92,0.12,-1.14,0.15
-0.08,6.24,-6.79,-0.62,-0.74,0.29
-0.51,6.43,-6.86,-2.04,-0.26,1.23
0.08,6.90,-5.33,-2.61,0.48,1.87
0.12,7.26,-5.77,-2.98,-0.33,2.40
2.55,8.63,-5.18,-3.03,-1.03,2.77
2.35,8.75,-5.10,-3.80,0.80,3.44
3.30,9.26,-4.28,-2.41,0.10,2.05
2.79,8.28,-4.82,-1.99,0.32,1.42
2.55,9.14,-3.88,-2.44,1.00,1.36
3.73,9.77,-3.14,-3.02,1.38,1.57
4.31,10.24,-1.73,-2.88,1.36,1.16
3.37,11.38,-1.53,-1.49,0.50,0.06
2.71,11.10,0.47,-1.36,0.18,0.25
4.98,10.08,1.77,-1.22,-0.21,0.43
3.77,9.53,2.47,-0.49,-1.06,0.53
3.92,6.67,2.04,-0.44,-1.46,0.48
6.86,7.02,-0.71,0.57,-1.43,0.69
5.22,6.59,0.78,2.49,0.61,0.88
4.79,7.57,3.61,3.08,0.75,-0.30
7.26,9.65,1.33,2.28,-0.21,-0.15
7.45,10.63,-2.08,1.87,-0.05,1.45
8.83,11.57,-1.33,2.06,0.54,2.73
5.61,8.63,-1.49,1.00,1.58,2.81
4.63,6.16,-0.82,1.20,2.20,2.53
5.57,7.22,-3.49,1.53,1.58,1.39
6.59,5.41,-1.22,1.40,1.45,0.71
7.02,4.16,-1.02,1.75,1.23,0.31
7.18,4.24,0.27,0.72,1.43,-0.07
7.85,5.10,-1.14,0.20,1.37,-0.22
7.77,5.57,-1.41,0.35,1.30,-0.42
7.18,4.59,-1.57,0.46,1.66,-0.50
7.73,2.39,0.27,0.02,3.94,-0.71
7.22,6.28,-0.16,-0.11,4.97,-1.66
-1.88,8.24,13.22,0.21,4.62,-2.00
11.02,4.75,-1.29,0.16,0.16,-1.49
7.18,4.39,0.35,1.54,4.30,-2.86
2.47,9.26,2.20,3.55,4.74,-2.83
1.77,11.45,3.53,3.40,2.48,-1.51
4.79,8.08,0.35,2.46,0.85,-0.70
1.69,10.04,6.04,1.79,0.50,-0.76
5.26,9.26,2.28,1.11,-0.89,-0.46
4.39,10.32,1.14,0.72,-0.01,-0.82
2.55,10.63,0.47,0.87,0.70,-0.99
3.96,8.94,0.08,0.72,1.04,-0.65
1.65,9.92,0.00,0.06,2.31,-0.10
-4.24,4.67,10.28,-0.46,1.28,-0.36
5.26,10.12,-0.43,1.04,-1.43,-0.77
2.24,10.24,0.16,0.56,-0.38,-1.40
4.16,12.08,-3.30,-0.81,1.49,-1.51
0.24,9.69,-1.61,-1.82,1.68,-1.01
-1.49,13.14,19.18,1.04,2.05,-0.56
2.08,12.40,5.06,1.53,0.59,-2.24
-0.31,8.51,0.67,0.26,0.98,-2.99
-1.73,9.14,2.31,-0.43,1.91,-1.73
-3.69,8.59,0.51,-1.13,1.75,-1.48
-2.75,9.02,1.33,-0.06,1.34,-0.79
-2.00,8.08,0.71,0.61,0.81,-1.30
-1.37,13.61,0.59,0.99,-0.45,-0.18
-1.65,12.36,1.06,0.02,-1.31,0.87
-1.53,13.81,-1.57,-0.40,-2.53,0.89
-0.51,10.36,-1.14,0.24,-1.06,1.27
-0.20,10.79,0.39,0.14,-0.53,1.21
1.10,11.10,-2.39,-1.66,-0.10,1.01
-2.79,12.40,3.02,-1.37,1.61,1.31
-0.98,10.40,1.14,-0.55,1.93,2.02
0.24,9.81,1.37,-0.97,3.72,1.88
-0.20,9.89,2.59,-2.63,3.36,1.20
-0.35,6.43,2.39,-2.92,2.36,0.57
0.35,8.28,4.20,-2.55,0.99,0.00
-0.16,5.73,5.77,-1.97,-0.14,0.21
0.31,7.73,5.61,-1.57,-0.57,0.18
-0.82,8.98,6.35,-1.41,-0.81,0.50
2.04,4.28,7.26,-1.25,0.12,-0.19
11.77,15.02,-10.12,-1.38,1.10,-0.36
4.16,9.10,1.45,-0.20,3.84,0.02
0.94,10.16,4.63,0.47,1.86,0.26
9.10,8.47,-4.39,-0.74,-0.01,-0.34
-1.69,11.38,10.79,1.51,1.81,-0.25
3.10,10.04,3.10,1.15,2.84,0.43
-1.37,7.18,3.37,2.35,4.29,1.07
-4.39,12.08,10.40,1.64,2.69,0.60
-4.12,7.49,12.51,0.11,-0.70,0.79
2.28,1.92,1.37,0.51,-3.13,1.10
-2.20,8.55,4.47,3.07,-0.44,0.21
-2.94,8.51,0.08,3.07,1.31,-0.57
-1.49,10.55,3.10,2.77,2.25,-1.79
0.31,6.59,1.33,0.65,2.96,-1.66
-4.51,1.41,-2.63,2.97,3.33,-1.02
-3.45,6.51,0.27,5.00,2.64,0.65
-0.78,12.04,-2.82,5.00,3.35,1.53
-1.65,14.04,-3.57,4.21,2.46,-0.05
0.71,11.69,-5.02,1.79,1.65,0.05
0.08,11.02,-6.16,1.25,2.11,-0.13
-3.10,7.10,-6.59,0.05,1.75,-0.19
-0.04,6.47,-4.86,1.71,1.14,0.14
-1.14,12.67,-7.30,1.16,2.05,0.43
-0.27,0.12,-12.40,0.24,0.39,0.11
3.18,5.26,-6.90,2.50,-0.75,1.56
-0.24,9.92,-8.71,2.17,0.33,2.03
-1.45,6.59,-7.73,2.32,-0.66,1.89
2.16,8.32,-7.37,2.28,-1.55,2.44
1.22,9.26,-7.81,3.12,1.12,0.13
-0.71,9.41,-11.85,1.00,1.36,0.16
-0.82,9.45,-10.87,-0.71,-0.58,-0.72
4.63,4.90,-3.49,-1.23,-2.17,-0.99
0.08,-0.55,-7.02,-0.30,-1.59,-0.32
0.94,5.26,-9.38,0.55,-5.00,-0.15
0.31,3.06,-8.20,-0.25,-4.62,0.76
-1.61,7.61,-10.71,-0.21,0.37,0.87
0.98,8.32,-11.34,-0.10,3.51,1.32
-5.49,4.16,-10.36,-0.19,4.99,0.16
0.08,12.28,-7.96,0.47,4.79,-1.04
-5.57,14.79,-9.49,0.30,2.09,-2.10
2.63,10.20,-5.18,-2.13,-0.68,-1.81
2.63,3.61,-6.75,-1.87,-0.39,-2.35
10.51,5.84,-5.22,-1.84,-0.39,-0.92
1.06,5.96,-7.81,-3.09,1.56,1.77
0.04,7.96,-5.84,-0.31,1.51,-0.54
7.92,7.30,-4.51,-0.25,1.05,-1.39
10.71,4.82,-4.94,-1.31,0.77,0.90
-6.63,4.20,-2.67,-0.91,0.72,-0.50
6.12,1.37,-4.31,0.15,1.23,-0.97
7.30,12.91,-7.88,1.91,1.07,-0.71
8.87,10.43,4.75,1.24,0.64,-0.93
1.26,-0.82,-8.75,-1.12,1.47,-2.01
1.57,3.18,-7.73,-0.10,-0.36,-0.22
-0.31,6.04,-5.41,0.66,-0.80,0.58
0.78,8.20,-5.02,1.91,-1.11,0.91
2.55,8.36,-4.98,2.77,-0.08,0.88
2.20,13.22,-6.79,1.92,0.56,0.68
0.47,9.02,-9.38,-1.18,0.93,0.77
0.43,7.88,-6.08,-0.47,1.34,0.70
1.18,7.02,-5.41,-0.06,1.71,0.33
2.08,2.67,-9.89,0.51,1.43,0.53
5.22,3.06,-8.36,1.03,2.53,1.26
6.55,7.61,-9.41,3.70,3.29,0.79
0.90,10.51,-10.20,4.45,4.09,0.16
2.16,4.04,-13.10,3.74,0.92,-0.68
3.37,9.53,-9.53,4.29,-0.45,-1.47
7.45,14.83,-9.57,3.18,-1.79,-1.91
3.49,3.92,-12.04,-2.11,-1.97,-1.40
5.41,-4.24,-12.51,-0.74,-2.80,-0.38
1.37,4.59,-7.22,0.46,-3.48,0.97
1.69,6.20,-6.51,-2.53,-4.17,1.35
4.39,6.04,-7.18,-4.91,-3.73,1.59
-2.16,8.00,-7.53,-3.13,-3.92,0.72
-5.22,2.67,-5.57,-3.26,-3.97,-0.94
-1.80,13.22,-4.94,-3.27,-4.44,-2.23
-10.75,2.43,-9.73,-3.60,-1.90,0.61
0.24,5.14,-1.92,-2.44,0.91,-1.46
-7.37,15.89,-0.82,-2.66,-0.65,-0.64
1.88,6.90,-5.92,-4.99,-1.24,-0.08
-4.63,5.06,-3.18,-3.48,-1.15,-1.00
-1.92,9.18,0.27,-0.95,-1.39,-1.29
-2.51,8.28,-1.06,-2.51,-1.24,-0.92
-7.45,5.18,-0.59,-2.32,-1.23,-0.18
-5.14,9.89,0.98,-1.63,-1.69,0.14
-4.94,7.22,1.77,-1.79,-2.03,0.45
-2.86,7.14,3.73,-1.25,-1.74,0.02
-5.53,5.14,3.61,0.27,-0.77,-0.44
-2.90,8.75,5.81,2.09,-0.20,-0.21
-4.47,11.02,6.90,1.87,0.26,-0.05
-3.53,8.36,3.30,0.87,0.44,-0.53
-4.63,8.24,0.82,1.21,0.14,-0.50
-1.96,8.36,0.94,1.08,-0.09,0.07
-2.71,8.55,0.59,0.58,0.16,0.19
-1.73,8.32,1.14,0.96,1.55,-0.79
-7.14,5.41,-2.67,2.82,3.19,-0.81
0.71,14.71,-1.88,4.82,2.45,0.70
-4.00,9.96,-1.41,1.97,1.77,2.42
4.31,6.20,-5.61,-0.63,1.44,2.33
-15.14,8.20,1.65,-0.24,0.99,0.01
-4.67,10.75,-3.92,0.30,-0.80,-0.59
-5.22,13.57,0.20,0.83,-1.44,1.91
-8.24,8.16,-1.45,-1.72,-0.55,2.21
-6.55,4.08,-1.80,-0.92,-0.41,0.51
-3.02,5.06,-2.20,0.21,-0.17,-0.29
1.26,13.42,-0.31,1.11,0.43,-0.09
4.08,11.96,1.45,0.49,0.98,0.62
-2.55,9.81,-0.43,-2.56,1.18,1.73
-3.02,9.26,-2.67,-3.18,1.13,1.58
1.22,10.36,0.00,-1.20,0.51,1.36
0.04,11.89,1.96,-2.34,0.36,1.18
-0.51,14.04,0.86,-2.84,0.47,0.89
3.37,14.47,3.02,-2.96,0.23,1.55
-0.39,3.41,-1.37,-4.27,0.36,1.38
0.86,3.77,3.80,0.54,-0.08,0.64
4.59,14.98,6.35,1.23,0.01,1.16
1.45,9.06,0.90,-1.79,-0.16,-0.65
0.12,8.94,1.37,-0.64,-0.23,-0.79
2.20,6.63,2.31,0.19,-0.32,-0.50
0.35,5.69,1.61,1.52,-0.17,-0.51
2.63,14.32,4.04,2.95,0.13,-0.87
-1.29,16.28,3.77,-0.29,0.00,-1.19
1.88,8.94,0.43,-1.48,-0.07,-0.71
0.16,18.67,1.73,0.38,-0.27,0.10
1.57,6.43,0.90,-1.19,-1.56,-0.71
-0.86,4.00,1.37,0.71,-1.50,-0.56
8.28,1.02,-2.04,4.12,-1.11,0.26
-0.59,10.94,-0.98,5.00,-0.50,0.58
0.24,13.81,1.73,4.11,-0.89,1.66
9.77,19.89,-1.69,2.35,0.71,1.40
-2.98,14.28,8.98,0.48,2.93,0.78
0.31,13.02,0.35,-0.80,2.09,-1.70
1.10,16.12,0.12,-0.49,2.13,-3.01
0.75,20.01,3.14,-3.68,1.11,-4.56
0.24,6.12,-1.84,-5.00,1.29,-4.07
-4.63,-2.43,-9.96,-3.72,1.43,-1.22
0.71,16.63,1.22,1.21,1.55,-1.75
-3.33,5.33,-3.22,-2.46,0.43,-0.82
-2.67,1.02,-6.08,-0.20,0.43,-0.99
-2.51,7.92,-2.98,4.88,1.12,-1.48
-5.57,11.26,-0.39,5.00,0.95,-1.30
-5.14,15.65,3.45,4.15,0.60,-1.34
-5.37,15.46,2.94,-1.06,0.09,-1.22
-1.61,6.83,-1.84,-3.59,-0.03,-1.44
0.94,2.67,-3.02,0.11,0.68,-0.53
-6.98,4.55,-6.04,2.55,0.44,1.56
-1.37,8.67,-3.84,2.95,0.09,0.43
-5.26,11.34,-3.84,2.34,-0.39,0.29
-4.51,9.49,-1.14,1.32,-0.60,0.53
-4.16,10.36,-3.06,-0.27,-0.71,0.63
-3.30,5.73,-1.10,-1.78,-0.67,0.89
-2.35,6.71,-1.88,-2.09,0.03,1.55
-4.43,11.53,-3.96,-1.38,0.04,1.04
-3.84,9.30,-3.80,-1.20,-0.88,0.68
-1.77,10.59,0.24,-0.78,-1.31,0.92
-4.24,8.08,-1.84,-0.65,-1.04,1.00
-2.79,11.49,-2.39,1.06,-1.14,1.13
-1.33,14.95,0.35,-1.72,-1.72,1.16
-15.14,18.48,0.51,-4.10,-2.10,1.02
3.41,5.06,-4.00,-5.00,-2.02,1.85
7.96,-0.78,2.20,-1.39,-1.06,0.34
-0.39,4.39,1.49,5.00,0.13,-0.59
-0.78,19.42,2.51,5.00,0.55,-0.45
-1.37,20.01,4.94,3.18,0.62,-0.69
-2.75,9.85,0.98,-0.14,0.31,-0.86
-4.16,5.14,-0.39,0.40,0.10,-0.81
-3.45,7.34,0.12,1.85,0.12,-0.39
-4.08,10.12,-1.22,1.96,0.41,-0.20
-4.04,9.69,0.20,0.78,0.49,-0.05
-0.47,9.65,-1.80,-0.22,0.60,-0.03
-2.90,11.57,-4.82,0.02,0.32,0.05
0.08,10.98,-1.02,-0.27,0.10,-0.16
1.33,7.30,-1.18,-0.05,0.06,-0.50
-0.27,6.75,-3.18,1.22,0.16,-0.41
-3.84,10.71,-3.77,2.11,-0.01,-0.06
-5.02,10.83,-2.35,1.31,0.08,-0.19
-3.77,9.96,-1.26,-0.15,0.31,-0.04
-6.04,7.92,-3.80,-0.57,0.54,0.08
-0.20,10.24,-2.16,0.54,0.56,0.09
-2.47,9.96,-2.04,0.54,0.50,0.08
-3.45,10.28,-3.22,0.78,0.63,0.14
-2.67,10.63,-3.88,1.00,0.66,-0.04
-0.90,9.89,-3.33,0.61,0.80,-0.24
-1.33,11.65,-3.06,1.34,0.96,0.17
-0.16,11.92,-4.20,1.14,0.87,-0.37
-1.10,7.88,-5.30,-0.30,0.89,0.10
-0.90,6.43,-7.34,-0.01,0.61,-0.47
0.12,7.53,-6.71,2.18,-0.03,-0.50
-3.33,12.83,-3.33,1.03,-0.11,-0.33
-1.57,6.24,-5.57,0.13,0.00,-0.67
-2.00,7.10,-6.35,0.72,-0.15,-0.56
-3.33,8.94,-5.92,1.12,-0.26,-0.62
-2.35,6.55,-7.06,0.59,-0.14,-0.68
-1.61,5.84,-6.39,0.81,-0.34,-0.45
-3.02,7.26,-7.02,1.43,-0.52,-0.25
-0.71,7.92,-5.65,0.75,-0.45,0.15
-0.43,3.88,-6.35,-0.21,-0.37,1.35
-1.14,6.94,-6.08,0.33,-0.52,1.85
-1.69,7.30,-6.28,-0.14,-0.38,1.62
-2.08,5.22,-5.57,0.13,-0.53,1.34
-0.82,8.28,-4.39,0.71,-0.47,1.23
-1.92,7.88,-5.77,0.61,0.18,0.80
-1.53,8.55,-6.00,0.55,0.20,0.52
-2.47,5.88,-6.35,0.21,0.34,0.37
-2.00,4.75,-7.06,0.56,0.55,0.66
-1.02,7.96,-6.83,1.01,0.46,0.79
0.04,9.49,-5.14,-0.03,0.82,0.68
-3.18,7.14,-8.00,-0.97,1.37,0.53
0.47,13.45,-7.69,-0.86,0.79,1.15
2.63,8.90,-7.37,-2.48,0.63,1.50
0.98,8.83,-6.43,-1.31,0.02,1.33
1.02,9.49,-5.53,-2.01,0.17,1.32
2.08,7.73,-4.08,-2.93,0.61,1.22
0.98,7.45,-3.73,-2.47,0.70,1.09
1.73,10.16,-3.33,-2.03,0.59,0.99
3.30,17.22,0.51,-2.68,0.79,0.70
3.84,6.20,-4.43,-5.00,1.30,0.66
2.39,2.55,-2.39,-4.56,0.81,0.46
2.51,11.85,-1.61,-2.78,0.26,0.95
0.82,9.22,-0.16,-1.94,-0.32,0.57
3.14,11.92,3.18,-1.51,-0.46,0.70
3.77,7.49,1.96,-2.84,-0.31,0.77
2.43,4.47,4.63,-1.69,-0.46,0.63
5.02,4.79,4.08,-0.76,-0.48,0.83
7.22,11.49,4.75,-0.20,-0.43,0.61
5.77,11.10,2.51,-2.03,-0.05,1.12
6.28,7.81,2.16,-2.25,-0.18,0.83
4.08,6.24,3.77,-1.79,-0.66,0.36
4.08,7.53,4.08,-0.38,-0.71,-0.12
5.96,7.02,4.20,-0.10,-0.61,0.82
7.45,9.89,4.63,-0.83,-0.15,0.98
7.02,7.77,5.49,-1.44,0.05,0.91
5.02,10.98,6.24,0.11,-0.07,-1.03
9.77,3.96,3.61,0.09,0.11,-2.91
3.22,6.98,4.39,-0.02,0.45,-0.22
5.26,8.47,4.98,-0.38,0.55,0.03
4.79,9.69,5.37,-1.31,0.73,-0.12
4.59,5.37,5.53,-1.75,0.83,0.09
4.75,6.28,5.53,-1.65,1.01,-0.12
3.41,6.00,6.00,-1.90,1.36,-0.02
4.43,2.90,4.82,-1.57,1.66,0.11
3.41,4.86,5.26,0.15,1.95,-0.20
2.86,6.75,5.88,1.50,1.97,-0.29
2.12,6.24,6.43,1.89,2.01,-0.49
0.71,4.31,6.75,1.90,1.98,-0.70
0.75,11.18,7.41,1.77,1.83,-0.39
1.41,7.14,5.22,0.12,1.89,0.10
0.39,6.20,6.71,0.52,1.68,0.15
-1.18,19.18,9.73,0.03,1.35,-0.02
-0.27,5.30,4.04,-1.67,0.96,-0.69
0.59,8.08,8.39,-1.52,0.31,-1.20
0.78,4.31,6.47,-1.48,0.17,-1.38
-2.00,3.69,5.33,-0.09,-0.10,-0.95
-1.65,4.94,4.63,1.14,-0.33,-0.61
-2.28,5.10,4.12,2.31,-0.64,-0.52
0.86,5.61,6.59,2.72,-0.59,-0.59
-1.22,6.98,4.71,2.56,-0.20,-0.61
-2.59,6.71,2.98,2.84,0.26,-0.17
-0.86,11.57,4.39,3.15,0.86,0.83
-0.98,-1.53,0.43,4.60,0.67,-0.92
4.82,12.12,-3.84,5.00,0.79,-2.49
-7.77,20.01,-4.63,5.00,0.78,1.39
-2.47,20.01,2.28,0.59,0.21,-0.69
-1.22,5.61,-4.90,-3.75,0.62,-2.32
-0.27,1.92,-3.26,-2.22,0.54,-1.11
-3.57,7.10,-3.06,1.54,0.16,-1.02
-1.18,12.24,-1.57,1.74,0.16,-1.05
-1.33,10.40,-2.43,-0.24,0.43,-0.53
-1.49,5.18,-3.22,-0.65,0.35,-0.17
-2.04,6.39,-3.41,0.80,0.19,-0.07
-0.86,8.98,-2.67,1.63,0.17,0.06
-1.18,10.16,-3.22,0.93,0.32,0.36
-0.27,10.00,-3.41,0.26,0.20,0.69
-0.12,8.94,-2.75,-0.47,0.20,0.80
-2.04,8.90,-4.08,-0.62,0.30,0.79
-1.96,9.26,-3.88,-0.64,0.27,0.67
-0.71,10.12,-2.35,-0.24,0.16,0.84
-1.65,11.26,-3.14,-0.16,0.35,0.71
-1.10,16.20,-1.61,-0.42,0.34,0.60
-0.35,15.97,-2.86,-3.56,0.27,0.78
-0.43,-1.33,-4.20,-4.91,0.29,0.93
-2.39,3.57,-2.39,-1.90,-0.08,0.87
-0.43,8.67,-1.73,2.02,-0.51,0.28
-0.43,13.22,-0.04,2.31,-0.18,0.40
0.90,14.08,-1.06,1.31,0.20,0.38
-0.47,9.81,-2.55,0.56,0.30,0.14
1.45,11.49,-0.24,0.77,0.20,-0.18
-0.12,9.89,-2.79,0.00,0.14,0.03
1.06,7.41,-2.63,0.11,-0.01,0.36
1.29,9.49,-1.49,0.38,-0.15,0.42
1.57,6.35,-2.28,0.08,0.11,0.76
-0.24,11.02,-2.12,0.13,0.24,0.45
0.24,8.47,-1.92,-0.21,0.24,0.15
0.75,10.67,-2.39,-0.19,0.11,0.05
0.71,8.32,-2.63,0.08,0.05,0.12
1.22,13.10,-2.04,0.35,-0.09,0.11
0.55,10.28,-2.39,0.05,-0.18,-0.08
0.12,12.67,-1.88,0.49,-0.19,-0.56
0.16,12.71,-1.45,-0.03,0.16,-1.13
-1.45,10.16,-2.12,0.23,0.90,-1.29
-1.10,15.10,-0.82,2.10,1.24,-1.63
-4.82,11.02,-3.69,0.47,1.44,-1.35
-1.77,2.28,-8.00,2.17,0.65,-1.40
-0.27,9.96,-7.92,4.14,-0.31,-1.73
-2.79,9.02,-10.28,5.00,-1.50,-1.84
0.00,15.42,-4.94,2.93,-1.28,-1.26
-1.69,7.49,-6.12,-0.32,-0.92,-0.94
-2.67,3.73,-6.59,-0.94,-0.75,-0.91
-1.22,4.59,-5.37,0.38,-0.82,-0.70
-3.18,6.24,-5.49,1.34,-0.77,-0.70
-2.75,7.45,-4.75,1.00,-0.60,-0.60
-2.71,5.73,-5.77,0.19,-0.26,-0.23
-3.84,4.75,-6.59,0.65,-0.17,-0.18
-2.35,6.16,-6.83,1.23,-0.19,0.16
-4.75,7.30,-5.77,1.09,-0.21,0.17
-5.53,4.98,-7.41,0.68,-0.05,-0.06
-4.86,4.59,-7.61,0.61,-0.09,0.06
-5.73,4.94,-6.00,0.37,0.02,-0.00
-6.98,6.51,-6.83,0.38,0.16,-0.23
-6.39,4.86,-7.41,0.04,0.43,-0.96
-1.92,4.04,-6.98,-0.29,0.46,-0.64
-2.20,6.08,-8.08,-0.11,0.24,0.09
-2.63,5.10,-8.16,-0.37,0.06,0.20
-2.24,6.24,-6.55,-0.66,-0.09,0.81
-6.08,3.37,-7.14,-0.59,-0.02,1.26
-5.10,5.10,-7.49,1.23,-0.17,0.18
-2.24,5.88,-7.81,1.12,-0.05,0.41
-3.22,2.35,-8.59,1.54,-0.16,0.92
-4.31,8.90,-6.83,1.36,-0.13,0.32
-3.06,3.37,-8.43,0.15,0.01,0.56
-6.35,8.67,-5.49,0.55,-0.10,0.59
-4.51,6.08,-7.34,-0.44,0.17,0.60
-0.67,3.02,-9.02,0.03,0.25,0.51
-6.59,4.55,-7.22,0.83,0.10,1.51
-4.28,7.61,-7.69,0.91,0.04,1.19
-4.90,4.00,-9.49,0.93,-0.06,0.96
-2.47,5.22,-8.51,1.21,-0.24,1.28
-2.75,3.49,-9.38,0.04,-0.12,0.60
-4.63,6.71,-7.41,-0.61,0.27,0.11
-0.20,3.69,-9.61,-1.82,0.86,0.11
-6.35,7.06,-9.14,-2.06,0.68,0.53
-1.88,7.61,-7.65,-2.03,0.04,0.41
-2.79,7.73,-5.96,-2.24,-0.16,0.14
-1.96,8.94,-7.30,-2.65,0.08,0.00
-3.65,9.18,-4.86,-2.43,0.44,-0.07
-4.59,5.37,-5.30,-1.89,0.24,-0.73
-2.16,7.69,-4.82,-0.03,-0.16,-0.51
-2.16,7.49,-2.71,0.27,-0.12,-0.30
-1.69,6.59,-3.18,0.10,-0.07,-0.25
-4.24,6.00,-4.24,0.53,0.05,0.30
-0.20,9.89,-5.53,1.26,-0.17,0.96
-3.41,17.85,-6.28,-2.12,0.78,2.15
-7.73,4.51,-18.51,-4.93,1.52,0.77
3.53,4.55,-6.94,-4.43,0.85,2.34
-2.43,7.02,-7.14,-3.01,0.29,2.05
-1.88,7.49,-5.14,-1.83,-0.22,2.19
-0.08,11.57,-3.22,-1.46,-0.38,2.10
-0.98,11.45,-2.75,-2.05,-0.35,2.10
0.59,10.94,-1.49,-2.20,-0.43,1.93
1.45,10.36,-0.55,-1.97,-0.21,1.92
1.73,10.16,0.47,-1.39,-0.51,1.56
2.82,11.22,2.63,-1.35,-0.74,1.34
5.10,8.24,3.41,-1.87,-0.85,1.56
4.59,7.92,1.18,-1.07,-0.93,1.22
3.84,6.39,0.90,-0.19,-0.91,1.25
6.32,10.47,1.77,0.81,-0.77,1.22
5.26,11.85,2.12,-0.60,-0.13,1.40
5.88,4.82,1.65,-0.79,-0.07,1.27
6.00,8.75,1.73,0.11,-0.01,1.34
6.12,8.43,1.22,-0.11,0.25,1.49
6.71,6.75,0.82,-0.31,0.33,1.20
6.90,8.79,0.67,-0.32,0.29,1.20
5.30,6.71,0.55,-0.57,0.18,1.46
7.85,4.75,1.37,-0.45,-0.01,1.59
8.16,6.83,1.10,0.28,-0.23,1.14
7.69,8.24,1.65,-0.34,-0.12,1.13
8.16,7.02,0.71,-1.33,-0.06,1.19
6.63,3.61,0.98,-1.04,-0.22,1.24
7.45,5.18,0.67,-0.50,-0.22,1.31
8.20,3.30,1.37,0.58,-0.47,0.40
8.16,4.94,1.57,0.77,-0.29,0.73
9.34,8.59,1.88,-0.28,0.15,1.39
8.28,2.55,0.82,-0.65,0.04,0.76
9.69,4.67,1.29,-0.18,-0.07,0.38
9.02,3.84,1.22,-0.36,-0.20,-0.17
7.65,4.90,2.08,-0.21,-0.19,0.03
8.79,5.10,2.55,0.14,-0.11,0.64
6.90,0.47,3.57,-0.84,0.23,0.47
10.08,3.26,2.79,-1.59,0.47,0.25
11.34,5.30,2.00,-1.68,0.33,-0.21
7.88,-0.16,0.51,-1.93,0.21,-0.42
9.30,3.06,2.82,-0.08,-0.04,-0.60
10.43,2.12,2.20,0.13,-0.02,-1.05
9.96,5.18,2.47,0.56,0.09,-0.65
7.53,6.12,4.28,0.26,0.42,-0.46
9.45,5.69,3.14,-0.94,0.64,-0.59
8.16,3.37,3.26,-1.69,0.73,-0.15
8.24,4.90,3.57,-2.10,0.81,-0.06
8.12,6.35,2.20,-3.01,0.89,-0.09
8.83,2.55,1.57,-2.65,0.93,-1.41
6.63,5.53,1.80,-1.37,1.10,-1.23
5.02,5.33,2.28,-0.47,0.97,-0.84
7.69,5.41,3.22,0.46,0.95,-0.62
6.04,2.28,4.39,1.13,0.99,-0.85
5.92,4.86,4.67,1.70,1.06,-0.58
7.41,5.53,4.71,1.60,1.32,-0.70
5.02,3.73,5.22,1.31,1.63,-0.87
4.67,5.22,7.10,1.30,1.37,-0.38
5.84,6.75,5.53,0.93,1.30,-0.40
3.73,6.67,5.45,1.67,1.12,-0.64
3.26,7.53,5.65,1.65,0.08,-1.15
6.35,3.84,4.86,0.55,-1.28,-1.61
3.84,5.26,3.02,1.41,-0.49,-0.86
2.24,4.86,0.35,2.06,-0.34,-0.66
5.02,0.20,-0.98,3.26,-0.55,-1.53
4.00,7.65,-2.79,5.00,0.62,-1.92
3.10,10.71,-2.04,5.00,0.99,-1.83
3.69,17.18,-1.02,4.16,0.95,-1.66
4.51,17.46,1.33,1.52,1.16,-1.12
3.49,14.32,0.98,-0.06,1.14,-1.15
3.65,8.94,-0.35,-0.68,0.75,-1.42
0.27,8.47,-0.94,0.61,0.31,-1.42
0.08,10.90,-1.65,1.09,0.15,-1.40
-0.86,10.59,-2.98,0.22,0.11,-0.96
-1.37,7.69,-3.45,-0.32,0.04,-0.69
-0.98,7.53,-2.98,-0.02,0.07,-0.65
-0.39,9.38,-1.10,0.38,0.17,-0.53
0.75,8.36,0.16,0.06,0.22,-0.11
0.31,9.02,-1.26,0.17,0.31,0.17
1.80,11.18,-0.90,0.76,-0.11,-0.04
0.98,10.94,-1.14,0.05,-0.11,0.11
0.08,9.49,-2.20,-0.28,-0.13,0.06
0.51,9.92,-2.04,-0.06,-0.27,0.05
-1.73,11.02,-0.31,0.38,0.06,-0.04
-0.82,11.45,-2.00,0.08,-0.14,0.10
0.67,13.30,-2.04,-0.79,-0.01,-0.04
-2.63,10.90,-3.26,-1.16,-0.13,-0.24
0.86,8.00,-3.10,-0.90,-0.48,-0.47
1.33,9.02,-1.80,0.10,-0.30,-0.48
0.08,8.51,-1.41,0.97,-0.26,-0.47
-0.39,11.26,-2.00,0.64,-0.27,-0.35
-1.14,8.24,-2.08,-0.38,-0.07,-0.13
-0.24,8.51,-1.84,0.13,-0.07,-0.15
-0.04,9.69,-1.29,0.57,0.06,-0.13
-0.12,9.57,-0.51,0.30,0.02,-0.05
-0.27,9.77,-0.51,0.14,-0.04,0.04
-0.27,10.20,-1.53,0.35,0.02,0.03
-0.78,7.65,-1.96,0.32,-0.01,0.35
0.12,11.69,-2.79,1.30,-0.11,-0.24
2.67,13.85,-4.20,-0.50,0.07,-0.71
-1.41,11.61,-4.94,-0.87,0.12,-0.58
0.31,9.45,-5.45,-0.71,-0.04,-0.29
-0.71,8.39,-4.55,0.47,0.14,-0.42
-2.55,11.81,-3.14,1.34,0.12,-0.12
-3.49,13.38,-0.47,1.05,-0.04,1.01
-4.24,10.83,-0.98,-2.46,0.47,0.34
-1.88,9.41,-0.94,-2.45,0.19,-0.80
-1.88,12.75,0.24,-0.81,-0.44,-1.83
0.12,10.28,0.20,-1.12,-0.20,-1.09
-2.55,6.08,-1.02,-0.28,-0.15,-0.67
-2.59,8.87,-1.41,1.12,-0.41,-0.75
-1.49,10.90,0.16,0.75,-0.27,-0.69
-0.59,10.36,1.33,0.06,-0.06,-0.88
-3.41,6.43,0.55,0.16,-0.10,-0.62
-0.82,8.43,-0.78,0.34,-0.32,-1.14
-3.18,13.85,-1.49,-0.44,-0.44,-0.40
-3.49,11.06,-0.82,-3.79,0.21,0.28
-4.04,10.16,-0.59,-3.91,0.20,1.47
-0.51,7.10,0.00,-2.64,-0.05,0.75
-0.24,6.47,-0.43,-1.61,-0.86,1.81
-0.08,10.12,1.02,-0.27,-0.70,1.48
-0.51,10.98,1.57,-0.78,-0.51,1.59
-1.29,9.45,1.61,-1.10,-0.60,1.67
-0.16,9.73,2.43,-0.88,-0.72,1.63
0.31,8.20,2.31,-0.55,-0.80,1.45
1.80,8.00,3.84,0.33,-0.74,1.31
1.84,11.77,3.65,0.17,-0.46,1.40
1.33,11.22,4.31,-0.13,-0.39,1.03
0.86,7.77,2.67,-0.56,-0.41,1.30
3.33,9.53,3.37,-0.35,-0.62,1.31
3.06,9.02,3.45,-0.30,-0.47,1.33
3.06,9.49,2.75,0.05,-0.44,1.25
4.12,9.53,2.75,0.14,-0.43,1.14
4.24,8.55,2.86,0.19,-0.42,1.15
5.73,10.32,3.02,0.25,-0.47,0.93
5.84,7.57,2.94,-0.01,-0.33,0.84
5.45,7.96,2.67,0.09,-0.39,0.63
6.20,8.55,2.86,-0.34,-0.31,0.36
5.18,9.77,1.84,-1.27,-0.48,0.04
6.43,4.12,2.51,-1.20,-0.35,-1.72
6.16,5.41,3.84,-0.20,-0.14,-1.12
7.57,9.61,5.57,-1.27,-0.33,-0.47
3.92,6.04,2.47,-1.91,-0.38,0.86
5.77,2.67,0.94,-1.52,-0.47,1.68
7.22,0.47,0.12,-0.02,-0.37,2.10
8.90,-1.61,0.00,3.74,0.80,2.80
10.71,4.12,-2.16,4.98,1.47,3.09
15.73,8.28,-0.39,5.00,1.57,2.13
13.69,11.41,0.78,4.25,1.17,1.45
11.34,5.45,0.08,0.97,0.95,0.39
11.02,3.57,-0.71,-0.14,1.02,1.16
10.94,3.88,-1.10,0.35,1.11,1.31
10.12,3.92,-1.10,0.76,1.25,1.59
9.45,3.80,-1.10,1.43,1.50,1.91
9.85,4.79,-1.10,2.06,1.51,2.49
10.40,5.69,-0.94,2.37,1.48,3.08
10.36,5.61,-0.39,2.76,1.53,3.81
10.12,5.65,-0.08,3.27,1.55,4.18
9.53,5.45,0.39,3.54,1.51,4.21
9.49,5.14,0.71,3.56,1.40,4.08
9.49,4.20,1.33,3.15,1.27,3.69
8.75,3.33,1.45,2.75,1.10,3.16
8.55,3.41,1.65,2.23,0.70,2.23
8.47,3.45,2.08,1.43,0.30,1.43
8.28,3.77,2.08,0.92,0.01,1.02
7.73,2.90,2.35,0.55,-0.22,0.39
6.86,4.51,3.26,0.70,-0.44,-0.09
6.86,5.57,4.31,0.39,-0.57,-0.36
6.43,5.02,4.86,-0.26,-0.61,-0.69
6.08,4.51,5.33,-0.71,-0.70,-1.06
6.39,4.63,5.65,-1.03,-0.86,-1.52
6.94,4.71,5.65,-1.72,-0.94,-1.79
8.28,4.39,4.86,-2.59,-1.09,-2.03
9.53,3.26,3.84,-3.08,-1.19,-2.15
11.18,2.20,2.75,-3.45,-1.24,-2.36
13.81,1.33,1.77,-3.27,-1.01,-2.33
15.77,1.73,1.29,-2.78,-0.75,-2.05
17.81,3.53,0.75,-1.96,-0.21,-1.18
14.98,4.08,-0.39,-1.84,0.39,-0.89
12.79,2.67,-1.61,-1.89,0.97,-0.99
9.85,0.04,-2.47,-1.79,1.32,-1.09
6.94,-0.59,-2.51,-1.14,1.35,-1.05
5.81,0.98,-2.16,-0.51,1.10,-0.77
7.14,2.94,-1.61,-0.40,0.90,-0.36
9.02,3.69,-1.26,-0.54,0.67,0.30
9.89,3.30,-0.71,-0.40,0.59,0.69
10.12,2.71,-0.31,-0.22,0.49,0.71
9.49,2.20,0.24,-0.06,0.16,0.65
8.67,2.24,1.02,-0.10,-0.17,0.56
8.59,2.55,1.57,-0.50,-0.60,0.52
8.79,2.51,1.49,-1.08,-0.82,0.49
9.02,2.47,1.53,-1.38,-0.90,0.32
9.45,2.20,1.41,-1.39,-0.85,0.16
9.41,1.80,1.73,-1.20,-0.70,-0.04
8.90,1.96,2.08,-1.04,-0.61,-0.18
9.77,2.28,2.35,-1.01,-0.61,-0.18
9.26,1.96,2.63,-1.28,-0.52,-0.26
7.65,0.27,2.71,-1.54,-0.30,-0.64
7.34,-0.47,2.67,-1.42,-0.29,-0.88
8.47,0.08,2.94,-1.05,-0.55,-0.86
8.39,0.78,3.45,-0.83,-0.76,-0.67
8.75,2.00,3.45,-0.81,-0.82,-0.52
8.79,2.75,3.18,-0.93,-0.81,-0.31
8.63,2.47,2.43,-1.17,-0.71,-0.04
8.63,1.77,1.96,-1.17,-0.64,0.06
8.39,1.06,1.61,-0.90,-0.59,0.15
7.85,0.98,1.41,-0.60,-0.56,0.17
7.26,0.63,1.22,-0.44,-0.56,0.16
7.49,0.90,0.94,-0.25,-0.61,0.20
6.83,1.37,1.06,-0.30,-0.66,0.24
5.84,1.49,1.22,-0.54,-0.56,0.14
7.10,2.47,0.59,-1.03,-0.38,0.00
9.30,2.35,-0.55,-1.55,-0.23,0.14
11.41,0.90,-1.37,-1.60,-0.06,0.26
12.32,-0.63,-1.92,-0.91,0.24,0.34
11.26,-0.67,-1.61,0.45,0.41,0.23
10.20,0.00,-0.78,1.06,0.48,0.06
9.14,0.98,-0.08,1.26,0.43,-0.04
8.87,2.20,0.08,0.55,0.29,0.01
8.51,2.12,-0.20,-0.40,0.12,0.05
9.38,0.82,-0.43,-0.81,0.07,0.07
8.90,-0.16,-0.67,-0.93,0.05,0.11
9.61,0.08,-0.78,-0.79,-0.02,0.08
10.08,-0.27,-0.67,-0.66,-0.12,0.18
10.00,-0.55,-0.16,-0.49,-0.15,0.23
10.20,0.63,0.16,-0.43,-0.22,0.19
11.38,0.71,0.04,-0.81,-0.34,0.37
11.22,-0.59,0.04,-1.04,-0.33,0.47
10.59,-0.67,0.04,-0.95,-0.30,0.44
10.63,-0.98,-0.31,-0.92,-0.34,0.38
10.94,-0.78,-0.16,-0.86,-0.32,0.30
11.22,-0.67,-0.04,-1.00,-0.37,0.39
11.26,-1.69,-0.35,-0.91,-0.33,0.35
11.61,-2.63,-0.59,-0.47,-0.25,0.27
9.49,0.16,0.31,-0.00,-0.07,0.21
10.79,-1.02,-1.10,0.01,-0.09,0.07
10.94,0.00,-1.26,0.09,-0.12,-0.01
9.92,0.35,-0.47,0.02,-0.02,0.06
8.83,1.57,-1.49,-0.47,-0.14,0.07
9.77,-0.04,-2.00,-1.27,-0.40,0.04
10.47,-2.51,-1.41,-0.92,-0.35,0.05
10.24,-2.35,-0.67,-0.24,-0.17,0.01
13.34,-1.84,-0.35,0.16,0.13,0.31
14.28,-5.65,-1.02,-0.68,0.14,1.11
11.06,-0.43,-2.59,-0.23,-0.01,0.74
11.22,1.49,-1.41,-0.13,-0.05,-0.26
9.85,0.47,-1.49,-0.80,0.17,-0.10
8.87,-0.67,-1.69,-0.51,0.23,-0.08
9.30,-2.35,-1.18,0.46,0.32,-0.00
9.89,-1.53,-0.39,0.74,0.25,0.13
9.38,-0.86,-0.43,0.61,0.20,0.36
9.22,-0.98,-0.16,0.43,0.08,0.29
9.18,-1.96,0.24,0.28,0.09,0.24
9.06,-1.57,-0.43,0.42,0.15,0.25
9.49,-1.69,-1.26,0.30,0.07,0.21
9.06,-2.35,-0.82,0.08,0.03,0.19
9.49,-3.26,-0.78,0.00,-0.12,0.16
8.90,-2.71,-0.35,0.04,-0.06,0.15
9.14,-0.71,-0.75,-0.30,-0.19,0.28
10.16,-1.45,-1.02,-0.56,-0.19,0.16
10.43,-2.55,-1.33,-0.54,-0.17,0.05
9.22,-2.94,-2.12,0.20,-0.14,0.03
10.16,-0.67,-1.53,0.43,-0.06,-0.01
10.51,-1.96,-1.61,0.15,0.01,-0.03
9.73,-1.84,-1.49,0.68,0.15,-0.08
9.65,-0.20,-0.94,0.66,0.17,-0.12
9.30,-2.71,-1.53,0.30,0.13,-0.06
9.45,-1.96,-0.98,0.52,0.15,-0.06
9.57,-1.84,-0.75,0.40,0.12,-0.11
9.30,-1.88,-0.75,0.07,0.10,-0.11
9.57,-2.08,-1.29,-0.08,0.08,-0.14
9.06,-2.20,-1.41,-0.03,0.07,-0.07
9.10,-1.33,-0.71,-0.00,-0.00,-0.01
8.75,-1.61,-0.31,-0.10,-0.07,0.11
9.69,-1.96,-0.67,-0.15,-0.12,0.08
10.08,-2.31,-1.18,-0.18,-0.15,0.08
10.00,-1.73,-1.73,0.05,-0.06,0.01
9.85,-1.69,-1.92,0.16,-0.04,-0.01
10.20,-2.28,-1.92,0.37,0.06,0.02
9.45,-1.26,-1.77,0.60,0.15,0.03
8.63,-0.59,-0.78,0.05,0.14,0.08
9.18,-2.39,-0.35,-0.42,0.08,0.15
9.89,-3.10,-0.90,-0.57,0.05,0.12
9.14,-4.12,-2.59,-0.26,0.12,-0.08
8.28,-0.39,-2.28,0.17,0.12,-0.03
9.96,-0.59,-0.43,-0.33,0.09,-0.07
9.65,-2.28,-0.20,-0.63,0.01,0.08
10.36,-2.12,-0.31,-0.44,-0.01,-0.04
8.83,-5.06,-2.47,0.18,0.15,-0.10
9.38,-2.86,-2.20,0.85,0.10,-0.10
10.98,0.00,-0.59,0.73,0.19,-0.07
9.69,-2.63,-1.10,0.63,0.37,-0.26
9.14,-1.65,-1.37,1.27,0.23,-0.06
9.34,0.24,-0.55,1.13,0.19,-0.02
9.45,-0.59,-0.31,0.78,0.14,-0.15
9.65,-0.20,-0.27,0.27,0.11,-0.09
8.98,-1.61,-1.73,-0.26,-0.00,-0.04
9.30,-2.71,-2.47,-0.44,-0.16,-0.10
9.89,-1.88,-0.90,-0.32,-0.07,-0.21
10.16,-2.24,0.27,-0.73,0.01,-0.23
9.49,-2.90,-0.59,-0.91,0.06,-0.36
8.59,-2.55,-1.77,-0.63,0.06,-0.40
10.04,-1.37,-1.77,-0.65,0.06,-0.36
9.69,-1.80,-1.61,-0.57,0.12,-0.24
9.69,-1.77,-0.78,0.24,0.16,-0.28
9.53,0.00,-0.20,0.73,0.20,-0.19
9.45,0.31,-0.39,0.43,0.21,-0.10
9.34,-2.90,-1.45,-0.13,0.14,-0.05
9.81,-3.30,-1.84,0.28,0.11,-0.09
10.04,-0.59,-0.24,0.61,0.22,-0.10
10.67,0.39,-1.45,0.56,0.24,-0.18
15.22,4.00,0.78,0.40,0.21,-0.12
10.98,5.14,-1.33,0.06,0.26,-0.96
12.79,4.16,-1.37,-0.91,0.05,0.51
11.30,-14.63,-7.02,-1.99,-0.15,0.25
13.65,-10.90,-6.67,-0.40,0.27,-0.01
15.26,1.29,-3.06,1.37,0.31,-0.17
11.85,4.43,-0.94,0.72,0.21,-0.19
12.08,-4.39,-0.94,0.10,0.11,-0.06
12.40,3.73,0.78,0.62,0.06,0.10
12.83,-7.22,-2.75,0.11,0.16,0.02
12.36,0.00,-0.55,1.30,0.30,-0.17
12.24,2.47,-0.51,0.51,0.18,-0.13
11.26,-0.78,0.12,0.40,0.18,0.04
10.94,-0.47,0.51,0.56,0.12,0.07
11.14,-1.73,-0.55,0.25,-0.02,0.03
10.40,-0.94,-0.71,0.25,0.01,-0.04
9.92,-0.39,-0.35,0.40,0.07,-0.02
9.81,0.16,-0.31,0.41,0.18,0.02
9.22,-0.67,0.00,0.38,0.26,0.05
7.88,-1.45,0.75,0.40,0.30,-0.02
7.14,-1.26,0.67,0.27,0.30,-0.11
6.20,-0.78,0.27,-0.02,0.28,-0.21
4.94,-0.59,0.67,-0.29,0.26,-0.31
4.20,-1.84,-0.12,-0.40,0.27,-0.33
3.88,-0.39,-0.39,0.33,0.35,-0.38
3.10,0.94,-0.04,0.52,0.42,-0.42
4.86,1.65,-0.24,0.20,0.31,-0.29
6.04,1.02,-0.39,-0.03,0.19,-0.09
5.22,0.67,1.33,0.60,0.31,0.01
7.49,1.14,3.73,0.80,0.57,-0.05
8.67,0.04,3.37,0.33,0.58,-0.24
10.59,0.63,1.22,0.60,0.56,-0.45
9.85,3.61,2.20,0.44,0.51,-0.39
10.71,0.71,1.88,-0.56,0.41,-0.28
10.24,-1.53,0.63,-0.18,0.44,-0.32
10.16,1.06,1.53,0.04,0.27,-0.29
9.57,0.16,0.67,-0.42,0.13,-0.15
9.61,0.08,0.59,-0.27,0.11,-0.13
8.90,-0.04,1.22,-0.01,0.10,-0.09
9.10,0.59,0.75,0.05,0.11,-0.03
9.38,0.47,1.10,0.02,0.15,-0.03
8.98,1.22,2.00,0.13,0.14,0.00
9.26,0.82,1.26,0.05,0.13,0.03
9.61,0.20,1.45,-0.03,0.10,0.07
9.61,-0.20,1.57,-0.06,0.04,0.07
10.16,0.98,1.49,0.02,0.00,0.09
9.34,0.16,1.49,-0.18,-0.00,0.11
9.57,-0.12,1.53,-0.08,-0.03,0.07
8.79,1.02,1.92,0.20,-0.06,0.01
8.32,2.20,2.00,0.07,-0.11,0.03
8.75,2.82,2.00,-0.40,-0.21,0.19
7.73,1.06,1.65,-0.77,-0.19,0.16
7.57,-0.90,0.82,-0.77,-0.19,0.19
8.20,-0.51,-0.16,-0.01,-0.11,0.06
7.34,2.24,2.00,0.34,-0.12,0.13
5.53,0.31,1.92,-0.14,-0.19,0.13
5.73,-1.80,0.39,-0.22,-0.24,0.15
5.26,-2.20,-0.31,0.16,-0.20,0.02
6.32,1.22,0.27,0.08,-0.18,0.04
7.06,0.24,-1.02,-0.20,-0.11,0.03
6.08,0.08,0.59,0.55,0.04,0.08
8.71,1.10,1.77,0.25,-0.00,0.18
8.28,-4.75,-1.22,-0.54,-0.02,0.09
8.55,-0.20,-0.04,0.33,0.08,0.03
9.69,-0.35,0.31,-0.26,0.06,-0.01
10.12,-2.86,-1.29,-0.23,0.11,-0.12
9.34,1.80,0.63,0.57,0.26,-0.15
10.16,0.47,1.41,-0.27,0.18,-0.06
10.43,-1.02,0.59,-0.62,0.00,0.11
9.81,-0.16,1.10,-0.32,-0.05,0.02
11.30,-1.10,-0.27,-0.42,-0.13,0.19
11.02,1.80,0.35,-0.45,-0.22,0.21
11.06,-3.22,-1.33,-0.35,-0.11,0.22
10.24,-0.27,0.78,0.20,-0.12,0.29
10.55,-1.02,-0.31,-0.30,-0.23,0.30
11.85,-1.45,0.27,-0.21,-0.18,0.20
11.06,0.27,-0.31,0.14,-0.20,0.13
11.61,0.08,0.63,0.25,-0.13,0.27
12.71,-1.22,-0.43,-0.23,-0.18,0.29
20.01,-13.57,19.53,0.25,0.23,0.37
18.59,2.98,-3.49,1.01,0.26,0.14
19.10,0.75,2.08,-1.27,0.00,0.58
10.04,6.00,-7.73,0.17,-0.09,-0.83
13.93,4.47,4.47,0.44,0.23,-1.11
4.31,-4.94,-1.14,-1.13,0.30,0.11
16.79,-9.02,0.75,0.64,0.20,0.04
11.53,-0.63,0.55,0.08,0.16,-0.30
13.45,0.51,-4.04,-0.24,0.28,-0.31
12.87,-2.28,2.67,0.37,0.41,-0.41
12.16,0.82,-0.08,0.59,0.32,-0.38
11.53,-2.75,-0.04,-0.04,0.34,-0.28
11.85,-0.90,0.24,0.09,0.31,-0.29
12.00,-0.24,0.16,0.01,0.30,-0.23
11.53,-1.73,0.08,0.31,0.32,-0.21
12.55,1.45,0.43,0.34,0.21,-0.00
12.04,-0.86,0.51,-0.20,0.21,0.00
12.08,-3.33,-1.02,0.23,0.19,0.02
12.67,-0.08,0.04,0.43,0.18,0.03
12.08,-1.10,0.20,0.36,0.13,0.10
11.77,-1.02,-0.16,0.65,0.11,0.23
11.69,-1.22,0.12,0.22,0.06,0.17
10.47,-1.84,-0.16,0.37,0.07,0.13
8.20,-1.10,0.67,0.64,0.13,0.06
5.49,-1.77,0.75,0.48,0.07,0.05
4.08,0.51,1.06,0.25,-0.02,0.04
3.14,0.27,0.94,-0.69,-0.11,-0.06
2.20,-1.22,-0.27,-0.76,-0.08,-0.18
1.92,-0.43,-1.10,-0.23,-0.02,-0.34
3.22,2.47,-0.20,-0.18,-0.06,0.05
2.94,1.02,-0.20,-0.43,0.00,-0.09
4.71,0.55,-0.08,-0.21,0.01,0.13
7.49,-0.94,-0.20,0.69,0.16,0.15
8.87,3.26,4.82,0.55,0.30,0.16
10.43,-2.86,3.10,-0.11,0.39,-0.07
11.53,0.75,3.41,0.04,0.28,-0.20
11.57,1.84,1.29,-0.38,0.29,-0.17
9.34,-1.65,0.59,-0.15,0.53,-0.24
10.00,-0.63,1.80,0.28,0.52,-0.12
9.26,-0.16,1.45,0.04,0.30,-0.14
9.06,1.92,1.22,-0.43,0.12,0.03
8.94,-0.82,0.31,-0.58,0.07,0.13
9.06,-0.43,1.49,-0.09,0.05,0.17
9.34,-0.75,1.29,-0.06,-0.02,0.16
9.61,-0.24,1.37,-0.11,-0.05,0.07
9.41,-0.31,1.77,-0.17,-0.03,-0.02
10.08,-0.43,1.29,-0.07,-0.00,-0.06
9.49,0.78,2.04,0.19,0.04,-0.12
9.34,0.55,1.84,-0.07,0.01,-0.08
9.77,-0.04,1.22,-0.20,-0.01,-0.04
9.57,0.31,1.33,-0.11,-0.02,-0.01
9.89,-0.24,1.29,-0.20,-0.02,0.04
9.65,-0.86,0.98,-0.09,-0.03,0.08
9.65,-0.24,1.53,-0.07,-0.01,0.07
9.69,-0.04,1.65,-0.11,0.00,0.08
9.38,-0.55,1.84,-0.03,0.02,0.05
9.49,-0.04,1.61,0.13,0.08,0.04
8.94,1.22,1.73,-0.07,0.12,0.08
8.55,-0.51,1.49,-0.25,0.11,0.07
7.77,-0.86,1.10,-0.05,0.12,0.05
7.69,0.47,1.41,0.08,0.07,0.07
6.59,-1.41,1.10,-0.10,0.00,0.04
6.35,-0.98,0.94,0.29,-0.05,0.03
5.33,1.02,1.29,0.25,-0.15,0.05
5.69,-2.08,-0.12,-0.06,-0.18,0.06
5.88,1.57,0.86,0.35,-0.19,0.14
6.51,-2.71,-1.45,-0.23,-0.14,0.10
6.98,0.75,0.39,0.53,-0.08,0.03
7.45,1.92,1.22,0.30,0.01,0.04
7.88,-5.57,-1.53,-0.32,0.06,-0.06
8.12,0.20,1.22,0.52,0.10,-0.15
9.06,-0.27,1.57,0.08,0.07,-0.26
9.49,0.08,-0.35,0.39,0.12,-0.21
10.59,1.10,0.20,-0.13,0.13,-0.10
10.32,-2.75,0.16,-0.20,0.15,-0.17
10.20,-0.86,1.37,0.20,0.08,-0.13
11.26,-1.10,-0.31,-0.25,0.00,-0.05
11.30,-1.77,0.04,-0.39,0.01,-0.19
10.94,0.90,1.22,0.09,0.01,-0.22
10.94,-1.57,0.59,-0.55,-0.08,-0.07
10.83,1.22,1.02,-0.20,-0.15,0.01
10.87,-0.67,-0.47,-0.69,-0.18,0.05
10.75,-3.65,-0.90,-0.20,-0.05,0.09
10.98,2.63,2.86,0.53,-0.07,0.07
10.63,-1.14,-0.08,-0.70,-0.13,0.02
10.98,-3.02,-1.18,0.34,-0.03,0.19
12.24,2.79,1.41,0.17,0.02,0.10
12.87,-1.22,-0.55,-0.21,0.02,0.11
18.12,-3.33,5.02,0.34,0.13,0.31
15.10,-4.24,-1.06,0.46,0.05,0.35
4.94,8.90,0.24,0.75,-0.13,-0.59
20.01,-2.59,-3.73,-2.73,-0.68,1.16
17.97,1.88,-5.77,-0.15,-0.23,-0.10
17.42,-2.24,-2.51,0.27,-0.00,-0.49
8.63,-0.55,0.82,0.13,0.08,-0.11
14.63,-5.57,-1.49,-0.66,-0.00,0.15
12.75,-5.10,-2.00,-0.08,0.22,-0.53
12.67,3.10,0.16,0.36,0.39,-0.45
12.20,-2.67,-0.24,0.20,0.50,-0.29
11.41,-0.63,1.80,1.14,0.50,-0.23
12.28,1.41,1.80,-0.10,0.38,-0.17
11.69,-1.53,-1.84,0.05,0.45,-0.18
11.34,0.82,0.04,0.33,0.50,0.07
11.57,-1.37,0.71,0.59,0.53,0.17
12.24,-0.90,1.37,0.68,0.49,0.16
11.65,-2.31,0.55,0.22,0.37,0.11
11.69,0.90,0.78,0.32,0.27,0.14
11.26,-2.31,-0.67,-0.08,0.22,0.24
10.55,-2.43,0.43,0.40,0.21,0.21
8.55,-0.04,1.49,0.70,0.19,0.04
6.79,-1.92,0.20,0.20,0.06,0.05
5.18,-1.18,0.55,0.05,0.03,0.04
3.61,0.20,1.57,-0.50,-0.05,-0.06
2.94,0.90,1.41,-1.01,-0.03,-0.22
1.53,-0.98,-0.82,-0.75,-0.07,-0.15
2.20,-0.94,0.08,0.31,-0.09,-0.17
2.63,2.31,-0.20,0.68,-0.06,-0.12
4.39,3.14,0.04,0.01,-0.26,0.17
4.39,-0.08,0.78,-0.64,-0.30,0.25
9.02,-3.88,-0.39,-0.29,-0.22,0.31
9.65,-1.02,1.80,0.48,-0.09,0.08
12.87,2.51,5.33,0.20,0.07,-0.14
11.18,-2.08,0.90,0.00,0.22,-0.33
11.30,0.47,1.53,0.67,0.34,-0.39
10.28,0.20,1.49,0.20,0.40,-0.37
9.89,-0.63,0.04,0.65,0.50,-0.40
9.45,2.20,1.49,0.67,0.50,-0.28
9.26,0.59,1.06,0.12,0.46,-0.15
8.98,0.71,1.69,0.03,0.37,0.10
8.71,0.98,2.12,-0.07,0.23,0.15
9.73,1.14,1.29,-0.35,0.07,0.27
9.69,-1.49,0.67,-0.66,-0.01,0.24
9.38,-1.22,1.26,-0.16,0.00,0.19
9.73,1.26,1.33,0.13,0.03,0.08
9.85,-1.06,0.55,-0.45,-0.01,0.01
8.98,0.12,1.37,-0.22,0.04,-0.08
10.00,-0.08,0.94,-0.16,0.05,-0.17
9.38,-1.26,0.43,0.27,0.11,-0.24
10.00,0.98,1.37,0.31,0.11,-0.21
9.38,-0.43,1.18,-0.02,0.06,-0.19
9.49,0.63,1.73,0.08,0.01,-0.14
9.61,1.06,1.73,-0.08,-0.04,-0.09
9.85,-0.39,1.02,-0.25,-0.05,-0.03
9.14,-0.47,1.73,0.06,-0.02,-0.04
10.00,0.55,1.88,0.07,-0.01,-0.02
9.89,0.04,1.37,-0.03,0.03,-0.04
9.18,-0.04,1.96,-0.05,0.07,-0.09
9.69,0.27,1.92,-0.11,0.06,-0.08
9.22,0.59,1.53,0.05,0.07,-0.03
9.22,1.49,1.53,0.16,0.11,0.02
9.02,0.90,2.35,-0.16,0.08,0.09
8.71,-0.75,0.90,-0.40,0.06,0.10
8.47,0.47,1.41,0.11,0.09,0.08
7.65,-0.12,1.37,-0.02,0.10,0.07
7.45,-0.04,1.06,0.19,0.04,0.01
6.39,0.71,1.45,0.04,-0.04,-0.00
6.86,0.08,0.82,-0.21,-0.11,0.04
7.53,1.18,0.94,-0.13,-0.16,0.09
6.12,0.08,1.41,-0.34,-0.21,0.13
6.35,-4.20,-0.16,-0.09,-0.28,0.15
8.12,1.10,0.43,0.50,-0.25,0.14
7.10,1.14,-0.75,-0.22,-0.18,0.14
8.00,-0.63,0.24,0.23,-0.02,0.14
8.55,-1.45,1.10,0.13,-0.01,0.17
8.55,-3.96,-0.31,0.15,0.03,0.04
8.04,0.04,0.47,0.63,0.03,-0.07
8.83,0.04,-0.04,-0.15,-0.00,-0.04
9.45,-1.45,-0.20,0.09,0.15,-0.15
9.02,0.12,0.31,0.17,0.20,-0.15
9.45,-2.71,-0.04,-0.28,0.17,-0.08
10.16,0.16,0.78,0.52,0.23,-0.16
10.40,0.12,0.39,-0.34,0.11,-0.06
10.24,-1.29,0.94,-0.26,0.10,-0.11
11.14,0.67,0.35,-0.37,-0.00,-0.10
10.75,-2.86,-0.71,-0.88,-0.07,0.08
10.98,-0.24,0.43,0.01,0.01,0.02
11.73,1.65,1.22,-0.03,-0.07,0.03
11.06,-2.39,-0.04,-0.60,-0.09,0.06
10.47,-0.67,0.75,0.12,-0.05,0.06
11.53,-0.16,0.90,-0.80,-0.18,0.19
12.00,-2.63,-0.35,-0.51,-0.16,0.07
11.57,1.73,0.59,0.14,-0.13,0.10
12.20,-2.04,-0.16,-0.37,-0.09,0.14
14.79,2.59,2.98,0.69,-0.11,-0.10
9.38,4.43,3.26,-0.94,-0.22,-0.06
8.43,7.81,-1.53,-0.71,-0.20,-0.08
15.57,0.12,1.49,-1.65,-0.18,0.03
19.85,-6.28,-1.10,-1.54,-0.16,0.12
13.10,-6.12,2.04,-0.10,-0.02,0.21
14.63,7.88,-0.35,0.66,0.13,-0.40
10.43,-1.33,-1.69,-2.73,0.06,0.14
14.32,-9.92,-0.39,-1.79,0.03,0.12
11.26,-2.55,-2.71,2.01,0.33,-0.46
11.65,2.67,0.47,2.61,0.43,-0.55
11.45,2.20,-0.39,1.06,0.38,-0.38
12.04,-1.02,-0.16,0.09,0.35,0.01
11.41,-1.96,0.78,0.63,0.33,-0.25
12.12,-0.47,-0.67,0.60,0.28,-0.14
12.47,-1.41,-2.00,0.58,0.33,-0.08
12.08,2.55,1.53,0.77,0.30,0.09
12.55,-2.43,-0.27,0.34,0.21,0.20
11.96,-1.26,-0.20,0.75,0.09,0.28
12.12,0.20,0.47,0.29,0.03,0.26
10.75,-2.47,-0.78,0.10,0.00,0.35
9.53,-2.12,0.20,0.34,0.00,0.32
7.02,-1.57,1.22,0.37,-0.00,0.11
5.57,0.12,0.24,0.31,0.01,0.02
5.26,1.53,-0.51,0.10,0.04,0.19
3.92,0.63,-1.33,-0.10,0.18,0.45
3.80,1.14,0.16,0.89,0.29,0.30
4.12,3.22,1.33,0.89,0.28,0.35
3.06,-3.57,-0.35,-0.35,0.18,0.31
4.08,-1.18,-0.24,0.60,0.27,0.23
5.45,3.53,2.94,0.05,0.17,0.13
7.34,-0.59,2.04,-1.02,0.06,0.01
8.47,1.29,1.22,-0.28,0.24,-0.24
9.89,2.75,1.49,0.25,0.43,-0.52
9.77,2.94,2.71,-0.23,0.30,-0.46
8.79,-0.82,1.02,-0.53,0.34,-0.36
9.92,-3.10,0.94,-0.28,0.36,-0.28
10.24,-2.12,1.22,0.06,0.07,-0.42
8.87,0.12,1.96,0.16,-0.17,-0.39
10.00,1.77,0.51,0.01,-0.19,-0.24
9.41,-0.98,0.08,-0.59,-0.18,-0.13
8.55,-2.20,1.10,0.31,-0.07,-0.22
8.90,1.77,2.86,0.53,-0.01,-0.16
9.18,0.16,2.20,-0.23,0.05,-0.26
8.87,0.59,2.08,-0.08,0.13,-0.22
10.47,1.41,1.18,0.15,0.19,-0.08
9.49,-1.49,0.51,0.63,0.30,-0.09
9.73,2.20,2.75,0.18,0.15,0.03
10.32,-2.51,-1.10,-0.45,0.09,-0.00
10.75,1.57,0.08,0.28,0.24,-0.02
9.38,1.57,0.51,-0.11,0.35,-0.04
9.65,-1.49,1.33,-0.25,0.40,-0.09
9.65,0.71,1.96,0.27,0.32,-0.15
8.90,3.06,2.16,0.05,0.17,-0.24
9.18,0.16,1.61,-0.45,0.05,-0.18
9.26,0.47,2.12,-0.38,-0.08,-0.14
9.73,0.86,0.67,-0.37,-0.13,-0.12
9.14,0.20,0.75,-0.41,-0.09,-0.10
9.45,0.47,2.16,0.01,0.05,-0.11
9.77,1.92,2.63,0.08,0.02,0.01
9.41,1.14,2.82,-0.43,-0.06,0.03
9.69,-0.08,1.57,-0.63,-0.14,0.17
9.57,0.08,0.98,0.10,-0.10,0.22
9.26,0.63,1.77,0.15,-0.05,0.23
8.71,-0.55,1.61,-0.12,-0.00,0.28
9.34,-0.27,1.22,0.00,0.01,0.24
9.06,-0.08,1.41,-0.07,-0.01,0.15
9.14,-1.02,0.94,-0.02,0.01,0.11
8.39,-0.82,0.55,0.72,0.13,0.06
7.49,1.57,1.65,0.94,0.09,0.05
7.18,0.47,1.80,0.11,0.02,0.04
6.55,0.08,0.75,0.27,0.02,-0.00
6.79,2.28,1.06,0.36,-0.02,0.01
6.28,-0.24,0.86,-0.19,-0.13,0.08
6.28,-0.47,0.94,0.14,-0.21,0.18
6.98,1.37,1.41,0.17,-0.25,0.19
7.02,-1.49,-0.75,-0.47,-0.27,0.15
7.61,0.20,0.16,-0.32,-0.24,0.13
8.94,-0.59,-0.31,-0.31,-0.10,0.04
7.02,-4.71,-1.73,-0.15,0.02,-0.01
9.34,0.71,0.98,0.51,0.11,-0.02
9.30,-0.55,-1.26,-0.17,0.18,-0.11
9.34,-2.39,-0.90,0.62,0.23,-0.20
9.34,2.86,1.53,0.36,0.22,-0.13
10.08,-0.20,0.27,-0.48,0.09,0.00
9.10,1.06,1.33,-0.90,0.04,0.00
9.96,-3.26,-1.41,-1.76,-0.03,0.01
10.32,-1.10,0.67,-0.28,-0.08,0.04
11.22,0.47,0.04,-0.53,-0.07,0.01
9.85,-3.02,-1.14,-0.83,-0.10,0.14
11.14,-0.24,1.06,-0.14,-0.12,0.06
11.30,-1.18,-0.24,-0.79,-0.25,0.08
10.94,0.12,0.27,-0.79,-0.21,0.01
11.89,-0.20,0.55,-1.55,-0.28,-0.15
10.71,-2.47,-1.61,-1.65,-0.32,-0.10
11.06,1.65,0.16,-0.49,-0.29,-0.07
12.75,-0.04,0.71,-0.29,-0.41,0.04
20.01,-6.98,-3.22,0.71,-0.29,-0.44
9.18,3.49,-2.51,0.44,-0.27,-0.05
8.75,8.79,-5.92,-0.05,-0.33,0.58
20.01,-7.81,-1.61,0.08,-0.23,0.44
6.28,9.49,2.51,-0.18,-0.28,1.12
10.47,-5.06,-6.39,-1.60,-0.19,-0.03
16.63,3.10,-1.69,0.24,0.00,-0.14
14.91,-0.27,-0.16,0.34,0.15,-0.18
9.96,-7.14,-0.63,-1.49,0.27,0.24
14.95,-0.20,-1.06,1.25,0.42,-0.91
10.79,6.20,0.63,1.09,0.48,-0.16
10.20,-7.92,-3.18,-0.62,0.55,-0.18
13.02,-0.51,-1.77,1.54,0.75,-0.15
11.69,2.47,-0.90,1.57,0.90,-0.20
11.92,-4.20,1.57,1.28,0.97,-0.26
9.65,-0.04,2.82,1.20,0.67,-0.08
12.16,1.88,0.59,-0.24,0.43,-0.01
12.28,-1.73,-2.51,0.28,0.42,0.12
11.41,2.28,1.29,1.07,0.52,0.24
11.96,-2.67,0.86,0.42,0.37,0.39
10.24,-3.30,0.43,0.48,0.16,0.32
11.41,0.59,1.37,0.32,0.06,0.21
9.41,0.51,0.59,-0.05,-0.08,0.34
8.12,-0.90,0.04,-0.07,-0.08,0.39
5.88,-2.16,0.90,0.04,-0.10,0.40
4.59,-1.92,0.51,-0.00,-0.14,0.31
3.65,-1.33,0.24,-0.24,-0.17,0.14
2.67,-0.78,-0.24,-0.09,-0.14,-0.16
2.71,0.27,0.39,0.06,-0.15,-0.25
3.14,0.43,-0.04,-0.05,-0.31,-0.12
3.96,0.27,-0.71,0.30,-0.18,-0.09
3.53,1.57,0.43,0.98,-0.14,-0.10
8.16,2.24,3.10,0.50,0.00,0.21
9.30,-2.35,2.47,0.37,0.52,-0.46
10.12,0.67,2.98,0.63,0.58,-0.50
11.89,-4.28,-0.43,-0.26,0.47,-0.86
10.00,1.57,1.69,0.64,0.66,-0.80
11.81,4.47,2.35,0.70,0.63,-0.62
9.73,-0.04,0.98,-0.06,0.52,-0.28
9.77,-0.16,1.53,-0.29,0.29,-0.05
9.61,0.67,1.02,-0.67,0.09,0.10
8.55,-0.51,0.04,-0.81,0.00,0.12
8.83,0.08,0.51,-0.34,-0.00,0.15
9.14,-0.59,0.47,-0.28,-0.02,0.17
9.26,-2.08,0.82,-0.32,-0.01,0.11
9.61,-0.86,1.22,-0.02,-0.03,-0.03
10.32,-0.24,1.18,-0.09,0.01,-0.18
9.81,0.04,1.92,0.14,0.06,-0.20
9.96,0.94,1.80,0.09,0.07,-0.22
10.04,-0.82,0.82,0.08,0.16,-0.24
9.77,0.39,1.65,0.27,0.18,-0.24
9.85,0.43,1.69,0.04,0.19,-0.21
9.34,-0.67,1.06,0.00,0.20,-0.19
9.45,1.22,1.88,0.20,0.20,-0.17
9.30,1.06,1.77,0.05,0.19,-0.12
9.38,0.86,2.39,-0.00,0.11,0.03
8.94,1.14,2.28,0.12,0.06,0.08
9.22,0.94,2.00,0.26,0.01,0.17
9.38,1.41,1.96,0.09,0.02,0.22
8.98,-0.39,1.57,-0.22,0.03,0.16
8.28,-0.51,1.53,-0.12,0.02,0.16
7.57,-0.59,1.57,0.08,0.03,0.06
5.65,-1.92,0.27,0.54,0.09,-0.04
6.12,1.53,1.29,1.13,0.08,-0.08
6.79,3.65,2.20,0.28,-0.01,-0.13
6.16,0.78,0.94,-0.13,-0.05,-0.12
6.16,0.47,1.37,0.21,-0.14,0.10
7.49,-0.35,1.57,0.23,-0.20,0.20
7.65,0.35,0.31,0.19,-0.23,0.21
7.53,0.31,-0.04,-0.09,-0.18,0.20
7.88,-1.53,-0.43,-0.61,-0.11,0.27
8.16,-2.12,-0.67,-0.20,0.06,0.19
7.73,-0.63,-0.16,0.32,0.14,0.07
9.26,-0.94,0.90,-0.02,0.14,0.02
8.36,0.39,0.78,-0.47,0.08,-0.00
9.45,-1.22,-0.20,-0.75,0.02,0.02
10.04,-1.02,-0.16,-0.27,0.04,0.04
9.81,0.55,0.31,-0.20,0.06,0.03
10.43,-3.18,-0.59,-0.51,0.03,-0.01
10.08,-0.27,0.39,-0.06,-0.04,0.07
11.06,0.63,1.22,-0.96,-0.12,0.02
11.02,-4.16,-0.59,-0.93,-0.15,-0.04
9.81,-0.59,-0.39,0.02,-0.14,-0.06
11.65,2.47,2.39,-0.45,-0.35,0.05
12.36,-3.10,0.24,-1.00,-0.34,0.04
10.59,-5.41,-2.04,-0.27,-0.22,-0.09
10.20,2.90,0.78,0.05,-0.39,0.08
14.79,-1.61,-0.16,-0.27,-0.39,-0.04
12.04,-5.84,-2.51,0.93,-0.13,-0.27
17.10,2.24,0.24,3.48,-0.08,-0.58
3.33,8.00,5.18,0.07,-0.02,0.07
7.65,4.94,1.73,0.16,-0.24,0.40
20.01,5.10,6.04,-0.97,-0.17,0.99
11.06,5.57,-5.33,-1.78,0.16,0.17
16.08,-4.39,0.51,-1.34,0.16,0.03
6.51,-0.55,-0.59,-2.33,0.10,0.91
15.89,-7.37,-0.67,-3.19,-0.05,0.44
12.71,-2.82,-2.28,-0.59,0.40,-0.02
12.79,-2.24,-0.39,1.44,0.57,-0.75
8.75,2.82,0.98,1.93,0.62,-0.55
13.34,-1.33,-1.29,0.40,0.60,0.08
11.14,-3.49,0.47,0.38,0.72,-0.23
11.10,1.37,0.71,0.86,0.73,-0.39
11.96,1.02,0.78,0.28,0.72,-0.39
11.18,-0.51,0.86,0.36,0.64,-0.06
11.49,0.51,1.29,0.21,0.56,-0.03
11.45,-4.04,-0.55,-0.03,0.49,-0.01
12.24,1.37,0.27,1.07,0.47,-0.17
11.69,0.08,2.20,0.40,0.33,-0.03
11.65,-0.63,0.04,0.41,0.18,0.06
9.49,-1.10,1.61,-0.16,-0.05,0.26
11.10,-0.51,1.14,0.10,-0.26,0.18
9.38,-0.90,-0.31,-0.09,-0.16,0.07
7.30,-2.35,0.98,0.14,-0.25,0.13
4.51,-2.51,-0.35,0.61,-0.05,-0.30
4.12,-1.77,0.98,0.36,-0.20,-0.09
2.79,-1.33,0.35,0.26,-0.07,-0.63
2.59,-0.43,0.75,0.27,0.04,-0.83
1.22,-0.20,-0.12,0.44,0.13,-0.99
2.59,-0.24,-1.53,0.57,0.11,-0.97
3.26,2.79,-1.41,0.71,-0.17,-0.23
6.98,6.51,-0.39,0.77,-0.13,-0.31
7.41,6.16,6.32,1.02,0.23,-0.10
8.71,4.04,6.83,1.36,0.60,0.47
13.22,0.55,3.69,0.45,0.25,0.35
10.20,-1.84,0.82,-0.85,-0.00,0.19
11.73,4.04,-0.16,-0.64,0.19,0.00
10.63,0.31,0.55,-1.02,0.31,0.16
9.22,-1.29,0.51,-0.41,0.33,0.20
9.53,-1.22,0.71,-0.10,0.32,0.04
9.53,-2.51,0.35,-0.25,0.22,-0.11
8.67,-0.78,0.59,0.21,0.23,-0.28
9.06,3.10,1.33,0.58,0.23,-0.31
9.30,2.51,1.26,0.28,0.19,-0.09
9.10,2.24,2.55,0.19,0.18,-0.10
9.96,1.22,2.71,-0.15,0.00,-0.09
9.77,1.49,1.57,-0.27,-0.05,-0.10
10.04,1.80,1.10,-0.06,-0.01,-0.10
9.89,1.37,1.45,-0.03,0.08,-0.03
9.49,0.67,1.77,-0.01,0.08,0.06
9.45,1.10,1.65,-0.06,0.06,0.07
9.38,0.71,1.29,-0.23,0.03,0.07
9.34,1.06,1.41,-0.06,0.06,0.12
9.65,1.37,1.53,0.03,0.10,0.14
9.22,1.22,1.69,-0.03,0.13,0.15
9.45,0.63,1.84,-0.03,0.13,0.10
9.49,0.86,1.57,-0.02,0.10,0.07
9.26,0.90,1.41,-0.02,0.10,0.02
9.49,1.29,1.53,0.03,0.07,-0.02
9.53,0.94,1.45,-0.05,0.05,0.03
9.53,1.18,1.57,-0.01,0.00,-0.01
9.53,0.63,1.57,0.01,-0.03,-0.05
9.34,0.82,1.53,0.01,-0.05,-0.06
9.26,1.49,1.57,0.05,-0.06,-0.08
9.69,1.02,1.65,0.04,-0.03,-0.09
9.41,1.45,1.88,0.10,-0.03,-0.09
9.30,1.65,1.69,0.08,-0.00,-0.06
9.89,1.02,1.61,0.03,0.03,-0.04
9.34,1.14,1.69,0.09,0.05,-0.04
9.61,1.41,1.69,0.04,0.06,-0.03
9.38,1.14,1.88,0.03,0.06,-0.01
9.30,1.84,1.96,0.09,0.04,0.03
9.18,1.26,1.88,0.03,0.03,0.05
8.63,1.22,1.88,0.26,0.00,0.09
9.45,3.14,2.08,0.40,-0.02,0.16
8.47,2.98,2.20,-0.17,-0.06,0.27
8.75,1.06,1.41,-0.63,-0.05,0.35
7.85,-0.31,0.71,-0.67,-0.02,0.31
7.61,-0.78,0.90,-0.38,-0.01,0.24
6.43,-0.78,0.47,0.16,0.04,0.12
6.98,1.57,1.18,0.51,-0.03,0.14
6.90,1.49,0.78,0.37,-0.10,0.20
6.28,1.26,1.37,0.31,-0.22,0.38
6.79,0.90,1.69,-0.01,-0.31,0.51
6.63,-0.86,0.55,-0.37,-0.36,0.56
7.65,-1.65,-1.65,-0.46,-0.26,0.61
7.34,-0.47,-1.49,-0.14,-0.07,0.48
7.69,-1.77,-0.24,-0.11,0.03,0.37
7.45,-2.39,0.98,0.09,0.06,0.28
8.55,-0.55,0.90,0.34,-0.01,0.12
8.20,-0.90,-0.35,-0.11,-0.03,0.16
9.34,-2.39,-0.27,-0.27,0.00,0.03
9.38,-0.98,-0.43,-0.04,0.06,0.08
8.43,-1.61,-0.16,0.01,0.09,-0.05
10.20,0.51,0.86,0.04,0.01,0.03
10.40,0.08,0.35,-0.67,-0.05,0.19
9.81,-2.51,-0.98,-0.38,0.00,0.05
10.90,0.12,1.06,-0.09,-0.06,0.03
10.83,-2.51,-0.39,-0.57,-0.13,0.16
11.10,-1.37,0.55,-0.26,-0.16,0.11
12.63,0.12,0.39,-0.83,-0.22,0.17
10.71,-5.14,-2.75,-0.72,-0.14,0.01
11.34,-0.75,0.78,0.10,-0.12,-0.00
11.89,1.02,0.31,-0.50,-0.15,0.13
10.90,-3.88,-1.49,-0.57,-0.06,0.13
20.01,-17.30,8.12,1.22,0.08,-0.15
7.92,14.16,4.98,3.01,0.04,-0.39
20.01,-2.75,-8.12,-3.53,-0.43,0.64
9.02,-8.51,2.24,-4.72,-0.28,1.31
10.55,2.67,-1.26,2.02,0.13,-0.87
11.89,10.43,1.69,0.49,-0.08,1.27
9.38,-1.65,4.28,-1.75,-0.16,0.54
15.38,-5.33,-1.14,-0.58,0.05,0.24
13.02,-1.06,0.47,-0.35,0.42,0.19
17.34,-2.82,2.71,-0.96,0.84,0.02
14.67,-6.08,0.43,-0.70,0.96,-0.20
13.73,-6.75,-1.14,1.11,1.17,-0.60
11.65,-3.06,-1.14,1.95,1.16,-0.79
11.65,-1.65,-0.94,1.83,1.04,-0.88
10.51,-0.71,-0.71,1.90,0.64,-0.67
11.02,1.45,-0.78,1.46,0.18,-0.44
12.40,0.59,-0.78,0.95,0.11,-0.31
10.59,0.04,-0.78,0.76,0.16,-0.47
10.16,1.18,-0.24,0.91,-0.07,-0.61
9.69,1.77,0.35,0.73,-0.24,-0.66
9.49,1.77,0.43,0.30,-0.30,-0.68
9.14,2.28,0.67,0.11,-0.39,-0.69
7.69,1.29,0.98,0.00,-0.35,-0.77
6.75,1.10,0.78,0.25,-0.18,-0.99
6.59,1.69,0.51,0.55,-0.16,-1.06
6.63,1.61,0.35,0.87,-0.04,-1.04
5.57,2.24,0.51,1.24,0.08,-1.15
4.59,3.22,0.27,1.52,0.07,-1.48
4.20,4.86,0.04,1.37,-0.07,-1.47
4.39,4.94,-0.04,0.60,-0.35,-1.45
4.94,4.51,-0.51,-0.04,-0.40,-1.64
5.30,5.65,-1.06,-0.03,-0.47,-1.76
6.55,6.98,-1.18,-0.07,-0.73,-1.75
7.49,7.53,-1.18,-0.44,-0.70,-1.54
6.90,6.67,-1.92,-0.82,-0.59,-1.47
6.67,6.79,-2.04,-0.80,-0.68,-1.44
7.22,7.45,-2.00,-0.86,-0.80,-1.40
7.61,7.41,-2.20,-1.17,-0.67,-1.40
7.57,7.02,-2.39,-1.18,-0.62,-1.40
7.37,7.02,-2.28,-1.00,-0.65,-1.35
7.45,6.98,-1.92,-0.83,-0.60,-1.30
6.94,6.67,-1.45,-0.65,-0.51,-1.29
6.24,7.02,-1.02,-0.44,-0.54,-1.21
5.69,6.75,-0.67,-0.35,-0.57,-1.15
5.06,6.79,-0.51,-0.22,-0.55,-1.06
4.63,7.26,-0.59,-0.05,-0.51,-0.99
4.39,7.61,-0.51,0.00,-0.49,-0.88
4.71,7.57,-0.51,0.03,-0.47,-0.80
5.77,8.08,-0.43,0.09,-0.35,-0.64
5.96,8.04,-0.27,0.33,-0.26,-0.53
6.94,8.90,0.31,0.34,-0.20,-0.47
5.92,8.67,0.82,0.52,-0.22,-0.28
5.84,9.30,1.88,0.19,-0.20,-0.13
4.79,9.18,1.53,0.04,-0.23,-0.15
3.88,9.06,0.86,-0.40,-0.23,-0.09
3.45,7.45,-0.35,-0.52,-0.19,-0.04
2.98,7.57,-0.39,-0.19,-0.15,-0.04
2.59,7.81,-0.78,-0.02,-0.11,0.01
2.98,8.94,-0.78,0.04,-0.04,0.16
3.18,8.28,-0.82,0.00,-0.02,0.34
3.45,8.98,-0.43,0.21,-0.07,0.36
3.37,9.26,-0.51,0.16,-0.12,0.44
3.53,8.94,-0.82,0.08,-0.20,0.40
3.30,9.06,-0.63,0.09,-0.27,0.38
3.10,9.41,-0.27,0.04,-0.35,0.37
3.10,8.90,-0.35,-0.07,-0.40,0.31
3.26,9.02,-0.20,-0.06,-0.45,0.26
3.26,9.06,-0.31,-0.08,-0.44,0.17
3.30,9.41,-0.47,0.00,-0.46,0.15
5.18,9.53,-0.67,0.04,-0.43,0.16
6.00,10.00,-0.63,0.21,-0.15,0.19
5.92,9.85,-1.06,0.39,0.03,0.22
6.55,10.32,-1.37,0.61,0.06,0.24
6.86,11.18,-1.61,0.46,0.14,0.26
6.35,10.00,-2.35,-0.11,0.21,0.35
5.06,8.83,-2.94,-0.22,0.16,0.32
4.12,8.47,-2.71,-0.29,-0.06,0.13
3.10,7.34,-2.75,-0.50,-0.22,0.01
2.67,7.37,-3.26,-0.42,-0.30,-0.16
3.10,8.12,-3.80,-0.33,-0.32,-0.26
4.24,9.22,-4.08,-0.39,-0.18,-0.08
5.22,9.53,-3.84,-0.46,-0.02,0.07
5.30,8.79,-4.04,-0.47,-0.06,0.04
5.73,8.47,-3.41,-0.47,-0.28,-0.07
5.92,8.59,-2.59,-0.53,-0.43,-0.17
5.65,8.36,-2.08,-0.63,-0.44,-0.26
5.33,7.92,-1.96,-0.75,-0.43,-0.37
5.18,7.49,-1.77,-0.72,-0.38,-0.47
4.63,7.73,-1.26,-0.68,-0.30,-0.50
4.16,7.30,-1.10,-0.54,-0.20,-0.43
3.77,8.24,-1.02,-0.30,-0.16,-0.31
3.61,8.98,-1.26,-0.14,-0.14,-0.15
3.30,9.45,-1.29,-0.19,-0.09,0.06
3.02,9.18,-1.41,-0.36,-0.07,0.15
2.94,8.71,-1.45,-0.32,-0.16,0.17
3.45,9.30,-1.18,-0.12,-0.20,0.14
3.53,9.77,-0.86,-0.24,-0.16,0.23
3.33,10.40,-0.63,-0.54,-0.19,0.23
4.24,9.65,-0.63,-0.94,-0.20,0.20
4.51,9.26,-0.51,-1.00,-0.14,0.24
4.59,9.45,-0.20,-1.05,-0.11,0.24
4.79,9.22,-0.12,-1.00,-0.04,0.20
4.67,7.92,-0.04,-0.71,-0.01,0.22
5.61,7.85,0.16,-0.42,0.14,0.33
4.00,7.81,0.35,0.17,0.30,0.20
5.02,8.90,0.27,0.45,0.33,0.36
6.32,8.55,0.31,0.49,0.42,0.39
5.96,8.08,0.71,0.49,0.54,0.40
5.22,7.61,0.47,0.41,0.56,0.21
4.35,7.65,0.90,0.38,0.53,0.18
5.53,7.02,0.16,0.13,0.50,0.10
5.77,7.49,0.27,0.24,0.40,0.15
6.75,8.39,0.43,0.22,0.32,0.27
6.55,7.14,0.78,0.14,0.23,0.32
5.81,7.37,1.22,0.73,0.15,0.23
5.30,7.88,0.47,0.99,0.21,0.13
4.86,7.88,0.04,0.88,0.25,0.08
4.63,7.37,-0.39,0.71,0.09,0.01
5.10,10.08,0.55,0.69,-0.01,0.13
5.81,7.81,0.35,-0.37,0.02,0.17
5.81,6.59,-0.08,-0.51,-0.11,0.21
6.51,7.18,-0.78,0.33,-0.13,0.16
6.00,10.51,-0.39,0.82,0.10,0.32
6.04,7.77,-0.63,0.18,0.23,0.16
5.18,8.36,-0.24,0.12,0.11,0.01
5.53,8.79,-0.51,-0.05,0.09,-0.03
5.49,8.28,-0.71,-0.23,0.12,-0.01
5.65,7.81,-1.14,-0.20,0.07,-0.06
5.69,7.96,-0.98,-0.09,0.00,-0.09
5.69,8.79,-0.55,-0.13,-0.11,-0.02
6.08,8.47,-0.39,-0.51,-0.20,-0.04
5.73,7.92,-0.82,-0.70,-0.21,-0.03
5.18,7.02,-1.06,-0.79,-0.20,0.02
5.41,6.39,-1.10,-0.50,-0.20,0.02
5.41,8.43,-0.63,0.25,-0.20,0.07
5.57,7.45,-1.14,0.15,-0.07,0.22
5.14,6.98,-1.57,0.61,-0.01,0.29
5.61,9.57,-0.59,1.00,-0.07,0.45
5.65,9.10,-0.31,0.29,0.15,0.45
5.81,6.24,-0.86,0.14,0.19,0.35
6.43,8.08,-0.12,0.36,0.04,0.33
7.34,6.98,-1.37,0.13,0.05,0.38
6.43,7.77,-1.92,0.43,0.10,0.31
6.24,8.75,-1.65,0.27,0.11,0.24
6.86,7.26,-1.41,-0.62,0.10,0.17
6.35,6.43,-1.10,-0.64,-0.02,0.39
7.34,6.00,-0.43,-0.38,-0.07,0.17
7.10,8.36,-0.31,0.21,-0.24,0.19
7.02,8.20,-1.33,-0.14,-0.18,0.21
7.06,8.36,-1.26,-0.22,-0.08,0.06
7.53,7.73,-0.71,-0.30,0.00,-0.29
6.55,7.37,-0.59,-0.62,-0.03,-0.29
6.90,6.83,-1.22,-0.54,-0.16,-0.34
6.83,7.53,-0.78,-0.13,-0.26,-0.45
5.69,8.04,-0.39,-0.33,-0.13,-0.43
5.77,7.14,-0.27,-0.32,-0.20,-0.62
1.92,11.18,1.14,0.46,-0.43,-1.38
6.98,7.81,0.55,-1.71,-0.07,-0.48
5.37,5.14,-0.67,-1.31,-0.18,-0.43
5.06,4.79,-0.98,-0.13,-0.30,-0.49
5.61,8.16,-0.20,1.59,-0.47,-0.24
4.12,10.43,-1.37,1.08,-0.05,0.08
5.49,10.79,-1.65,0.12,-0.02,0.01
4.94,8.51,-0.94,-0.61,0.12,-0.16
6.20,6.00,-0.20,-0.40,0.05,-0.21
7.14,2.55,0.59,0.86,-0.11,0.07
5.41,9.96,-0.47,1.68,-0.08,0.17
5.45,10.08,-1.45,0.73,-0.08,0.26
6.83,8.55,-1.61,-0.39,0.06,0.33
4.59,8.12,-1.33,-0.65,0.19,0.10
5.37,8.32,-1.33,-0.38,0.00,0.27
4.86,8.00,-1.65,-0.44,-0.15,0.10
6.00,7.69,-0.59,0.16,-0.20,0.12
5.30,9.26,-0.98,0.09,-0.19,0.11
5.53,8.83,-0.24,-0.09,-0.27,0.31
6.12,8.20,0.55,-0.29,-0.06,0.66
5.77,8.63,-0.90,-1.09,0.18,0.72
6.47,8.32,-0.67,-1.37,0.27,0.70
6.59,7.57,-0.59,-1.28,0.50,0.95
5.69,7.10,-0.08,-0.93,0.42,0.82
6.20,7.10,0.08,-1.45,0.62,0.36
6.43,6.51,0.75,-1.32,0.57,0.24
6.94,6.16,0.51,-0.79,0.31,-0.00
6.67,6.28,0.98,-0.28,0.03,-0.01
6.63,6.55,1.26,-0.20,0.07,-0.16
6.75,7.41,2.00,-0.40,0.10,-0.29
6.83,7.49,1.80,-0.86,0.12,-0.38
6.59,6.86,1.53,-1.13,0.19,-0.26
6.00,7.14,1.22,-1.12,0.21,-0.07
6.08,6.63,1.26,-0.89,-0.03,-0.04
6.28,6.90,1.26,-0.71,-0.11,0.03
6.47,6.67,1.37,-0.54,-0.08,0.04
6.35,5.65,1.57,-0.56,-0.03,0.11
7.49,6.47,2.55,-0.26,0.12,0.30
6.94,6.16,2.75,-0.31,0.15,0.43
7.18,6.79,3.02,-0.27,0.07,0.31
7.14,6.24,3.18,-0.38,0.11,0.02
7.06,6.79,2.82,-0.47,0.08,-0.32
6.63,6.28,2.67,-0.52,0.06,-0.28
6.12,5.69,2.75,-0.28,0.01,-0.12
6.71,6.86,2.71,-0.09,0.03,-0.05
6.43,6.51,2.51,-0.22,0.08,-0.09
6.51,6.47,2.98,-0.13,0.07,-0.07
6.59,6.12,3.33,-0.17,0.10,-0.05
6.71,6.28,3.30,-0.11,0.08,0.07
6.47,6.08,3.10,-0.08,0.03,0.15
6.67,6.47,3.02,-0.09,0.03,0.14
6.90,6.55,3.02,-0.09,0.04,0.06
6.98,6.55,3.06,-0.15,0.08,-0.00
6.51,5.92,2.90,-0.19,0.16,-0.07
6.71,6.32,3.06,0.03,0.05,-0.09
6.63,6.67,3.26,0.12,-0.03,-0.07
6.79,6.39,3.33,-0.01,0.02,-0.03
6.86,6.51,3.06,-0.27,0.12,-0.02
6.71,6.47,3.26,-0.22,0.05,0.00
6.51,6.39,3.41,-0.20,0.05,0.03
6.51,6.08,3.30,-0.24,0.07,0.01
6.79,6.12,3.22,-0.19,0.04,0.01
6.79,6.35,3.37,-0.05,0.06,-0.01
6.83,6.39,3.22,-0.13,0.15,-0.04
6.55,6.20,3.41,-0.12,0.14,-0.06
6.67,6.12,3.61,-0.06,0.16,-0.07
6.59,6.08,3.61,-0.06,0.16,-0.08
6.63,6.28,3.53,0.02,0.11,-0.03
6.63,6.24,3.69,0.04,0.09,0.01
6.67,6.08,3.41,-0.17,0.22,-0.04
6.55,6.00,3.41,-0.02,0.15,-0.07
6.43,6.24,3.37,0.13,0.09,-0.03
6.63,6.32,3.41,0.02,0.11,0.01
6.51,6.35,3.37,-0.05,0.11,0.05
6.59,6.47,3.53,-0.08,0.07,0.05
6.59,6.08,3.45,-0.24,0.10,0.00
6.51,5.65,3.37,-0.23,0.10,-0.03
6.39,5.81,3.26,-0.06,0.07,-0.04
6.39,6.00,3.41,0.10,0.05,-0.03
6.28,5.96,3.41,0.14,0.05,-0.03
6.32,6.04,3.37,0.11,0.07,-0.05
6.39,6.16,3.37,0.10,0.12,-0.05
6.83,6.51,3.53,0.16,0.04,-0.03
6.71,6.39,3.45,0.12,0.02,-0.01
6.51,6.32,3.33,-0.03,0.06,0.01
6.79,6.35,3.61,0.00,0.02,0.00
6.67,6.28,3.53,-0.01,0.04,-0.02
6.59,6.39,3.69,-0.10,0.11,-0.05
6.71,6.24,3.61,-0.23,0.15,-0.08
6.51,6.20,3.80,-0.20,0.12,-0.05
6.47,6.12,3.77,-0.26,0.16,-0.04
6.55,6.51,3.77,-0.46,0.34,-0.03
6.39,5.77,3.88,-0.50,0.28,-0.04
6.20,5.69,4.28,-0.25,0.24,0.00
6.51,6.39,4.28,-0.31,0.36,0.00
6.55,6.39,4.04,-0.57,0.36,-0.03
5.77,5.33,4.08,-0.45,0.17,-0.01
6.24,5.49,4.55,-0.23,0.18,0.02
6.39,6.71,4.51,-0.33,0.21,-0.00
5.92,5.10,4.39,-0.38,0.13,-0.00
6.28,5.57,4.75,-0.23,0.14,0.08
6.20,5.73,4.67,-0.27,0.20,0.05
6.39,6.04,4.94,-0.26,0.16,0.05
6.24,5.22,5.02,-0.25,0.10,0.07
6.24,5.41,4.94,-0.19,0.15,0.07
6.08,5.18,5.02,-0.10,0.12,-0.02
6.24,5.81,4.94,-0.08,0.20,-0.02
6.28,5.53,4.79,-0.14,0.17,-0.09
6.04,5.14,4.86,0.04,0.06,-0.10
6.39,5.45,5.02,0.05,0.05,-0.05
6.08,5.49,5.02,-0.01,0.08,-0.02
6.16,5.18,4.90,0.00,0.05,-0.03
6.35,5.49,5.18,0.13,0.05,0.06
6.47,6.12,5.26,0.11,0.10,0.09
5.96,5.22,5.10,-0.02,0.12,0.06
6.43,5.49,4.98,-0.07,0.15,0.06
6.28,5.26,4.98,-0.03,0.13,0.01
6.32,5.22,5.18,0.12,0.13,-0.01
6.43,5.69,5.10,0.09,0.14,-0.02
6.16,5.41,5.10,0.03,0.14,-0.01
6.16,5.49,4.86,-0.04,0.16,0.02
6.04,5.57,4.82,0.02,0.09,0.08
6.12,5.41,4.94,-0.07,0.15,0.08
6.00,5.26,4.75,-0.06,0.17,0.05
5.84,5.22,4.67,0.09,0.11,-0.03
5.77,5.37,4.67,0.12,0.10,-0.02
5.84,5.41,4.43,0.15,0.18,0.04
6.04,5.30,4.75,0.29,0.12,0.04
6.08,5.18,4.75,0.32,0.10,0.05
6.71,5.37,4.82,0.34,0.09,0.07
6.35,5.45,4.75,0.29,0.00,0.09
6.32,5.65,4.82,0.39,-0.05,0.03
6.47,5.41,4.04,0.34,-0.10,0.02
6.12,5.81,4.39,0.36,-0.14,-0.08
5.84,5.65,4.28,0.31,-0.19,-0.16
6.12,6.00,4.16,0.41,-0.23,-0.22
5.88,5.77,4.08,0.40,-0.24,-0.25
6.08,5.77,4.12,0.61,-0.29,-0.20
6.86,6.39,4.51,0.53,-0.22,-0.07
7.77,6.79,4.12,0.23,-0.11,0.15
6.47,6.98,4.20,-0.14,0.02,0.23
6.51,6.32,4.12,-0.34,0.02,0.09
5.81,5.77,3.53,-0.29,-0.04,0.06
6.16,5.92,3.77,-0.12,-0.11,0.16
6.71,6.04,3.22,-0.08,-0.10,0.05
5.69,5.69,3.45,0.12,-0.16,-0.11
6.51,6.12,3.80,0.25,-0.20,-0.10
7.14,6.55,3.96,0.12,-0.18,-0.05
7.26,6.59,4.24,-0.02,-0.16,-0.02
6.63,5.84,4.16,-0.09,-0.10,-0.08
5.57,5.26,3.96,0.01,0.02,-0.14
6.51,6.55,4.08,-0.01,0.06,-0.15
6.63,6.00,3.88,-0.03,-0.01,-0.10
6.83,6.63,3.37,-0.14,0.13,-0.08
6.28,5.81,3.69,-0.25,0.13,0.01
6.94,5.84,3.73,-0.03,0.04,0.14
6.75,6.20,3.22,-0.09,0.18,0.18
6.16,6.24,2.94,-0.07,0.20,0.12
6.98,6.75,3.18,0.20,0.11,-0.03
8.83,7.22,5.96,0.24,0.13,-0.04
5.77,6.79,3.10,0.30,0.13,-0.15
6.63,6.24,4.75,0.52,-0.03,-0.03
7.14,7.57,3.22,0.24,-0.06,0.00
6.55,6.43,3.22,-0.02,0.07,-0.01
6.67,5.96,2.55,-0.10,0.03,0.04
6.67,6.04,3.30,0.13,-0.07,0.21
7.02,6.47,3.45,0.04,-0.03,0.26
6.67,5.92,3.10,-0.01,0.02,0.08
6.59,5.81,3.30,-0.02,-0.02,-0.03
6.94,5.92,3.18,0.02,-0.07,0.03
7.02,6.59,3.30,0.06,-0.11,0.19
6.86,6.28,3.45,-0.01,-0.10,0.23
7.06,6.16,3.53,-0.11,-0.02,0.20
7.02,5.73,3.33,-0.18,0.06,0.11
7.26,5.57,3.69,-0.13,0.05,0.07
6.98,7.96,1.88,-0.13,0.05,0.09
7.26,9.02,0.71,-0.21,0.07,0.11
7.22,8.51,1.22,-0.32,0.18,0.03
7.26,6.94,2.39,-0.22,0.09,-0.05
7.10,5.84,3.73,-0.22,0.04,-0.04
6.67,4.90,3.88,-0.42,0.21,-0.11
6.79,5.26,3.61,-0.49,0.25,-0.24
6.67,5.26,3.37,-0.20,0.10,-0.32
6.59,5.18,3.61,0.30,-0.12,-0.36
6.24,5.45,3.33,0.54,-0.18,-0.31
2.24,12.43,0.39,0.57,-0.02,-0.34
6.35,7.57,2.71,0.64,-0.06,-0.38
7.18,6.71,2.98,1.03,-0.12,-0.55
7.02,8.12,2.12,0.64,0.28,-0.88
5.69,6.79,2.16,0.61,0.23,-0.94
6.12,7.34,1.88,1.39,-0.09,-0.76
4.00,7.73,3.45,1.63,-0.08,-0.83
4.43,6.75,1.73,1.56,0.17,-1.29
4.79,8.20,0.59,2.46,-0.07,-0.88
5.53,10.71,1.92,2.73,-0.09,-0.71
3.80,5.02,5.49,1.97,0.28,-0.74
5.53,7.49,1.06,1.06,0.47,-0.29
4.94,7.14,0.20,0.91,0.40,-0.68
5.65,8.98,2.59,0.91,0.19,-0.39
2.75,7.30,0.75,0.71,0.01,-0.32
4.20,6.98,-0.51,0.49,-0.01,-0.95
5.33,9.92,-2.04,0.47,-0.04,-1.07
3.88,8.36,-0.78,0.50,-0.41,-1.30
3.80,9.69,-2.12,0.84,-0.43,-1.95
2.16,9.38,-2.12,0.24,-0.22,-2.35
1.45,11.41,-1.53,-0.26,-0.04,-1.58
0.86,10.16,-1.49,-0.48,0.08,-1.13
3.02,7.37,-1.65,0.29,0.13,-1.05
0.16,10.98,-0.27,0.48,-0.04,-1.62
3.80,13.69,-3.65,-0.78,-0.07,-1.90
0.51,9.81,-0.31,-1.19,-0.23,-1.12
0.51,9.30,0.16,-1.44,-0.21,-0.51
0.31,10.16,-0.12,-1.33,-0.01,-0.42
-0.94,10.32,-0.90,-0.93,0.01,0.13
2.20,9.10,-0.39,0.41,-0.14,0.20
-0.86,9.45,-0.47,0.85,-0.22,0.02
10.24,3.06,-2.39,-0.16,0.18,-0.80
0.51,17.10,-8.16,-0.12,-0.03,-0.07
0.35,6.39,0.98,0.02,-0.21,-0.22
0.12,11.77,-2.43,0.75,-0.21,-0.63
-0.67,11.92,0.31,0.45,0.04,-1.43
-1.22,9.92,-0.43,0.74,-0.14,-1.13
-1.73,9.02,0.12,1.46,-0.26,-1.07
-0.94,7.69,-1.06,0.86,-0.44,-1.65
-2.28,6.75,-2.59,1.33,-0.18,-1.15
-1.65,10.16,-2.28,1.66,-0.03,-0.78
-3.33,11.65,-0.47,1.38,-0.09,-0.22
-3.22,8.75,-2.16,0.49,-0.32,-0.37
-2.00,7.73,-2.31,0.34,-0.36,0.32
-2.79,10.59,2.04,0.12,-0.08,0.64
-2.08,11.18,-0.98,-1.24,0.10,1.21
-1.65,8.67,-3.80,-1.43,0.19,1.44
-1.92,11.06,-3.10,-0.17,0.62,1.67
-1.37,11.49,-2.12,-0.56,0.76,1.42
-1.77,10.51,-2.67,-0.23,0.95,1.39
0.24,11.65,-0.71,-0.41,0.84,0.61
-2.55,9.45,-3.22,-0.63,1.00,0.06
-2.47,9.34,-4.98,-0.07,0.86,0.47
-0.43,9.73,-2.20,0.85,0.83,-0.00
-1.57,12.04,-2.86,1.06,0.96,-0.85
2.67,12.43,-2.75,0.14,0.38,0.18
-1.02,12.36,-3.41,-0.20,0.28,0.70
0.59,10.59,-1.57,0.15,0.29,-0.14
0.08,10.00,-1.18,-0.44,0.41,0.50
0.67,10.00,-2.79,-0.72,0.23,0.67
0.27,9.92,-3.45,-0.97,-0.14,-0.17
-0.12,11.06,-0.47,-1.05,-0.63,-0.09
1.26,10.12,-1.33,-0.93,-0.39,0.23
1.45,9.73,-1.61,-0.91,-0.11,-0.49
-1.77,8.63,-1.69,-0.64,0.69,-1.01
-0.71,8.43,-1.53,-0.44,-0.14,-0.74
-0.98,11.06,0.16,0.10,-0.43,-0.48
0.71,10.59,-0.12,-0.80,-0.69,-0.62
-1.14,9.38,0.47,-0.81,-0.42,-0.20
-1.33,10.08,0.35,-0.24,-0.01,0.24
-0.78,10.43,0.67,-0.28,0.07,-0.04
-2.75,9.26,-0.98,-0.35,0.13,-0.08
1.65,10.87,0.71,-0.09,0.15,-0.17
0.59,11.10,0.43,-0.29,0.70,0.43
-0.75,10.24,0.12,-0.79,0.39,0.33
-2.28,11.53,0.43,-0.77,0.08,0.35
-0.82,10.59,0.98,-0.95,-0.29,-0.04
-0.71,9.41,1.69,-0.58,-0.48,0.13
0.43,8.79,0.51,-0.19,-0.38,-0.19
-0.94,10.83,2.12,0.56,-0.02,-0.01
0.12,9.73,0.71,0.68,0.02,0.06
-1.96,11.34,0.98,1.04,0.10,-0.10
-1.29,10.59,0.31,1.09,0.19,-0.56
-0.90,10.20,-0.20,0.68,0.16,-0.66
-1.29,10.08,-0.20,0.47,0.12,-0.86
0.20,9.18,-0.59,0.17,-0.05,-0.66
-1.53,10.36,1.06,-0.11,0.20,-0.32
-0.90,9.41,0.55,-0.33,0.19,-0.24
-1.65,9.22,0.20,-0.21,0.17,0.00
-1.53,9.49,-0.35,-0.07,0.13,-0.08
-1.88,9.81,-0.39,0.22,0.02,-0.07
-1.37,9.38,-0.35,0.20,-0.03,-0.23
-2.59,10.36,-0.67,1.06,-0.14,-0.07
-1.57,10.55,-0.31,1.58,-0.37,-0.18
-0.51,10.20,-0.86,1.03,-0.24,-0.30
-1.77,10.40,-0.59,0.49,0.18,0.04
-0.90,9.34,-0.47,0.24,0.30,0.26
-2.51,10.20,-1.14,0.29,0.18,0.52
-2.24,10.08,-1.73,0.11,0.06,0.08
-1.33,9.81,-2.24,0.31,-0.01,-0.16
-0.67,8.28,-2.00,0.59,-0.07,-0.20
-1.80,10.47,-1.18,0.47,0.09,-0.19
-2.12,10.47,-1.22,0.29,0.09,-0.48
-1.96,9.34,-2.71,-0.17,-0.10,-0.64
-3.33,10.24,-3.37,-0.08,-0.17,-0.85
-3.96,11.06,-1.61,0.10,-0.53,-1.58
-2.55,10.67,-1.33,-0.66,-0.85,-2.11
-2.20,9.10,-1.57,-1.31,-0.71,-1.96
-3.33,8.67,0.59,-0.60,-0.28,-0.63
-3.26,9.96,1.33,-0.82,-0.29,-0.16
-3.02,7.45,0.00,-1.33,-0.68,0.02
-3.06,6.51,-0.59,-0.06,-0.46,0.24
-4.67,8.39,-0.47,0.87,-0.29,-0.02
-4.75,9.81,-0.71,1.16,-0.05,-0.13
-3.26,10.63,0.75,0.80,0.34,0.07
-2.47,10.63,0.39,0.46,0.74,0.40
-3.57,10.32,-0.98,-0.08,1.10,1.12
-3.69,10.51,-1.65,-0.19,0.53,1.35
-3.41,9.73,-2.86,-0.35,0.10,0.86
-2.98,8.20,-2.82,-0.03,-0.15,0.28
-2.04,9.85,-2.43,1.03,0.12,0.07
-1.41,10.36,-1.49,1.00,0.33,-0.01
-2.55,10.36,-2.00,0.55,0.51,0.14
-3.18,10.20,-0.67,0.50,0.92,0.11
-3.92,10.83,-1.10,0.31,0.57,0.15
-1.53,9.14,-3.14,-0.10,0.06,0.15
-2.24,9.22,-2.28,-0.22,0.20,0.22
-2.55,9.06,-1.53,-0.12,0.75,0.06
-3.49,10.32,-0.24,0.35,0.57,0.40
-1.65,9.18,-2.71,0.23,-0.30,1.30
-2.63,6.83,-4.35,0.01,-0.79,1.75
-1.29,8.87,-5.45,0.50,-1.54,1.61
1.77,13.34,-0.51,0.84,-0.69,0.34
4.51,8.51,-2.59,-1.12,-1.12,0.23
2.51,11.02,-5.37,-2.68,-1.55,1.98
2.82,-13.85,13.42,-2.94,-0.88,4.05
-7.73,4.00,8.87,-2.50,0.27,2.08
4.51,2.16,2.35,-1.01,1.55,-0.62
3.41,7.77,-0.27,1.84,3.56,-2.51
-4.31,12.87,3.45,0.91,3.14,-2.30
-3.49,12.43,-1.77,0.51,0.33,-1.29
-1.41,10.20,-0.43,-0.20,-1.04,-0.63
-1.77,8.75,-1.80,0.94,-1.15,0.02
0.31,10.24,-1.45,1.71,1.10,-0.29
-1.92,12.32,-0.27,0.62,1.22,-0.78
-1.33,11.18,-2.08,0.19,0.65,-0.24
-2.04,10.83,-0.55,-0.05,0.60,0.34
-1.77,9.02,-1.26,-1.00,-0.55,0.58
-0.78,8.90,-2.24,-0.75,-0.96,0.69
0.08,9.92,0.24,-0.74,-1.15,0.39
-0.63,10.04,-0.39,-0.36,-0.18,-0.06
0.63,9.85,0.59,-0.78,-0.39,-0.24
-0.35,7.57,-1.18,-1.08,-0.51,0.05
-0.98,11.06,-0.90,-0.57,-0.74,0.44
-2.12,12.12,0.51,-0.56,-0.66,0.05
-1.92,10.94,-0.63,-0.44,-0.98,-0.67
2.12,10.47,-1.57,-0.31,-1.31,-0.64
-0.75,9.53,-1.88,-0.12,-0.57,0.01
0.55,10.83,-0.20,-0.03,-0.10,0.32
-1.14,9.34,1.92,-0.25,0.15,0.26
-0.59,9.89,2.35,-0.26,0.37,0.30
-0.55,9.81,0.59,0.00,0.55,0.31
-3.30,9.45,-0.94,0.06,0.64,0.13
-1.69,9.73,-0.47,0.67,0.14,-0.22
0.43,10.87,0.12,1.02,0.20,-0.45
-1.14,10.79,0.51,0.80,0.52,-0.49
-1.18,9.65,0.35,0.35,1.02,-0.33
-1.29,10.00,-0.51,0.32,1.19,-0.09
-1.96,10.28,0.35,0.43,1.26,-0.13
-2.75,10.51,0.24,0.39,0.69,-0.18
-2.12,9.89,0.04,0.34,0.36,-0.59
-1.61,9.92,0.04,0.51,0.23,-0.41
-2.67,10.28,-1.41,1.07,0.40,-0.04
-0.63,10.83,-1.88,1.57,0.31,0.31
0.20,9.49,-2.63,1.35,0.24,0.29
-0.43,9.30,-2.75,0.88,-0.04,0.21
-1.10,10.24,-1.96,0.93,0.01,0.48
0.04,9.89,-2.35,0.89,-0.10,0.46
0.51,9.69,-3.41,0.30,0.04,0.39
0.04,9.73,-3.69,0.62,0.25,0.20
0.12,10.87,-3.18,0.38,-0.02,0.18
-0.94,10.12,-3.18,-0.41,0.05,0.26
-0.63,9.45,-2.79,0.14,-0.17,0.34
0.94,9.10,-3.14,0.39,-0.44,0.07
0.24,9.57,-3.02,0.35,-0.29,-0.18
0.12,9.45,-3.30,-0.25,0.17,-0.36
-0.43,9.41,-3.69,-0.19,0.20,0.19
0.35,8.47,-4.35,0.25,0.18,0.36
-0.39,8.87,-3.26,0.36,0.33,0.03
-0.82,10.12,-4.39,-0.15,0.80,-0.88
-0.59,9.41,-3.33,0.01,0.97,-1.13
-0.78,9.89,-3.26,-0.61,0.39,-0.89
-1.57,8.90,-2.51,-0.54,0.14,-0.61
-0.71,9.57,-1.10,-0.28,0.02,-0.61
-0.75,11.38,-1.65,-0.10,-0.24,-0.13
-0.47,10.32,-1.84,-0.48,-0.50,0.12
-1.37,10.47,-0.35,-0.59,-0.48,0.08
-2.86,8.79,-2.04,-0.81,-0.15,0.02
-4.43,9.14,-4.35,-0.36,0.24,-0.76
-0.20,9.73,-3.69,0.38,0.09,-1.50
-2.51,10.24,-3.53,-0.19,0.51,-1.85
-4.08,11.10,-1.65,0.26,0.54,-0.68
-3.37,11.65,-0.12,-0.05,0.13,0.06
0.35,9.34,-1.41,-1.70,-1.10,0.80
0.59,12.51,0.43,-2.18,-0.35,0.96
-3.26,9.22,-2.39,-2.23,0.67,0.86
-2.82,8.98,-0.31,-2.20,0.24,0.75
-1.26,10.51,1.02,-1.14,-0.07,0.34
-1.10,10.20,-0.86,-0.72,0.23,0.17
-1.18,10.47,-0.98,-0.84,0.55,-0.01
-13.77,6.94,0.04,0.02,0.94,0.01
-1.65,9.45,-1.53,1.71,1.97,-3.06
-6.24,5.33,-0.24,3.85,0.90,-2.77
0.86,8.16,-2.12,3.86,0.18,-1.30
-0.08,10.43,1.96,2.01,0.39,-0.41
-0.67,10.32,-0.35,0.25,0.37,0.55
-6.20,9.49,0.98,-0.02,-0.14,1.53
-0.94,11.77,-0.51,0.17,-0.28,1.81
-1.37,10.90,-1.14,-0.67,0.18,2.01
0.63,11.06,-4.82,-1.11,0.28,1.86
-3.06,13.26,-1.26,-1.40,0.19,1.67
-1.45,11.45,-2.28,-0.75,0.59,1.06
-6.16,8.98,-1.10,-0.30,1.49,0.21
-0.35,7.77,-3.61,-0.26,0.48,0.16
0.55,13.14,2.63,-0.82,-1.03,1.46
2.43,7.02,-3.18,-0.95,-2.14,1.88
-1.49,9.53,-3.30,-0.55,0.40,2.00
0.67,10.08,0.12,-0.90,0.23,1.57
2.47,10.59,2.51,-0.95,-0.91,1.79
0.94,9.69,0.47,-0.50,-1.40,1.71
2.82,8.51,-0.67,-0.40,-1.87,1.44
3.88,9.18,0.20,-0.20,-1.93,0.53
4.94,7.37,-0.20,0.18,-0.79,0.26
2.35,8.83,-1.88,-0.27,-0.50,1.30
3.37,9.06,0.27,-0.37,-0.57,1.03
3.41,11.02,0.35,0.85,-0.36,1.87
4.51,10.43,-2.98,1.23,-0.03,1.48
7.65,7.53,-3.61,0.23,0.87,0.11
4.55,9.34,0.59,-1.42,1.77,-1.17
1.57,10.32,1.69,-1.90,0.92,-0.43
3.41,9.53,0.55,-1.27,0.17,0.78
5.53,7.92,0.67,-0.68,0.26,1.19
6.47,8.67,0.63,-0.97,0.36,1.36
4.79,8.47,1.37,-1.15,0.16,1.10
4.12,10.00,3.49,-1.27,-0.22,0.27
4.86,8.94,2.79,-2.29,-2.27,1.00
4.31,7.14,1.37,-2.27,-2.93,1.96
9.57,8.63,-0.35,-1.99,-1.62,0.89
11.49,7.30,-1.73,-2.19,0.39,0.35
6.59,7.18,2.24,-2.43,1.76,-0.10
4.28,6.79,4.00,-2.55,2.82,-1.52
7.85,6.75,3.37,-1.84,1.77,-0.67
7.10,5.65,4.08,-1.73,1.41,0.12
4.94,4.55,6.39,-1.95,1.59,-0.05
4.71,4.63,6.35,-1.56,1.74,0.26
-0.47,7.85,3.84,-1.67,1.59,0.32
3.26,7.02,6.90,-1.43,-0.77,-0.41
5.84,4.35,7.02,-2.05,-0.93,-1.23
5.02,2.59,7.14,-2.08,0.30,-0.26
3.53,3.37,6.79,-1.25,0.37,0.48
2.47,4.43,6.75,-0.79,0.13,0.25
4.86,4.04,6.55,-0.86,-0.31,-0.13
5.69,2.67,6.55,-0.82,-0.24,-0.28
5.06,2.51,6.79,-0.53,0.06,0.02
4.31,3.06,7.14,-0.20,0.21,0.24
4.31,3.10,7.26,0.01,0.05,0.37
4.55,3.06,7.14,0.15,-0.31,0.74
4.71,3.18,7.26,0.20,-0.62,0.74
5.49,3.84,7.22,0.19,-0.60,0.52
6.28,2.86,7.14,-0.05,-0.11,-0.12
4.63,2.55,7.30,-0.11,0.30,-0.13
4.04,2.94,7.37,0.04,0.06,0.14
4.71,2.94,7.45,0.08,-0.39,0.31
6.00,2.86,7.22,0.14,-0.41,0.44
6.04,3.18,7.10,0.14,-0.13,0.24
5.57,3.33,7.22,0.12,0.02,-0.04
5.14,3.33,7.45,-0.13,-0.01,0.10
5.41,2.55,7.61,-0.23,0.15,-0.02
5.61,2.16,7.41,-0.20,0.19,-0.12
5.06,2.35,7.26,-0.09,0.17,0.10
5.10,2.35,7.34,-0.05,0.06,0.18
5.45,2.28,7.37,-0.03,0.10,0.05
5.37,2.94,7.81,-0.06,0.21,-0.06
5.10,3.02,7.73,-0.14,0.28,0.13
5.18,2.39,7.41,-0.26,0.26,0.07
5.41,2.39,7.45,-0.15,0.13,0.07
5.49,2.35,7.61,-0.14,0.17,-0.02
4.86,2.24,7.53,-0.20,0.28,-0.05
5.06,2.08,7.81,-0.10,0.13,-0.02
5.57,2.43,7.65,-0.08,0.30,-0.00
4.79,2.55,7.77,-0.23,0.48,-0.06
4.94,2.35,7.61,-0.27,0.49,-0.21
4.82,2.12,7.92,-0.29,0.46,-0.27
4.67,1.61,7.88,-0.24,0.44,-0.12
4.16,1.92,8.08,-0.09,0.45,0.03
4.24,2.12,8.00,-0.08,0.17,0.04
4.55,1.92,7.88,-0.05,0.00,0.03
4.67,2.20,7.92,-0.03,0.07,-0.05
4.24,2.35,8.12,-0.05,0.22,-0.15
3.92,1.92,8.12,-0.08,0.17,-0.17
4.16,1.84,8.16,-0.03,0.01,-0.02
4.55,1.84,8.20,0.02,-0.02,0.07
4.31,2.20,8.28,0.02,0.07,0.00
4.31,1.96,8.00,-0.06,0.07,-0.06
4.28,1.88,8.32,-0.06,-0.01,-0.01
4.39,1.88,8.12,-0.02,-0.01,0.06
4.55,2.20,8.08,-0.04,0.12,-0.02
4.24,2.16,8.16,-0.14,0.18,-0.11
4.47,1.73,8.04,-0.12,0.09,-0.04
4.51,1.88,8.24,-0.06,0.06,-0.04
4.35,1.92,8.12,-0.04,0.15,-0.05
4.08,2.04,8.39,-0.07,0.16,-0.08
4.12,1.77,8.36,-0.10,0.12,-0.06
4.20,1.88,8.24,-0.02,0.02,0.05
4.51,2.12,8.20,-0.00,0.04,0.08
4.75,1.92,8.16,-0.04,0.12,-0.04
4.12,1.92,8.24,-0.05,0.21,-0.13
3.84,1.69,8.12,-0.04,0.15,-0.02
4.35,1.65,8.12,0.02,0.06,0.07
4.47,2.04,8.28,0.05,0.15,0.02
4.16,2.00,8.28,0.01,0.22,-0.05
3.96,1.65,8.16,0.02,0.17,-0.03
4.39,1.73,8.47,0.12,0.09,0.10
3.96,2.16,8.51,0.12,0.08,0.07
3.61,1.69,8.43,-0.02,0.08,0.09
4.31,1.41,8.32,-0.01,0.00,-0.05
4.39,2.04,8.51,0.07,0.02,0.03
4.04,2.20,8.51,-0.01,0.07,-0.06
3.73,1.49,8.20,-0.09,-0.03,-0.11
4.86,1.61,8.43,0.04,-0.13,-0.01
4.28,2.51,8.55,0.03,-0.01,0.11
3.84,1.84,7.92,-0.15,0.06,-0.14
4.79,1.57,8.00,-0.11,0.03,-0.17
4.90,1.92,8.28,-0.01,0.09,-0.02
3.80,2.00,8.28,-0.01,0.21,-0.13
4.00,1.53,8.20,-0.05,0.11,-0.15
4.08,1.49,8.24,0.01,0.11,-0.07
4.16,1.61,8.16,0.06,0.09,0.07
3.92,2.08,8.08,0.10,0.13,0.02
4.39,2.16,8.39,0.04,0.17,-0.00
4.04,1.80,8.00,-0.02,0.23,-0.04
3.88,1.88,8.08,0.01,0.14,0.00
4.16,2.20,8.20,0.07,0.07,0.04
4.12,1.61,8.32,0.05,0.09,-0.04
4.28,1.92,8.32,0.16,0.07,0.10
4.00,2.79,8.43,0.15,0.09,0.10
4.12,1.88,8.24,0.01,0.11,-0.04
4.24,1.49,8.12,0.18,0.07,0.03
3.88,2.00,8.32,0.35,0.01,0.21
3.73,2.67,8.51,0.37,-0.19,0.17
4.75,1.77,8.32,0.35,-0.30,0.14
4.31,2.24,8.00,0.42,-0.08,0.12
4.51,2.24,7.85,0.44,-0.04,0.17
4.63,2.51,7.88,0.42,0.01,0.11
4.71,2.63,7.88,0.41,0.06,0.03
4.47,2.98,8.04,0.35,0.14,-0.04
4.43,3.53,8.24,0.16,0.14,0.05
4.28,3.02,8.08,0.06,0.14,0.06
4.43,2.75,8.36,-0.00,0.11,0.00
4.24,2.59,7.92,-0.03,0.09,-0.03
4.12,2.55,7.85,-0.00,0.03,0.02
4.63,2.79,7.92,0.10,-0.01,0.12
4.59,2.90,7.92,0.09,0.04,0.09
3.92,3.26,7.88,0.05,-0.00,0.14
4.75,2.51,7.77,-0.05,-0.13,0.07
4.79,2.31,7.81,0.00,0.03,0.04
4.43,2.71,7.96,0.06,0.08,0.05
4.28,3.14,7.96,0.05,0.04,0.11
4.82,2.67,7.88,-0.01,-0.08,0.10
4.90,2.71,7.92,-0.00,-0.01,0.11
4.71,2.59,7.92,-0.01,0.03,0.04
4.43,2.59,7.69,-0.02,-0.08,0.11
4.98,2.35,7.81,-0.02,-0.19,0.21
4.79,2.55,7.69,0.06,-0.07,0.22
5.02,2.67,7.85,0.07,-0.04,0.13
4.79,2.90,7.77,0.02,0.01,0.08
4.79,2.47,7.69,-0.06,0.01,0.02
4.94,2.31,7.57,0.03,-0.05,0.12
5.02,2.75,7.69,0.08,-0.05,0.21
4.90,2.79,7.65,0.05,-0.01,0.10
5.10,2.59,7.61,0.01,-0.01,-0.04
5.18,2.35,7.57,0.02,0.04,-0.02
4.94,2.55,7.65,0.05,0.05,0.04
4.94,2.67,7.73,0.02,0.08,-0.06
4.94,2.43,7.61,0.02,0.08,-0.12
4.75,2.55,7.65,0.08,0.03,0.06
4.98,2.51,7.53,0.10,-0.11,0.11
5.37,2.67,7.77,0.10,0.07,0.07
4.86,2.63,7.53,0.06,0.08,-0.02
5.10,1.84,7.30,0.19,-0.01,0.01
4.47,1.37,6.86,0.45,-0.13,0.23
5.37,2.47,6.94,1.04,-0.76,0.68
6.35,2.47,6.28,1.35,-1.08,1.07
5.02,1.49,5.41,1.91,-1.63,1.11
6.71,2.98,6.00,2.39,-2.11,1.29
7.65,4.12,4.90,2.47,-2.02,1.91
7.45,3.57,4.24,2.24,-1.90,1.35
8.47,4.71,3.73,2.14,-2.10,1.19
9.53,5.02,3.10,1.66,-2.39,1.51
10.20,3.77,2.51,1.09,-1.83,0.99
10.20,4.55,2.35,0.69,-1.19,0.79
9.18,3.92,1.92,-0.02,-0.39,0.39
8.08,2.12,1.73,-0.36,-0.36,-0.04
8.59,1.61,1.65,-0.13,-0.66,0.02
9.10,1.88,1.33,0.18,-0.84,0.57
9.45,2.43,1.22,0.31,-0.61,0.71
9.22,2.63,1.02,0.19,-0.36,0.63
9.41,2.04,0.94,0.01,-0.37,0.43
9.53,1.80,0.63,0.03,-0.37,0.56
9.26,1.92,0.31,0.06,-0.50,0.68
9.30,8.75,-1.84,0.12,-0.24,0.66
8.47,4.47,-1.80,-0.04,-0.25,0.39
9.53,1.92,-0.59,-0.05,-0.11,0.03
9.92,1.06,0.31,0.00,-0.05,0.04
9.10,0.71,0.51,0.09,-0.07,0.25
9.73,0.59,0.55,0.14,-0.07,0.01
9.77,1.69,0.24,0.07,-0.09,0.14
9.73,1.10,-0.08,-0.08,-0.03,-0.07
8.87,1.10,0.35,0.03,0.14,-0.06
9.77,1.10,0.35,0.14,-0.02,0.12
9.49,1.45,0.20,0.08,-0.03,0.16
9.61,0.63,-0.20,0.01,-0.00,0.08
9.49,0.47,-0.24,0.20,-0.05,0.01
14.91,-1.06,-2.00,0.38,-0.76,0.08
8.67,0.51,-1.22,0.32,-0.01,0.38
10.55,0.55,0.31,0.03,-0.25,0.12
9.81,0.55,-0.75,-0.18,-0.15,0.02
9.85,0.71,-1.06,-0.08,0.00,-0.33
9.61,0.59,-0.98,0.18,-0.10,-0.14
9.89,0.12,-0.47,0.39,-0.40,0.21
9.73,0.63,-0.39,0.38,-0.38,0.23
9.81,0.08,-0.94,0.24,-0.29,0.15
9.65,0.67,-0.86,0.31,-0.26,0.15
9.69,1.33,-0.86,0.21,-0.14,0.29
9.69,1.33,-2.12,0.18,0.04,0.36
9.73,0.43,-1.65,0.08,0.02,0.20
9.73,0.47,-1.22,0.10,0.08,0.23
9.57,0.47,-1.61,0.14,0.05,0.35
9.65,-0.43,-1.10,0.23,-0.07,0.32
9.65,0.35,-0.55,0.19,-0.18,0.35
9.77,-0.12,-0.86,0.04,-0.09,0.36
9.53,-0.63,-1.65,-0.03,0.01,0.25
9.53,0.27,-1.29,0.16,-0.05,0.26
14.95,-7.73,2.43,-0.12,-0.71,0.27
9.26,-1.69,-1.29,-0.08,0.29,-0.23
10.00,-0.20,-1.88,0.31,-0.07,-0.01
9.41,1.61,-2.31,0.37,-0.04,0.31
9.81,0.08,-2.43,0.15,0.06,-0.11
9.22,-0.24,-1.22,0.24,0.05,0.04
8.83,-0.12,-1.69,0.38,0.27,0.07
9.45,0.31,-1.80,0.19,-0.20,0.06
9.77,-1.18,-1.61,0.05,-0.04,-0.23
9.18,0.63,-1.77,0.13,-0.06,-0.04
10.20,1.53,-1.96,-0.24,-0.29,-0.23
10.00,-1.65,-2.12,-0.08,-0.04,-0.33
9.69,-1.57,-2.39,0.49,-0.09,0.22
9.06,0.82,-1.92,0.60,-0.21,0.53
10.28,-1.37,-1.37,0.52,-0.09,0.09
8.98,-0.43,-1.22,0.53,0.16,0.03
8.55,0.75,-2.20,0.22,0.29,0.05
8.87,-2.43,-1.88,-0.08,0.04,-0.25
11.77,-0.75,-1.77,0.52,-0.34,0.21
9.69,0.63,-1.41,0.61,-0.25,0.32
9.53,-0.24,-1.10,0.01,-0.12,-0.06
10.00,-2.31,-1.92,0.08,0.20,-0.04
10.04,1.14,-2.55,0.39,0.25,0.16
8.98,-0.67,-2.31,-0.10,0.22,-0.08
9.14,-1.65,-1.61,-0.16,0.16,-0.12
9.34,-0.94,-1.37,-0.05,0.22,-0.13
9.18,-0.27,-2.67,-0.03,0.27,0.01
9.92,-0.43,-3.06,0.06,-0.04,0.35
8.47,-1.96,-1.73,0.20,0.04,0.32
7.18,-3.14,-0.51,0.19,0.21,-0.70
6.24,-1.65,-1.29,0.45,-0.41,-0.66
7.73,-0.67,-2.55,0.90,-0.77,-0.18
9.30,0.75,-3.14,0.89,-1.42,-0.66
10.87,0.27,-2.35,0.54,-0.63,-1.77
9.65,0.90,-2.55,-0.05,0.79,-2.55
6.71,0.39,-2.35,-0.27,1.62,-2.78
8.71,1.18,-2.39,0.67,0.77,-2.18
8.28,1.84,-2.90,1.50,0.48,-2.06
8.12,4.12,-2.90,1.68,0.80,-2.31
7.96,5.33,-3.30,1.49,0.14,-1.61
8.08,4.90,-3.88,1.57,-0.33,-2.14
10.16,5.45,-3.88,1.63,-0.18,-2.44
8.20,6.28,-2.79,1.09,0.10,-1.56
8.12,7.14,-3.49,0.65,-0.27,-1.87
8.75,8.20,-3.61,0.31,-0.24,-2.68
7.88,9.30,-3.14,-0.16,-0.06,-3.58
6.63,8.16,-2.35,-0.88,0.50,-3.51
5.61,8.59,-2.31,-1.05,0.50,-3.64
4.90,9.73,-1.88,-1.03,-0.01,-2.78
3.88,8.20,-2.12,-0.82,-0.17,-2.14
4.16,9.10,-1.49,-0.44,-0.24,-1.45
2.86,10.47,-1.57,-0.18,0.12,-0.79
2.94,11.73,-1.37,-0.31,-0.02,-0.44
2.24,10.00,-2.16,-0.40,-0.24,-0.27
2.98,8.24,-1.92,-0.34,-0.45,-0.56
3.22,8.59,-1.29,-0.19,-0.39,-0.23
2.51,9.30,-1.18,-0.13,-0.02,-0.06
1.45,10.24,-0.94,-0.23,0.20,-0.42
1.92,10.04,-0.90,-0.45,-0.09,-0.81
2.35,9.85,-0.86,-0.46,-0.17,-0.64
1.73,9.45,-1.14,-0.12,-0.11,-0.15
2.08,10.16,-1.14,0.13,-0.30,0.02
2.98,10.63,-1.41,0.20,-0.32,-0.04
2.90,10.71,-1.10,0.19,-0.26,0.14
2.39,10.79,-1.18,0.02,-0.01,0.14
2.35,10.24,-1.06,-0.20,0.01,-0.02
2.86,9.30,-1.18,-0.27,-0.08,-0.04
2.63,8.94,-1.18,-0.08,0.02,0.16
2.51,9.53,-1.02,0.09,0.03,0.30
2.63,9.89,-1.18,0.07,0.06,0.22
2.55,10.04,-1.10,-0.03,0.06,0.09
2.47,9.53,-1.18,-0.11,0.04,0.04
2.28,9.49,-0.86,-0.09,0.06,0.04
2.04,9.30,-0.86,-0.09,-0.03,0.03
2.63,9.34,-1.02,-0.00,-0.03,0.05
2.71,9.53,-1.02,0.04,0.06,0.05
2.12,9.89,-0.98,-0.01,0.12,0.02
2.43,9.77,-0.98,-0.05,0.02,-0.03
2.55,9.77,-1.10,-0.04,0.05,-0.01
2.35,9.77,-1.26,-0.07,0.10,-0.04
2.20,9.53,-1.06,-0.06,0.02,-0.03
2.43,9.53,-1.29,-0.04,-0.02,-0.02
2.59,9.92,-1.45,0.03,-0.00,0.05
2.67,10.12,-1.33,0.03,0.06,0.03
2.39,9.96,-1.29,-0.04,0.07,0.02
2.51,9.69,-1.37,-0.12,0.10,-0.03
2.59,9.38,-1.33,-0.02,0.08,-0.00
2.43,9.92,-1.22,0.05,0.10,0.09
2.59,10.00,-1.18,-0.06,0.10,0.07
2.51,9.65,-1.26,-0.13,0.12,-0.04
2.55,9.81,-1.14,-0.09,0.11,0.07
2.47,9.89,-1.10,-0.11,0.12,0.08
2.51,9.73,-1.22,-0.17,0.14,0.03
2.51,9.57,-1.26,-0.20,0.14,-0.01
2.28,9.81,-1.33,-0.16,0.17,0.03
2.47,10.08,-0.94,-0.15,0.16,0.09
2.20,9.92,-0.98,-0.23,0.19,0.09
2.31,9.10,-0.90,-0.37,0.23,-0.07
2.43,8.71,-0.94,-0.26,0.23,0.01
2.55,10.00,-0.59,-0.17,0.19,0.11
2.55,10.20,-0.55,-0.40,0.24,-0.02
2.71,9.96,-0.27,-0.68,0.36,-0.19
2.04,9.89,-0.20,-0.90,0.47,-0.32
