-4.59,3.06,8.16,-0.35,1.18,-0.81
-3.30,2.90,7.88,0.15,0.23,0.01
-4.59,2.86,7.81,0.03,-0.01,0.19
-4.04,3.45,7.88,-0.10,-0.01,0.54
-3.88,3.57,7.77,-0.06,-0.13,0.56
-3.84,3.06,8.16,0.08,0.24,-0.40
-3.92,3.84,8.51,0.07,0.32,-0.48
-3.92,3.26,7.92,0.07,0.28,-0.30
-4.63,3.61,8.00,0.08,0.10,-0.04
-4.51,3.33,8.28,0.04,0.14,0.02
-4.20,2.71,8.08,-0.07,0.07,0.03
-4.28,3.18,8.32,-0.02,0.12,-0.03
-4.55,3.06,8.32,0.00,0.01,-0.19
-4.43,3.22,8.24,0.07,0.19,-0.26
-4.82,3.41,8.00,-0.06,0.07,0.02
-4.16,3.18,8.32,0.01,0.15,-0.40
-5.57,3.69,8.24,-0.17,0.02,-0.16
-4.28,3.02,7.96,-0.07,0.01,0.05
-4.94,2.86,8.59,-0.22,-0.03,0.13
-4.86,3.61,8.63,-0.40,-0.01,0.15
-4.12,2.47,8.36,-0.41,0.07,-0.13
-3.65,2.59,8.39,-0.26,0.26,-0.59
-5.10,1.73,7.88,-0.38,0.27,-0.49
-4.00,1.33,8.16,-0.20,0.73,-1.20
-4.94,1.26,7.49,-0.38,0.48,-0.64
-4.12,0.27,7.26,-0.15,0.49,-0.30
-5.14,0.16,7.02,-0.16,0.25,0.02
-5.96,1.22,7.88,0.06,0.42,-0.08
-4.98,0.63,7.65,0.13,0.02,0.04
-5.81,0.90,8.28,0.76,0.13,-0.30
-5.41,1.02,7.57,0.33,0.21,-0.33
-6.32,2.12,7.26,-0.05,0.38,-0.43
-5.88,0.31,7.37,-0.02,0.25,0.45
-6.43,1.18,7.49,-0.06,0.35,0.06
-6.51,0.55,7.10,0.10,0.16,0.39
-6.20,2.00,7.65,0.42,0.40,-0.62
-5.84,0.90,7.10,0.52,0.38,-0.99
-5.49,2.28,7.49,0.11,0.20,0.10
-5.73,1.49,7.14,-0.02,-0.05,0.38
-7.06,1.57,7.18,-0.19,0.27,-0.19
-6.90,1.29,6.94,0.11,0.13,0.51
-6.08,1.02,7.06,0.22,-0.07,0.09
-6.00,1.77,6.67,0.28,0.68,-0.73
-7.96,2.28,7.37,0.07,0.28,-0.17
-10.87,6.00,-3.61,0.21,3.20,-0.31
-14.44,-3.69,5.45,0.55,2.36,-2.53
-10.00,7.10,9.96,0.39,-0.95,2.73
-5.53,1.02,9.38,-0.73,-2.96,3.36
-6.16,2.39,6.59,0.06,-0.52,-0.83
-8.12,2.24,6.94,0.38,0.71,-1.63
-4.12,0.75,4.71,0.46,0.31,-0.33
-8.04,1.61,2.12,0.82,0.39,0.70
-8.20,1.53,2.82,1.47,-0.27,-0.64
-6.20,2.94,3.61,1.44,-0.60,-0.44
-5.22,2.90,3.84,1.42,-0.38,-0.34
-5.30,3.88,3.92,1.46,0.26,-0.43
-7.88,4.90,4.75,1.60,0.28,-0.45
-7.26,4.35,4.90,1.90,0.21,-0.64
-7.30,5.22,5.61,1.91,0.18,-0.52
-7.53,5.88,5.88,1.83,-0.18,-0.14
-9.06,7.96,6.39,1.95,-0.48,-0.53
-7.37,8.90,7.34,1.76,-0.53,-0.55
-7.49,8.71,7.41,1.34,-0.52,-0.16
-7.26,7.10,6.67,0.80,-0.53,-0.29
-7.22,5.14,5.84,0.81,-0.37,-0.86
-6.47,5.26,5.41,0.84,-0.42,-1.11
-6.63,5.65,5.53,0.80,-0.65,-0.60
-6.16,5.33,5.53,0.73,-0.84,-0.37
-5.41,4.71,5.41,0.67,-0.84,-0.36
-4.79,5.14,5.37,0.63,-0.74,-0.41
-5.22,5.45,5.49,0.48,-0.39,-0.43
-5.84,4.35,5.61,0.45,-0.25,-0.50
-5.92,4.24,5.61,0.49,-0.32,-0.38
-5.88,4.82,5.81,0.60,-0.43,-0.15
-5.49,5.18,6.00,0.55,-0.46,-0.10
-5.37,4.82,5.96,0.45,-0.35,0.02
-5.61,4.98,6.20,0.54,-0.25,-0.05
-5.69,5.69,6.16,0.51,-0.14,-0.15
-5.73,5.61,5.92,0.40,-0.04,-0.04
-6.43,5.61,5.81,0.41,-0.00,0.08
-6.04,5.65,5.57,0.42,-0.08,-0.07
-5.84,5.96,5.45,0.33,-0.07,0.01
-5.88,5.92,5.30,0.26,-0.06,0.21
-6.35,5.81,5.06,0.25,-0.02,0.13
-6.47,5.96,5.06,0.32,0.00,-0.03
-6.16,6.00,5.18,0.29,-0.09,0.10
-5.92,5.84,5.41,0.24,-0.08,0.24
-6.63,5.73,5.49,0.23,0.07,0.09
-7.06,6.00,5.37,0.25,0.08,-0.25
-6.75,6.08,5.30,0.24,-0.08,-0.14
-6.00,5.61,5.45,0.25,-0.34,0.28
-5.37,5.49,5.49,0.23,-0.31,0.35
-5.77,6.32,6.12,0.20,-0.18,0.31
-5.41,6.16,6.59,0.05,-0.07,0.16
-5.02,5.88,6.98,-0.12,0.02,0.37
-4.98,4.82,6.79,-0.15,0.18,0.51
-4.39,5.30,6.51,0.02,0.63,0.21
-4.55,5.33,6.04,-0.01,1.06,-0.10
-4.08,4.04,4.47,0.05,1.24,-0.05
-5.61,3.80,2.94,0.61,1.46,0.12
-5.06,6.04,2.86,0.38,0.82,-0.12
-1.37,4.35,1.73,0.09,0.70,0.19
-3.26,6.75,0.82,0.20,0.90,1.10
-8.47,11.81,2.39,0.42,0.84,1.05
-6.39,9.69,2.00,0.24,0.64,0.23
-5.41,8.59,1.65,0.24,0.52,0.42
-8.04,11.06,2.82,0.52,0.15,1.09
-5.84,8.39,2.28,0.17,-0.52,0.63
-3.18,6.47,1.29,-0.09,-0.66,0.38
-6.39,5.69,1.80,-0.29,0.04,0.83
-8.87,3.14,2.35,-0.35,0.14,0.46
-6.83,7.73,3.61,0.72,-0.65,1.11
-3.77,11.73,3.88,0.96,-1.09,1.18
-4.24,12.51,4.04,0.89,-0.65,0.63
-6.35,16.87,6.83,1.31,-0.45,-0.31
-3.02,19.46,9.30,0.23,-1.37,-0.02
1.06,14.83,7.57,-0.89,-1.70,0.91
1.14,13.61,7.02,-1.57,-0.66,1.36
0.59,14.91,8.43,-2.32,0.57,0.26
0.90,12.12,7.22,-2.84,0.67,0.51
0.75,7.53,5.61,-2.96,0.51,1.90
2.12,5.61,5.14,-2.68,0.74,2.01
3.02,3.45,3.92,-2.54,1.33,1.35
2.71,2.28,3.10,-2.11,2.16,1.15
0.78,3.14,3.37,-1.38,2.69,1.14
0.35,4.86,2.86,-1.05,2.74,1.05
-0.12,4.63,2.31,-0.86,2.74,1.04
-2.08,5.37,1.73,-0.75,2.40,1.54
-4.55,6.16,2.04,-0.18,2.07,1.81
-6.24,9.53,3.77,0.01,2.10,0.96
-9.41,11.18,4.86,-0.11,1.50,1.22
-10.63,10.98,5.10,-0.03,0.82,1.00
-13.02,9.53,3.80,-0.32,0.68,0.26
-12.67,8.08,4.98,-0.57,-0.27,-0.36
-7.49,7.10,4.63,-0.46,-0.17,0.02
-6.08,6.08,4.82,-0.93,-0.12,-0.40
-2.08,4.51,2.51,-0.96,-0.13,-0.83
-3.73,4.08,4.55,-0.62,0.88,-0.90
-3.06,4.12,5.22,-0.44,0.68,0.39
-4.31,3.53,4.35,-0.52,-0.27,1.07
-4.55,3.88,4.86,-0.24,0.10,0.99
-4.51,2.39,4.16,-0.23,0.56,0.74
-4.08,3.33,5.33,0.27,0.72,0.87
-5.45,3.22,7.57,1.08,-0.44,0.98
-4.82,8.16,8.04,0.88,-1.25,1.39
-4.47,6.16,5.53,0.94,-0.28,1.13
-3.92,6.79,6.39,1.77,-0.04,1.12
-2.90,7.69,7.22,2.29,-0.17,1.21
-2.43,9.96,5.92,0.97,0.28,1.26
-3.06,9.45,4.12,-0.03,0.58,1.16
-1.65,8.08,5.41,0.79,0.38,0.98
-1.65,10.16,6.04,1.42,0.85,1.40
-0.94,10.90,5.37,-0.80,-0.51,1.87
-0.78,9.10,5.14,-2.03,-1.31,2.11
0.39,8.51,4.94,-1.12,-0.80,1.93
0.00,9.34,4.86,0.07,0.26,0.87
1.53,7.88,4.67,-0.11,0.39,0.38
1.49,8.00,5.26,-0.81,-0.27,0.44
2.71,7.37,4.16,-0.82,-0.32,0.94
1.22,8.51,3.77,-0.63,0.04,1.17
2.24,10.28,6.86,-0.42,-0.01,1.00
1.73,9.85,6.32,-1.69,-0.57,1.01
2.00,7.81,7.22,-1.80,-0.00,0.90
1.45,6.67,5.57,-1.56,0.59,0.75
0.31,6.51,6.00,-1.50,0.01,0.56
1.96,3.80,5.45,-1.37,-0.57,0.16
1.14,3.49,6.79,-1.24,-1.38,0.05
2.04,2.51,8.08,-1.78,-1.64,0.76
2.75,4.24,7.85,-1.88,-1.58,0.83
2.71,1.45,7.96,-1.18,-0.81,0.42
3.88,2.55,9.14,-0.06,-0.08,-0.26
3.84,3.10,9.02,-0.33,-0.19,-0.04
1.10,4.55,8.04,-0.55,0.26,0.01
2.24,4.00,7.73,-0.74,-0.14,-0.42
2.51,2.71,9.30,-0.98,-0.35,-0.44
3.45,3.06,10.04,-0.81,0.20,-0.73
2.98,3.26,9.02,-0.69,0.95,-0.76
3.96,4.67,9.77,-1.21,0.58,-0.70
4.59,1.29,9.85,-2.33,0.51,-0.59
4.04,1.92,9.49,-1.21,0.99,-0.81
2.67,3.18,9.69,-0.26,1.14,-0.93
0.82,5.30,8.36,-0.53,1.25,-1.11
4.28,0.39,11.02,-0.03,0.67,-1.52
4.67,0.43,11.69,0.38,1.21,-1.44
3.37,1.14,8.98,-0.82,1.69,-1.57
0.43,0.55,10.79,-0.59,1.17,-1.52
1.10,2.51,7.69,0.38,-0.08,-1.20
-0.51,-1.96,6.59,0.09,0.18,-0.52
1.49,2.55,6.83,0.68,-0.08,-0.30
0.86,4.35,11.89,1.30,-0.37,-0.18
-0.43,3.26,9.85,0.75,-0.52,-0.24
2.63,4.12,8.00,1.47,-0.93,-0.41
0.67,2.39,7.77,-0.28,-0.42,0.17
0.27,1.45,7.77,-0.20,-0.31,0.30
1.29,4.51,9.18,-0.39,-0.03,0.50
0.12,0.98,5.73,-0.66,-0.32,0.40
0.86,2.12,8.08,0.30,-0.59,0.27
0.47,3.10,6.86,-0.42,-0.65,0.53
0.82,2.08,7.37,-0.09,-0.95,0.46
0.47,1.96,8.83,0.30,-0.63,0.10
2.00,0.90,8.90,0.74,-0.02,-0.07
1.53,6.04,8.16,1.07,0.14,-0.03
0.39,3.96,8.55,1.08,0.29,-0.62
1.14,2.79,7.77,1.27,1.24,-0.74
1.61,4.24,8.75,1.58,0.69,-0.30
1.45,7.61,6.39,2.21,0.69,-0.51
0.31,6.59,6.16,2.69,0.66,-0.76
2.63,10.36,10.63,1.91,0.07,-0.62
-1.84,7.26,6.04,0.81,0.69,-0.94
-3.06,5.18,3.18,-0.27,-0.08,-0.31
2.00,6.43,9.22,-0.68,-0.98,0.15
1.10,3.69,8.51,-0.14,-0.30,-0.59
-1.10,7.18,4.98,0.68,0.44,-0.62
-1.02,8.75,5.88,1.13,-0.76,-1.16
1.41,7.92,8.63,0.98,-1.09,-1.06
1.37,3.22,7.10,0.38,0.07,-0.43
-2.71,5.65,2.28,1.27,0.73,-0.38
-2.00,8.55,3.02,1.95,-0.71,-1.19
0.43,8.32,5.33,2.44,-0.99,-1.78
0.27,10.28,6.71,1.68,-0.99,-1.46
-0.98,7.30,2.82,0.82,-0.45,-1.50
-1.69,7.88,3.22,1.23,-0.67,-1.20
-0.39,9.61,4.98,0.91,0.74,-0.69
-1.84,8.51,3.22,1.02,0.38,-0.91
0.43,8.90,5.73,0.96,-0.06,-1.11
-2.59,11.53,2.59,0.81,0.14,-0.83
-2.59,10.51,1.33,0.28,-1.56,-0.60
1.06,15.30,5.77,0.49,-0.60,-0.31
-1.26,11.18,3.84,-0.15,-0.83,-1.21
-0.20,6.67,2.55,0.34,-0.36,-1.44
-2.39,8.04,1.22,1.57,-0.57,-1.37
-3.53,10.36,4.12,0.99,-1.38,-0.08
-2.20,10.24,2.82,-0.40,-1.28,0.87
-0.47,9.53,3.53,0.28,-0.96,0.20
-3.18,13.49,3.30,0.66,-0.56,-0.07
-4.94,9.81,1.45,0.18,-1.09,-0.47
-2.75,8.98,2.47,0.37,-1.65,-0.51
-3.61,7.73,-1.77,0.59,-3.15,0.22
-1.61,9.38,7.49,1.12,-3.29,0.45
-2.08,8.83,0.35,0.87,-2.15,0.21
1.57,5.61,4.08,0.16,-1.16,0.75
1.49,6.00,-0.08,0.29,-0.83,1.01
2.67,7.37,1.69,0.93,-1.93,1.09
2.67,7.18,1.88,2.54,-2.98,2.16
0.55,4.79,1.45,3.88,-2.76,3.66
-1.65,1.06,-1.06,4.89,-2.49,1.73
-2.86,1.49,-5.84,5.00,-3.61,-1.61
-2.55,3.57,-9.06,5.00,-5.00,-3.10
-4.94,8.75,-17.42,5.00,-5.00,-4.84
-6.00,10.55,-15.30,4.49,-2.82,-4.46
-5.30,10.20,-14.55,3.06,0.10,-3.12
-1.80,11.57,-9.57,3.47,3.44,-1.69
-2.90,10.08,-6.51,1.82,3.66,-1.63
-2.90,7.92,-5.57,-0.31,1.69,-0.29
-3.14,6.24,-8.16,-0.33,-0.08,0.70
-2.86,6.75,-10.43,0.39,0.08,2.53
-3.84,4.94,-8.32,-2.40,1.37,3.57
-1.65,4.63,-12.91,-3.48,0.19,2.93
0.63,3.69,-14.59,-2.80,0.87,2.39
2.71,2.47,-8.32,-0.92,2.55,2.64
-0.63,2.55,-6.39,-1.44,4.22,2.97
0.04,1.37,-8.63,-1.28,0.92,1.98
0.31,2.79,-9.02,2.10,-1.66,1.51
-0.31,3.53,-7.88,2.66,-1.96,1.58
-1.06,4.28,-8.87,1.65,-1.88,1.57
-0.47,5.53,-11.22,2.19,-2.25,1.12
3.53,5.26,-10.43,1.34,-1.16,0.97
2.47,3.49,-9.77,-0.79,2.29,1.45
2.16,2.24,-8.51,-0.18,0.64,1.23
2.79,2.98,-11.49,-0.28,-0.34,1.07
1.96,2.71,-8.90,-1.18,-0.53,1.19
1.57,3.65,-8.28,-2.05,0.42,1.57
2.04,4.71,-10.40,-2.79,0.78,1.76
2.39,3.88,-10.24,-2.37,1.06,2.16
2.24,3.69,-8.08,-0.45,0.49,2.57
3.80,4.55,-7.34,-0.79,0.74,2.21
5.96,5.30,-7.53,-1.64,2.76,2.78
6.24,5.81,-6.63,-1.68,3.75,3.94
5.22,4.43,-5.65,-1.57,2.97,3.28
6.79,3.69,-5.88,-1.42,1.98,1.52
8.94,5.06,-6.00,-0.77,2.55,0.77
8.08,4.90,-5.61,-1.55,3.16,0.67
7.18,4.20,-3.65,-1.85,2.75,0.44
7.41,4.20,-2.67,-1.94,1.46,0.05
9.69,6.90,-3.69,-1.77,0.17,0.03
7.30,5.73,-3.14,-2.69,0.29,-0.03
6.47,4.04,-2.00,-2.74,-1.10,-0.28
10.16,6.94,-4.79,-2.27,-3.16,-0.86
8.75,6.20,-4.71,-2.69,-3.34,-1.03
6.59,4.51,-3.77,-2.60,-2.86,-0.70
6.12,3.53,-3.84,-2.47,-3.73,-0.96
7.10,-1.65,-5.69,-2.24,-3.72,-0.84
8.24,4.59,-4.71,-0.99,-2.12,-0.17
8.36,4.59,-5.53,-1.12,-0.86,0.59
6.16,4.79,-3.69,-0.18,-0.94,1.35
5.92,4.31,-3.02,-0.20,-1.16,1.23
7.34,5.65,-3.77,0.05,-1.40,1.05
5.45,9.18,-9.89,2.69,-2.81,0.83
6.86,8.20,-7.10,2.47,-2.06,-2.86
4.67,6.43,-0.75,1.23,-0.74,-2.76
7.30,6.75,-4.55,-1.31,0.38,-0.90
4.47,8.51,-7.85,-1.55,-0.55,1.02
7.96,4.51,-4.12,0.57,1.15,-0.65
6.55,4.20,-4.28,-1.45,0.93,0.43
3.80,3.26,-8.98,-1.47,0.90,0.50
4.28,8.36,-7.14,-0.56,2.13,-1.24
2.35,3.80,-4.20,-1.91,2.85,-1.14
7.18,5.92,-1.22,-1.20,2.27,-1.23
6.79,8.59,-4.28,-0.76,1.14,0.19
5.41,3.26,-0.94,-0.75,0.89,-0.06
4.55,2.94,-1.14,-4.14,0.58,0.69
7.22,13.65,-0.67,-2.96,-0.41,0.31
5.45,4.90,-2.00,-1.92,-1.64,0.79
4.86,5.84,1.26,-2.16,-1.76,-1.08
7.92,10.32,0.20,-2.73,-1.77,-0.89
3.57,6.24,-1.65,-2.14,-1.69,-0.01
3.45,6.47,0.47,-2.56,-1.53,-1.34
9.18,15.97,-0.63,-2.15,-0.78,0.36
4.94,10.59,-0.39,-1.25,-1.22,0.71
5.57,6.12,0.12,-0.94,-0.89,-0.24
3.84,6.28,0.31,-1.20,-0.72,-0.49
5.84,9.81,0.51,-0.28,-1.72,-0.78
2.00,6.75,-1.10,-0.13,-2.02,-1.00
5.18,8.90,-0.51,-0.90,0.13,-0.08
5.02,9.65,1.69,-0.89,-0.05,0.38
4.43,8.67,0.20,-0.53,-0.72,-0.15
4.94,9.45,0.20,-0.51,-0.22,-0.39
5.18,9.61,0.27,-0.57,0.21,0.21
3.73,7.88,-0.04,-0.11,0.20,0.51
4.82,6.98,1.33,0.12,0.69,-0.14
5.61,8.59,1.96,-0.42,0.37,0.05
5.14,10.04,0.47,-0.36,-0.18,-0.08
4.82,9.49,1.02,-0.12,-0.21,-0.21
5.02,8.43,2.08,-0.72,0.45,0.27
4.82,9.06,2.20,-0.92,-0.11,0.37
5.06,9.06,0.43,-0.51,-0.41,-0.19
6.55,7.37,0.39,-0.71,0.67,0.02
6.67,8.71,3.33,-0.75,0.78,0.72
4.94,7.77,2.35,-0.76,-0.69,-0.06
4.20,7.45,1.22,-0.73,-0.60,-0.43
5.30,8.71,2.31,-1.10,0.33,-0.50
5.49,7.96,3.80,-0.47,0.48,0.07
4.55,7.65,2.86,-0.87,0.20,0.01
5.26,8.24,2.82,-1.06,0.35,0.11
4.59,8.00,2.75,-0.27,0.20,-0.05
4.59,8.39,2.24,-0.08,0.50,-0.27
4.35,7.18,4.75,-0.14,0.54,-0.18
4.98,8.00,3.69,-0.44,0.13,-0.07
3.69,7.49,2.43,-0.01,0.18,-0.18
4.82,8.16,4.67,0.12,0.49,-0.55
4.04,8.71,4.39,-0.12,0.09,-0.54
2.82,8.12,3.14,0.10,0.08,-0.27
-3.77,6.51,12.98,0.01,0.27,-0.24
4.82,7.53,3.14,-0.06,-1.16,-1.20
4.59,7.22,4.63,-0.07,-0.92,-1.80
2.55,9.18,2.08,-0.27,-0.64,-1.06
2.47,8.36,3.53,0.19,-0.83,-1.28
2.82,9.65,2.71,0.05,-0.76,-1.51
1.80,9.96,2.63,0.22,-0.44,-1.39
3.06,8.08,3.49,0.30,-0.42,-1.40
3.14,11.30,3.45,0.30,-0.42,-1.47
0.20,9.41,1.29,0.95,-1.11,-1.60
-0.27,11.22,1.69,1.69,-2.51,-2.31
2.12,11.45,0.67,0.90,-2.42,-2.11
0.20,10.04,2.08,0.21,-1.81,-1.45
1.77,9.89,1.37,0.93,-1.60,-1.72
2.16,9.53,1.80,1.02,-0.72,-1.13
0.55,11.61,1.41,0.51,-0.62,-0.08
0.94,8.98,0.75,0.42,-0.06,-0.24
0.20,9.18,0.04,0.98,0.22,0.55
-1.14,10.47,-0.43,0.71,-0.31,0.87
0.47,11.57,0.43,0.65,-0.44,0.20
1.26,11.34,0.16,0.53,-0.16,-0.21
0.16,11.06,-0.24,0.25,0.02,0.01
0.20,10.59,-0.04,-0.07,-0.10,-0.01
0.63,10.59,-0.78,-0.38,0.18,0.09
0.55,9.81,-0.20,-0.15,0.25,0.14
1.80,9.30,0.35,0.17,0.54,0.37
-0.20,12.98,-0.31,-0.26,0.67,0.85
0.31,10.00,-1.88,-0.71,-0.19,0.30
1.88,8.20,0.59,-0.48,-0.41,0.47
0.27,11.81,-0.82,0.27,-0.01,0.81
1.18,11.38,-0.16,-0.22,0.32,0.45
0.78,9.45,0.35,-0.36,0.14,-0.05
0.90,9.38,-0.27,-0.40,-0.83,0.48
0.08,9.45,0.71,-0.57,-2.26,1.86
2.31,6.04,0.12,-2.87,0.18,2.95
0.12,8.00,-0.16,-0.33,-1.97,1.91
4.47,9.77,1.06,1.45,-3.01,1.74
6.00,12.32,-0.20,1.12,-3.51,0.72
5.65,9.14,-2.35,1.02,-2.39,0.96
6.24,9.81,-1.77,1.95,-0.90,1.34
5.02,11.41,-3.92,2.48,-0.66,1.98
9.53,14.75,-3.84,0.66,0.00,2.88
4.55,8.24,-2.04,-0.35,0.23,3.26
3.88,5.84,-2.98,-0.67,-0.41,3.01
5.88,5.06,0.16,0.48,-0.38,2.22
8.08,7.06,-0.71,-1.26,-0.10,0.90
4.12,8.16,-4.04,-2.89,-0.00,0.15
6.04,3.96,-1.37,-1.42,-0.31,0.52
8.59,7.77,-1.88,-2.00,1.15,0.90
6.98,7.73,0.31,-2.49,1.68,0.09
6.08,5.30,1.14,-2.86,0.55,-0.90
4.98,4.94,1.80,-2.62,-0.01,-1.01
5.77,6.75,0.24,-2.49,-0.47,-0.87
11.38,9.02,-1.02,-4.33,-0.90,-0.70
8.94,6.67,-0.90,-2.63,0.41,0.53
4.98,3.37,-3.10,-2.28,0.06,1.02
2.16,0.55,-2.86,-0.16,-1.96,1.56
4.31,1.37,3.18,1.73,-2.54,0.65
9.14,4.98,0.98,0.89,0.15,-3.14
7.73,8.24,-1.29,-0.09,0.42,-4.55
8.75,12.47,2.94,2.13,-0.26,-1.39
7.34,10.63,1.92,0.57,-0.97,0.12
6.83,7.02,0.59,-0.67,-0.06,0.19
6.71,6.16,-0.27,0.45,-0.08,0.26
7.49,6.71,-0.86,2.00,-0.07,0.46
7.69,7.88,0.27,3.15,0.01,1.20
7.85,7.88,-1.02,2.20,0.26,1.28
7.14,6.90,-1.57,1.89,0.56,1.47
6.32,4.71,-1.14,2.02,0.30,1.47
7.53,4.75,-2.28,2.20,-0.41,1.06
7.61,5.49,-3.30,2.10,-0.57,0.91
7.49,5.61,-2.86,1.24,0.09,0.63
7.49,3.61,-2.90,0.27,0.26,0.34
8.12,3.30,-3.57,0.49,-0.22,0.38
8.39,4.63,-2.82,0.29,-0.05,0.07
8.24,4.86,-2.71,-0.39,0.61,-0.35
8.08,5.45,-1.18,-0.11,0.45,-0.18
8.39,5.37,-2.24,-0.06,0.08,0.04
8.08,5.53,-2.67,0.03,0.13,0.16
7.85,5.18,-1.57,0.87,-0.27,0.32
8.90,4.86,-3.49,0.16,-0.63,0.22
7.10,3.14,-1.06,-0.30,-0.19,-0.06
9.26,1.10,-4.16,0.04,-0.66,0.24
6.28,0.20,-1.37,2.43,-0.91,0.31
6.43,2.86,-7.22,3.35,-2.08,-1.24
7.85,7.69,-8.12,4.52,-1.10,-1.57
12.98,9.65,-3.61,2.38,1.38,-0.25
3.73,3.26,-5.14,0.28,0.68,-0.21
3.26,-2.08,-4.20,-1.01,-2.10,-0.83
15.42,-0.71,-12.59,-1.33,-1.77,-1.20
5.06,8.20,-2.63,-0.37,0.73,-1.19
9.57,14.08,-7.61,-3.79,0.72,1.01
4.47,5.77,-9.45,-4.71,1.63,2.35
6.35,0.27,-0.27,0.27,1.23,0.40
9.38,0.55,-7.77,0.16,1.12,-1.20
9.38,5.06,-9.10,0.56,2.29,-2.68
10.98,11.38,-7.10,0.50,2.81,-2.33
5.73,13.18,-2.51,-0.04,1.07,0.49
8.51,3.57,-4.98,-0.35,-0.56,3.60
-2.39,2.24,-0.71,-1.36,0.50,0.80
1.22,5.77,1.45,-2.31,-1.08,-1.11
7.65,1.26,0.27,-2.59,-1.08,-0.83
14.08,1.80,-6.75,0.17,-0.13,0.32
6.43,4.20,2.08,1.71,1.46,1.19
6.63,2.86,2.79,1.64,0.54,1.22
5.41,5.84,7.53,0.88,-0.05,0.59
11.89,-5.06,-9.10,-1.35,-2.12,-0.31
7.41,8.28,-3.84,3.49,0.08,2.09
-3.69,5.14,-7.85,1.40,-0.39,-1.22
15.65,9.34,-9.65,1.44,-0.36,0.42
15.18,5.02,-9.26,1.39,0.12,-0.02
-8.24,13.89,-4.39,1.36,1.09,-0.09
-10.90,1.57,-7.73,-0.72,-0.18,-1.23
-4.28,-4.12,12.40,-2.10,-3.70,-0.37
20.01,6.43,2.63,-0.28,-1.75,5.00
20.01,5.10,4.00,-1.05,0.49,-1.26
-1.80,-1.33,-3.53,-0.08,1.14,-1.47
12.36,2.28,-4.82,-1.07,-0.34,-1.96
8.00,2.82,-5.22,0.14,-0.27,-1.01
8.28,6.67,-5.61,0.15,0.18,-0.55
5.88,8.51,-2.98,-0.69,0.16,-0.48
2.20,7.57,-2.12,-1.93,-0.45,-0.63
3.65,7.02,-4.00,-3.08,-1.06,-1.26
9.18,3.84,-5.61,-3.52,-1.09,-1.74
11.65,4.59,-8.08,-1.24,0.05,-0.39
6.08,7.02,-3.53,0.71,1.18,0.39
5.88,6.86,-3.14,0.94,1.40,0.46
4.43,3.57,-0.98,1.19,1.74,0.54
6.75,7.61,-0.90,1.41,1.30,-0.50
7.65,7.37,-2.55,0.33,0.71,-0.94
5.41,1.06,-2.63,-0.32,0.44,-1.54
8.98,5.65,-3.69,1.74,0.24,-1.28
6.51,7.34,-2.79,2.41,-0.02,-0.37
7.81,2.86,-5.73,4.32,-0.51,2.05
7.65,7.88,-4.94,4.14,-0.68,3.28
8.32,6.75,-5.57,1.07,-0.42,0.12
7.65,10.94,-2.71,-1.80,-0.58,-0.73
8.63,6.47,-5.37,-3.53,-0.30,-1.33
6.71,8.20,-4.79,-2.49,-0.11,-0.65
6.94,5.49,-2.90,-2.48,-0.28,-1.00
5.96,7.81,-4.47,-2.25,-0.36,-0.94
5.73,7.26,-2.86,-2.22,-0.33,-0.72
6.24,6.24,-1.73,-1.90,-0.58,-0.27
4.90,6.35,-3.77,-1.01,-0.86,0.29
6.04,7.02,-4.08,-0.14,-0.99,0.45
8.36,10.79,-4.08,-1.15,-0.37,0.55
10.55,9.14,-5.69,-3.07,0.51,1.47
-1.14,0.24,-0.86,-2.07,0.89,1.63
8.04,3.41,-2.39,-0.45,-0.95,0.21
10.32,4.94,-5.10,1.24,-0.70,1.28
8.71,5.10,-2.98,1.96,-0.08,1.01
5.06,9.14,-1.02,2.75,0.74,1.20
5.92,7.30,-2.20,1.25,0.60,0.75
5.10,7.10,-2.00,0.65,0.40,0.55
3.88,6.51,-2.39,-0.99,0.31,0.33
10.43,1.92,-3.14,-1.50,0.36,-0.80
7.06,6.55,-1.80,-0.79,0.68,-1.12
8.12,6.55,-1.33,-1.11,0.15,-0.86
8.83,7.34,-0.47,-2.02,-0.94,-0.87
8.98,8.12,-2.86,-2.24,-0.84,-1.03
8.20,7.57,-3.18,-2.33,-0.20,-1.30
8.12,5.77,-2.39,-1.73,0.51,-1.57
5.14,8.36,-0.04,-1.44,0.56,-1.96
4.90,4.75,-0.78,-2.14,0.10,-2.70
6.16,11.77,-1.18,-1.17,0.20,-2.90
3.10,6.12,0.47,-1.70,0.37,-1.89
2.98,8.47,-0.04,-0.75,0.01,-1.47
2.71,10.16,3.69,-1.75,-0.31,-0.72
1.22,6.55,5.33,-0.46,-0.78,-0.91
6.16,9.65,0.31,0.85,-1.38,-1.65
-0.08,12.75,4.98,1.38,-0.14,-0.25
1.80,8.71,1.29,1.56,-1.07,0.22
0.63,12.67,1.18,2.16,-1.25,0.52
3.73,14.67,1.69,1.32,-1.28,1.84
4.59,12.59,-0.27,-1.89,-1.28,2.06
6.12,2.47,-7.41,-2.63,-1.00,2.48
1.88,0.47,-2.20,2.94,-0.40,2.80
8.98,15.61,-0.08,3.98,-0.46,1.34
2.98,1.65,-4.04,-0.01,0.56,1.59
7.18,1.22,-6.12,1.79,0.48,0.45
6.28,2.35,-8.90,4.72,1.09,0.19
5.14,14.83,-2.63,5.00,0.84,0.33
9.96,20.01,2.59,2.80,0.05,-1.10
6.51,12.28,-3.26,-4.41,-0.34,-0.27
7.02,-2.04,-8.75,-3.19,-0.12,0.29
6.04,1.73,-5.37,1.44,0.35,-0.40
6.43,12.16,-2.08,1.67,0.15,-0.49
0.59,20.01,-4.90,-0.39,-0.44,0.58
8.28,-3.10,-4.35,-2.69,-0.12,0.69
6.86,4.67,-4.86,1.02,-0.01,-0.04
4.90,11.22,-3.06,1.07,0.32,0.04
0.24,2.55,-3.92,-1.44,0.46,-1.13
8.08,9.61,-4.59,-1.72,0.11,-2.88
5.88,9.81,-1.57,-0.87,0.47,-1.26
5.49,8.83,-1.92,-1.23,0.35,-0.44
5.81,9.06,-2.31,-1.42,0.07,-0.56
6.04,9.06,-3.45,-1.70,0.05,-0.74
5.53,8.90,-2.35,-1.61,0.45,-0.90
4.31,9.30,-1.41,-1.88,0.31,-0.87
4.63,9.57,-2.12,-2.42,0.61,-1.02
3.88,7.73,-0.94,-2.15,0.74,-0.78
3.80,9.85,0.94,-2.02,0.94,-1.09
3.65,9.41,0.94,-2.71,0.90,-0.91
5.30,4.67,1.45,-2.48,0.98,-0.83
2.59,7.57,2.63,-1.34,0.69,-0.82
3.33,8.36,4.63,-1.15,0.47,-0.85
3.33,8.36,3.02,-0.67,0.49,0.16
0.71,6.20,5.10,-0.50,0.92,-0.11
1.06,9.45,4.51,-0.57,0.36,-0.91
2.24,8.32,4.28,-1.03,0.33,-1.02
1.57,10.08,4.12,-0.72,0.32,-0.59
1.84,8.59,5.57,-0.45,0.36,-0.12
1.33,9.92,4.75,-0.17,0.39,-0.13
-0.20,10.83,5.57,-0.68,0.18,0.33
0.20,9.92,5.06,-0.93,0.02,0.76
4.98,7.06,4.79,-1.17,-0.21,0.73
1.61,7.34,5.10,-1.22,-0.04,-0.66
5.41,9.18,5.92,-1.04,0.11,-0.41
-0.94,8.32,6.16,-1.18,0.28,0.34
1.53,5.22,6.98,-1.11,-0.08,-0.11
4.12,3.06,5.10,0.47,-0.56,1.29
2.43,5.33,4.82,-0.46,-0.20,-0.23
2.51,4.28,5.37,-0.49,-0.06,-0.03
0.82,3.45,7.06,0.20,0.48,-0.62
1.22,5.92,6.71,0.56,0.77,-0.71
2.35,7.92,6.08,0.50,0.98,-0.62
1.37,6.08,6.12,0.36,0.63,-0.77
2.20,11.14,6.43,0.52,-0.02,-0.34
0.00,8.98,7.02,0.42,-0.05,-0.17
1.49,9.26,5.22,-0.12,0.35,-0.16
-0.47,6.86,6.59,-0.25,0.48,-0.00
2.20,8.94,6.51,-0.38,0.31,-0.18
0.04,10.20,6.16,-0.91,0.36,0.25
0.16,7.53,6.35,-1.28,0.17,0.15
4.24,7.14,7.10,-1.33,-0.10,-0.10
1.96,8.16,7.88,-1.80,-0.17,0.11
-0.04,6.51,6.90,-2.16,-0.49,0.64
7.26,-9.30,4.94,0.56,-1.81,1.34
5.22,1.33,6.39,0.19,-1.14,0.80
1.29,4.12,5.92,0.77,-1.52,1.23
4.24,5.57,4.71,1.83,-1.29,0.97
3.73,8.79,7.02,2.13,-1.26,2.92
4.55,4.94,4.71,1.83,-1.30,2.83
6.16,-4.31,4.63,2.68,-1.43,2.46
7.73,6.32,3.10,4.73,-1.92,1.79
7.18,4.35,2.16,5.00,-1.86,1.64
7.26,-2.12,-3.92,5.00,-2.50,-0.04
6.67,7.41,-6.98,5.00,-2.33,-2.86
3.65,20.01,-5.18,5.00,-1.58,-4.24
5.77,17.10,-1.22,1.65,-0.84,0.65
2.90,1.33,-4.47,-2.57,-0.98,1.26
4.51,1.92,-6.39,-1.79,-1.05,-0.57
3.37,6.83,-3.73,1.03,-0.73,-0.20
5.26,8.71,-5.96,-0.58,-1.05,-0.60
4.12,6.16,-4.51,-0.89,-0.37,-0.35
4.90,6.47,-5.65,-0.04,-0.55,-0.40
5.57,9.14,-3.37,0.55,-0.51,-0.25
4.35,11.38,-3.37,0.26,-0.63,-0.19
4.90,10.71,-3.84,-0.28,-0.76,0.04
4.35,8.20,-4.08,-0.66,-0.94,0.07
4.08,6.63,-4.98,-0.86,-0.97,-0.21
4.67,5.45,-6.47,-0.70,-0.78,-0.28
1.77,3.26,-6.67,1.45,-0.63,0.66
4.24,6.24,-8.04,2.73,-0.52,0.41
3.22,7.14,-5.57,3.67,-0.12,0.62
4.24,7.53,-7.88,3.01,-0.15,0.57
2.86,5.45,-6.59,2.73,0.21,0.71
3.61,8.28,-5.45,1.84,0.69,0.17
2.82,6.12,-6.39,-1.22,0.88,-1.23
4.67,8.94,-4.63,-2.44,0.62,-2.08
5.49,10.08,-7.10,-2.84,0.58,-1.70
4.90,9.57,-7.37,-2.52,0.61,-0.95
4.51,9.81,-5.33,-2.94,0.96,-1.50
5.77,10.12,-4.35,-2.84,1.03,-1.27
2.16,8.24,-3.84,-3.10,0.55,-0.48
3.18,2.39,-3.92,-2.58,0.32,-0.26
2.59,5.57,-2.94,-0.73,0.27,-0.02
3.73,5.53,-2.24,0.68,-0.31,0.41
3.69,9.81,-2.90,0.79,-1.05,0.78
4.47,11.26,-3.77,0.87,-1.04,1.43
5.06,14.32,-2.24,-0.50,-0.44,1.17
6.35,13.18,-2.67,-3.70,0.06,1.15
4.35,-3.69,-5.65,-2.96,0.12,2.14
3.73,12.75,-1.18,4.16,-0.35,1.20
5.14,6.98,-3.10,0.79,-0.29,0.59
4.24,2.08,-5.22,1.72,0.17,0.75
4.98,11.10,-4.94,4.30,0.43,0.52
5.57,11.73,-2.51,2.32,0.44,0.26
4.16,-0.27,-5.37,0.29,0.44,0.05
5.92,8.20,-4.16,1.50,0.26,-0.35
7.30,12.79,-3.96,-0.54,0.16,-1.55
5.41,4.28,-5.65,-2.28,0.25,-0.58
5.84,4.35,-4.86,-1.62,0.16,-0.96
6.51,8.43,-4.63,-1.03,0.33,-1.28
2.90,10.94,-8.43,-1.75,-0.31,-0.48
7.65,9.26,-6.86,-4.21,-0.99,0.23
16.87,-3.37,-12.55,-2.73,-0.14,-0.06
3.69,7.65,-1.65,-1.36,-1.09,-2.14
4.98,17.42,-1.80,-1.12,-0.53,-1.78
3.77,8.79,-3.30,-2.27,-0.28,0.25
3.92,2.79,0.86,-1.61,-0.28,-0.49
5.26,11.34,-0.90,-1.45,-0.21,-0.35
2.35,9.49,2.04,-2.05,0.54,-0.02
1.77,9.10,1.53,-2.24,0.05,-0.17
3.88,8.98,1.29,-1.84,0.20,-1.00
2.12,10.59,2.28,-1.78,0.31,-1.13
-5.26,6.67,4.63,-2.56,0.35,-1.40
6.16,9.85,0.82,-1.92,-0.73,-0.87
3.96,5.92,3.84,-0.79,-0.94,0.41
-1.45,10.20,5.06,0.28,-1.80,1.34
6.35,11.41,1.41,-0.06,-0.90,1.03
1.61,4.28,6.39,-0.40,0.01,0.13
5.57,11.69,2.16,-0.01,-0.49,0.86
6.51,4.39,5.14,-0.73,-0.23,0.85
2.86,9.89,2.39,-0.48,-0.05,1.11
6.20,3.49,3.37,-0.74,-0.20,1.62
4.12,10.55,3.45,-0.40,0.19,1.59
6.47,9.81,3.33,-1.48,0.82,1.70
5.65,2.00,5.06,-2.20,1.75,1.08
5.84,1.49,6.35,-0.94,2.03,0.99
3.69,-0.20,3.37,0.50,3.12,-0.14
3.77,2.55,5.06,2.62,3.07,-0.58
-0.59,18.71,13.02,1.36,2.52,1.33
4.28,8.47,6.55,-4.98,2.75,0.15
2.98,-0.67,4.12,-4.57,2.90,-0.17
2.04,1.02,5.10,-2.04,2.56,-0.33
1.84,6.16,5.49,-1.20,2.74,-1.06
1.06,2.47,5.92,-1.30,2.36,-1.80
0.00,1.14,5.96,-0.26,2.18,-2.13
-2.39,2.94,7.73,0.91,1.86,-2.55
-4.00,1.53,7.73,0.74,1.57,-2.28
-5.02,2.71,8.47,1.11,1.39,-1.41
-4.16,7.77,10.00,1.06,1.28,-0.35
-3.80,6.94,10.04,-0.14,1.36,-0.10
-4.43,3.30,8.87,-0.46,1.44,0.13
-5.30,3.02,8.04,-0.14,1.24,0.24
-5.06,2.47,7.92,0.75,0.71,0.18
-4.51,3.65,8.00,1.12,0.59,0.04
-4.90,3.45,7.88,0.87,0.63,0.00
-5.84,3.14,5.84,0.66,0.67,0.06
-5.88,5.06,6.51,0.97,0.63,0.25
-4.12,7.96,7.45,1.65,0.72,0.22
-2.04,10.98,8.83,1.26,1.20,0.41
-0.67,13.22,6.28,0.52,1.51,0.00
-2.12,7.49,5.73,-1.99,2.34,-0.35
-3.49,2.51,6.51,-1.97,2.41,-0.42
-5.37,5.96,6.59,-1.30,2.10,-0.51
-8.28,5.92,6.00,-1.53,2.08,-0.77
-10.12,1.57,6.04,-0.82,1.55,-0.34
-9.65,2.47,6.08,-0.15,1.04,0.26
-9.89,4.43,6.12,-0.22,1.02,0.51
-9.89,3.84,6.51,-0.91,1.05,0.82
-10.08,4.08,5.81,-1.14,0.80,1.11
-9.53,3.77,5.22,-1.19,0.74,1.33
-8.67,4.71,5.41,-1.06,0.62,1.34
-7.85,3.96,5.45,-1.07,0.56,1.28
-7.85,4.04,5.18,-0.90,0.51,1.07
-7.06,3.41,4.82,-0.81,0.41,0.86
-7.06,2.98,4.51,-0.61,0.39,0.57
-7.96,3.77,4.67,-0.43,0.29,0.36
-7.88,2.90,4.75,-0.30,-0.03,0.16
-7.65,4.90,5.02,-0.45,-0.14,-0.03
-7.14,3.22,5.06,-0.56,-0.24,-0.26
-6.43,4.12,5.02,-0.47,-0.31,-0.33
-5.33,4.47,4.43,-0.55,-0.17,-0.18
-6.86,4.51,5.37,-0.73,-0.33,-0.10
-6.32,4.31,5.18,-1.16,-0.38,-0.28
-6.86,2.94,4.82,-1.35,-0.17,-0.41
-7.41,3.45,5.84,-0.80,-0.38,-0.25
-6.35,3.14,5.53,-0.70,-0.31,-0.26
-7.02,1.73,6.00,-0.48,-0.47,0.00
-5.10,2.98,5.81,-0.28,-0.34,0.52
-8.55,3.33,6.55,-0.13,-0.12,0.12
-7.18,1.77,6.79,-0.10,-0.39,0.01
-7.85,3.14,6.75,0.02,-0.51,0.12
-5.10,1.10,6.43,0.57,-0.98,0.23
-5.69,2.35,7.73,0.84,-0.69,0.32
-5.10,2.75,6.35,1.12,-0.69,0.44
-5.49,5.02,7.53,0.99,-0.34,0.21
-5.30,4.04,6.55,0.36,0.03,-0.27
-4.28,5.06,7.34,0.19,0.07,-0.34
-4.71,4.94,8.47,-0.53,0.28,-0.54
-5.65,2.24,7.65,-0.19,0.39,-0.16
-6.32,4.39,6.35,-0.12,0.19,0.00
-6.51,5.18,7.34,-0.87,0.73,-0.41
-4.39,1.84,7.53,-0.72,0.30,-0.95
-4.39,1.80,7.22,-0.37,0.21,-0.91
-4.47,1.06,6.20,0.27,0.90,-0.64
-8.59,-0.86,8.94,2.41,2.07,-0.02
-7.22,-4.04,5.41,3.79,0.76,-0.28
-17.69,7.02,9.57,3.45,0.13,-1.83
-7.41,11.81,4.39,4.11,-0.05,0.19
-6.98,5.26,5.02,0.84,0.25,1.32
-8.28,2.75,4.31,-0.71,0.35,-0.35
-7.14,0.39,3.88,0.40,-0.04,-0.57
-8.47,4.47,5.18,1.49,0.03,-0.78
-8.63,5.30,6.71,0.51,0.33,-0.99
-9.92,-0.24,5.81,-0.11,0.17,-0.94
-10.24,-0.24,3.77,1.26,-0.24,-0.93
-11.65,3.02,4.12,1.88,-0.58,-1.07
-10.94,2.04,1.80,2.80,-1.33,-1.03
-11.10,6.86,1.45,4.17,-2.05,-1.47
-9.57,9.10,1.65,4.14,-2.44,-1.71
-7.57,8.55,2.55,3.64,-2.57,-1.88
-6.79,10.28,3.49,3.22,-2.39,-2.01
-5.53,8.47,3.96,1.61,-2.11,-1.93
-7.14,7.34,4.12,0.48,-1.23,-1.98
-8.83,5.37,3.65,-0.15,-0.79,-1.97
-8.71,4.16,3.49,-0.94,-0.72,-1.58
-8.47,2.12,3.22,-0.88,-0.55,-0.98
-8.28,2.55,3.30,-0.08,-0.39,-0.53
-7.34,2.63,4.24,0.34,-0.55,-0.17
-7.14,6.04,6.39,0.47,-0.57,-0.21
-6.51,3.92,5.61,-0.23,-0.52,0.06
-6.98,3.77,6.47,-0.05,-0.48,0.30
-6.75,3.92,5.77,0.15,-0.59,0.33
-7.22,4.39,6.16,-0.04,-0.73,0.51
-7.02,2.24,5.53,0.01,-0.91,0.60
-7.61,3.49,5.96,0.60,-1.01,0.58
-7.26,3.18,6.39,0.58,-1.06,0.76
-7.37,3.37,6.67,0.65,-1.08,0.83
-6.39,3.84,7.45,0.55,-1.10,0.84
-6.04,3.88,7.30,0.23,-1.01,0.61
-5.53,3.61,7.34,0.11,-1.04,0.44
-5.26,3.18,7.26,0.14,-1.18,0.28
-5.37,3.14,7.10,0.36,-1.21,0.14
-5.18,3.80,7.45,0.45,-1.26,0.08
-5.02,3.73,7.88,0.28,-1.31,0.10
-5.06,3.65,7.81,0.31,-1.35,0.16
-4.71,4.39,7.57,0.35,-1.41,0.22
-4.35,3.30,7.37,0.28,-1.52,0.31
-4.59,2.79,6.75,0.81,-1.70,0.54
-4.90,4.94,6.32,1.01,-1.87,0.93
-4.08,4.12,5.53,0.89,-1.97,1.45
-2.43,7.06,7.10,1.02,-2.03,1.82
-1.45,8.55,7.61,0.62,-2.03,1.94
0.31,7.85,7.18,-0.06,-2.08,1.95
0.94,6.79,6.79,-0.34,-2.17,1.74
2.28,7.49,6.94,-0.40,-2.33,1.58
3.33,6.16,6.71,-0.65,-2.33,1.43
4.55,5.14,5.88,-0.89,-2.14,1.13
4.31,4.59,4.63,-0.98,-1.90,0.70
4.79,4.12,3.45,-1.22,-1.79,0.62
4.08,2.12,1.84,-1.39,-1.58,0.54
4.47,-0.51,-0.20,-1.13,-1.70,0.62
6.16,-1.37,-0.04,-0.20,-1.61,0.71
5.45,-0.12,0.82,0.32,-1.52,0.93
5.81,0.27,1.02,0.16,-1.35,1.17
6.59,0.24,0.55,0.06,-1.22,1.62
8.47,0.51,1.69,0.35,-1.37,1.90
10.59,0.43,3.33,0.13,-1.51,1.90
11.89,0.24,4.16,0.03,-1.60,1.61
11.73,0.71,5.06,0.09,-1.65,1.10
11.65,3.22,5.61,-0.05,-1.98,0.68
13.45,4.00,3.69,-0.55,-2.23,0.41
14.59,1.96,0.98,-1.47,-2.33,0.23
15.57,0.55,-1.14,-1.70,-2.19,0.40
11.92,2.59,-3.06,-1.38,-2.17,0.44
9.92,3.10,-4.51,-1.89,-2.03,0.72
10.79,-0.08,-6.55,-1.84,-1.60,1.00
11.06,-1.69,-6.04,-1.52,-1.46,1.16
11.85,-1.10,-6.20,-1.30,-0.78,1.11
13.10,-1.80,-5.92,-1.04,-0.05,1.38
12.40,-4.35,-5.26,-0.83,0.02,1.38
11.89,-3.73,-4.20,-0.78,0.23,0.59
11.45,-5.53,-4.79,-0.76,0.95,-0.50
7.88,-3.33,-3.84,-0.52,1.40,-1.49
5.77,-1.53,-3.37,-0.56,1.19,-2.10
5.57,-0.51,-4.31,-0.27,0.68,-2.00
6.24,1.14,-1.10,-0.14,0.38,-1.64
8.51,3.33,-0.27,0.03,-0.40,-0.90
10.12,1.26,-1.45,-0.08,-0.42,0.26
11.49,1.18,-2.24,0.06,-0.06,0.42
11.73,0.20,-1.77,-0.54,0.38,0.20
10.90,-0.04,-2.20,-0.96,0.59,-0.36
9.22,-2.75,-3.65,-0.91,0.77,-0.59
7.81,-0.43,-0.71,-0.41,0.15,-1.45
7.37,1.14,-1.06,-0.04,-0.42,-1.14
6.75,-0.67,-3.22,1.08,-0.81,-0.32
8.83,5.77,-3.92,1.66,-0.56,-0.23
5.69,2.94,-1.33,0.26,-0.15,1.23
13.18,-0.16,-1.41,0.17,-0.46,0.03
8.32,3.49,-0.04,0.23,-0.08,-0.03
7.85,0.00,-0.39,-0.01,-0.04,0.69
11.26,1.57,-1.45,0.22,0.10,0.40
8.55,1.77,-2.51,-0.46,0.28,0.30
9.53,-0.63,-2.75,-0.42,0.02,-0.29
8.36,-0.08,-3.41,0.11,0.35,-0.54
8.55,3.26,-1.41,1.11,0.56,0.37
8.24,0.55,-1.96,1.35,0.57,0.71
11.45,4.16,-1.29,0.47,0.65,0.21
11.02,2.04,-1.02,-0.35,0.77,0.09
8.90,0.04,-1.65,-0.56,0.64,0.01
9.14,2.12,-1.53,-0.16,0.67,0.51
10.24,-1.26,-1.65,-0.36,0.54,0.36
11.73,2.59,-0.78,-0.07,0.29,-0.18
10.55,1.92,-1.06,-0.30,0.32,-0.20
9.96,1.41,-0.59,-0.28,0.30,-0.16
9.30,1.61,-1.10,-0.27,-0.05,0.30
10.63,2.71,-0.94,-0.06,-0.26,1.16
12.91,-0.35,-1.61,-0.35,-0.39,0.89
10.71,-1.18,-0.94,-0.35,-0.30,-0.21
8.51,-1.80,-2.08,-0.58,-0.24,-1.36
4.12,-1.22,-2.90,-0.63,0.14,-1.51
7.06,0.16,-2.82,1.22,-0.70,0.15
11.45,2.35,0.20,0.99,-0.42,-0.10
11.10,5.49,2.79,-0.07,-0.11,-0.04
8.28,-1.49,0.00,-1.00,-0.27,0.36
9.06,1.73,-0.27,-0.16,-0.33,0.38
12.16,0.00,-5.14,-0.35,-0.52,0.37
9.89,-0.55,-4.67,0.07,-0.04,0.05
9.22,-2.51,-1.33,-0.18,0.15,-0.40
9.61,-1.80,-1.80,0.07,0.40,-0.53
8.51,2.12,-2.04,0.62,0.20,-0.04
9.85,1.45,-1.84,-0.16,0.18,0.14
7.73,-1.57,-2.39,-0.22,0.15,0.08
10.16,2.00,-1.73,0.57,-0.06,0.20
9.81,1.65,-0.94,-0.09,0.02,0.18
8.79,0.04,-1.22,-0.21,0.06,0.18
9.73,1.06,-1.65,-0.05,0.03,0.16
10.51,2.51,-1.33,-0.37,0.12,0.23
9.96,0.31,-3.18,-0.57,0.20,0.02
9.30,0.08,-2.98,-0.20,0.24,0.03
9.61,0.55,-3.77,0.02,0.07,0.01
9.49,-0.35,-2.67,0.19,0.20,-0.02
9.61,1.88,-0.08,0.61,0.08,0.04
8.63,0.63,1.06,0.17,-0.14,0.27
9.14,0.39,-0.35,0.08,-0.13,0.33
10.16,1.37,-2.00,-0.15,-0.02,0.51
8.75,-0.71,-1.88,-0.77,0.08,0.12
10.47,-0.98,-1.41,-0.38,0.06,0.10
11.65,2.12,-1.45,-0.03,0.01,0.03
8.51,0.35,-2.39,-0.50,0.17,0.08
9.18,-1.61,-2.35,-0.36,0.07,0.13
11.26,-0.20,-2.75,0.17,0.08,-0.02
7.88,-0.67,-2.75,0.04,0.21,-0.17
8.59,-0.16,-2.35,0.12,0.16,-0.15
9.57,-0.55,-2.90,0.41,-0.03,0.13
9.26,0.04,-1.02,0.33,0.08,0.03
9.96,-0.08,-1.53,0.28,0.03,0.09
9.30,0.04,-1.84,0.32,-0.01,0.14
10.32,0.78,-0.90,0.09,0.13,-0.05
8.63,-0.35,-1.49,-0.10,0.19,0.08
9.85,-1.96,-3.84,0.22,-0.04,0.19
9.06,-1.26,-2.63,0.68,-0.20,0.12
8.94,0.82,-1.84,0.91,-0.30,-0.30
9.26,1.02,-2.35,1.00,-0.27,-0.29
10.40,0.31,-0.12,1.17,-0.21,-0.36
10.12,1.33,0.59,0.93,-0.18,-0.51
10.51,1.49,-0.43,0.38,-0.01,-0.48
9.73,0.31,-3.06,-1.03,0.30,-0.34
7.69,-1.77,-4.75,-1.27,0.25,-0.16
8.20,-2.12,-4.47,-0.71,-0.05,-0.08
9.65,0.39,-3.41,-0.18,-0.21,-0.10
9.61,0.35,-1.14,-0.38,-0.16,0.02
10.16,3.10,-0.04,-0.60,-0.05,0.02
9.49,2.98,-0.24,-1.60,0.29,-0.08
9.85,2.31,-2.47,-2.07,0.41,-0.14
8.71,1.22,-3.22,-2.25,0.43,-0.24
10.16,0.55,-3.45,-2.22,0.28,-0.23
9.14,1.49,-4.20,-1.90,0.17,-0.35
6.86,2.90,-5.02,-1.72,0.07,-0.37
9.45,-0.82,-5.30,-1.47,-0.33,0.08
8.67,-0.63,-5.37,-0.25,-0.64,-0.30
10.55,-3.49,-3.22,0.53,-0.90,-0.07
10.98,-0.24,-1.61,1.92,-0.89,-0.41
11.57,3.10,0.31,1.32,-0.53,-0.51
10.04,3.53,0.86,0.39,-0.19,-0.48
8.36,1.96,0.08,-0.38,0.28,-0.37
8.47,1.49,-1.14,0.09,0.42,-0.18
9.77,2.90,-1.77,0.61,0.32,-0.21
10.40,2.43,-2.63,0.55,0.18,-0.01
9.34,0.35,-3.41,0.10,0.18,0.14
9.49,0.39,-3.69,0.03,0.33,0.02
9.18,0.55,-3.26,-0.27,0.61,-0.04
9.34,1.96,-2.82,-0.24,0.65,-0.31
9.45,2.31,-2.55,-0.10,0.54,-0.38
9.18,2.08,-2.08,-0.01,0.44,-0.12
9.53,0.67,-2.59,0.23,0.40,-0.18
9.18,2.47,-2.00,0.96,0.19,-0.22
9.34,3.26,-1.77,1.05,0.05,-0.16
9.18,3.49,-1.57,0.47,-0.12,-0.01
9.18,1.88,-1.80,-0.15,-0.05,-0.14
8.79,2.39,-1.10,-0.26,-0.10,-0.15
9.02,4.24,-0.63,-0.44,-0.17,0.10
9.61,3.57,-1.29,-0.71,-0.27,0.24
8.36,0.71,-3.33,-0.65,-0.17,0.20
8.51,0.67,-3.84,0.05,-0.22,-0.02
8.24,0.67,-3.37,0.30,-0.26,0.20
8.94,-1.65,-3.77,0.34,-0.24,0.46
7.14,-2.47,-3.30,0.51,0.19,0.88
6.90,-0.43,-3.02,0.64,0.40,1.55
6.08,-2.35,-5.88,0.24,0.86,1.96
3.45,-4.55,-5.22,0.44,1.08,2.34
4.12,-0.55,-4.43,1.43,0.70,2.46
5.73,0.31,-4.51,2.05,0.55,2.17
11.18,2.35,-6.59,2.42,0.80,1.73
14.67,-1.22,-7.26,2.88,1.01,2.06
14.12,-1.92,-5.69,3.74,1.56,1.94
9.38,-5.84,-4.63,4.16,2.05,0.96
7.30,-3.61,-3.65,5.00,2.28,-1.03
4.71,-1.69,-2.16,5.00,2.28,-2.29
2.82,2.94,1.80,5.00,2.13,-3.63
1.92,6.75,8.16,4.69,2.00,-4.99
2.59,4.67,7.22,3.45,1.79,-5.00
3.18,10.98,8.36,3.43,2.19,-5.00
1.45,14.20,9.18,2.66,1.59,-4.30
-0.35,16.40,8.79,2.67,1.12,-3.23
0.55,19.65,7.22,1.38,0.65,-2.10
3.10,15.42,11.57,0.26,-0.54,0.37
8.51,10.67,8.90,0.07,-0.91,0.66
9.02,9.89,6.00,-0.65,-0.25,0.52
6.24,6.32,3.53,-0.93,-0.30,0.33
7.37,6.08,0.98,-0.47,-0.42,0.23
6.00,2.86,0.90,-0.48,-0.34,0.05
4.59,4.71,0.98,0.01,-0.99,-0.20
4.79,1.77,-0.55,0.28,-1.20,-0.40
4.82,6.00,-0.35,1.86,-0.76,-0.89
5.92,8.98,2.20,1.44,-0.84,-0.42
7.18,6.47,0.51,1.13,-0.85,-0.41
7.88,8.94,-1.22,1.86,-0.65,-1.54
8.12,14.24,0.78,1.63,-0.14,-1.63
10.59,13.93,2.59,0.35,-0.08,-1.43
9.38,10.98,2.39,0.15,-0.16,-1.21
9.96,17.38,0.47,0.68,-0.14,-0.37
7.26,16.20,-2.39,-0.15,0.32,-0.10
-1.45,11.22,0.43,-1.37,0.90,0.11
-2.86,6.00,0.27,-0.52,0.37,0.07
-4.39,2.47,2.16,-0.20,0.26,-0.12
-7.81,-6.67,5.06,-0.80,0.13,-0.71
-4.47,-1.57,3.06,0.58,-0.11,-1.26
-2.47,4.47,3.92,1.18,0.75,-0.06
0.86,14.16,4.86,1.31,1.00,0.58
5.02,18.83,3.45,-0.61,0.56,-0.19
6.35,13.06,2.28,-1.91,0.31,-0.76
3.18,8.75,2.86,-0.70,-0.13,-0.53
1.29,13.57,4.16,1.22,-0.82,0.52
2.00,14.36,1.06,1.24,-0.79,1.08
1.14,17.26,3.10,-0.67,-0.39,1.56
3.18,12.94,3.77,-2.10,-0.80,2.38
5.41,11.96,1.18,-0.57,-1.51,3.33
5.33,14.28,1.33,-0.42,-1.94,3.99
4.94,11.34,1.41,-1.41,-2.51,4.84
6.94,9.06,1.14,-1.89,-2.83,4.95
8.94,8.83,2.31,-2.20,-2.75,4.90
8.24,7.49,1.33,-3.35,-2.31,4.61
7.73,6.51,-1.84,-4.36,-1.50,3.89
6.90,4.71,-3.45,-4.61,-0.87,3.16
7.18,0.90,-4.90,-4.67,0.06,2.46
6.67,0.78,-5.88,-3.80,0.07,2.21
8.36,-0.51,-7.73,-3.56,-0.27,2.27
9.14,-4.20,-8.00,-3.06,-0.36,1.92
8.67,-3.92,-6.16,-2.91,-0.19,0.93
10.83,-6.59,-8.90,-2.87,-0.11,0.37
10.20,-6.94,-9.02,-1.25,0.08,-0.66
8.43,-4.39,-7.14,-0.01,0.12,-1.14
9.69,-2.51,-6.04,0.25,0.25,-1.35
7.85,-1.18,-4.94,-0.02,0.61,-1.84
5.81,-1.88,-3.80,0.02,0.31,-1.99
5.65,-0.71,-1.06,1.09,-0.06,-1.62
2.47,-2.39,0.55,1.55,-0.10,-1.10
6.83,3.73,2.28,1.80,-1.41,-0.99
7.14,0.55,1.29,0.94,-1.14,-0.32
10.36,1.22,0.04,0.52,-0.99,-0.21
11.81,5.88,-0.78,0.44,0.05,0.15
9.69,3.92,-0.75,-0.31,0.31,0.44
11.14,1.33,-1.22,-0.73,-0.01,0.29
11.85,4.55,-1.69,-1.07,-0.13,-0.69
7.41,3.73,-3.69,-2.51,0.16,-1.00
6.47,-2.51,-6.47,-2.29,-0.10,-0.48
10.43,-5.14,-7.45,0.44,-0.91,-0.54
10.51,4.35,-5.57,1.07,-0.33,-0.73
8.39,0.20,-3.26,-0.94,0.38,-0.52
6.08,-5.30,-3.18,-1.36,0.55,-0.57
7.85,-0.16,-2.28,1.32,0.12,0.13
9.85,4.51,-1.84,1.74,0.16,0.40
9.92,0.75,-2.20,1.27,0.32,0.42
10.04,4.00,-1.61,0.94,0.15,0.65
10.40,4.04,-1.96,0.18,0.19,0.75
10.75,0.86,-2.39,-0.40,0.12,0.32
10.00,3.10,-2.00,-0.16,-0.13,-0.45
8.59,2.63,-2.28,-0.44,-0.26,-0.26
8.75,0.43,-4.24,-0.24,-0.36,-0.03
8.43,2.28,-4.08,-0.07,-0.13,0.09
9.49,0.47,-3.49,-0.25,-0.15,0.01
9.18,2.00,-3.37,-0.04,-0.19,-0.40
8.63,0.35,-2.90,0.19,-0.25,-0.13
9.38,-0.75,-2.39,0.80,-0.36,0.15
10.24,4.20,-2.28,1.30,-0.29,0.04
10.59,1.84,-2.39,-0.70,0.24,-0.32
8.12,-0.51,-3.02,-1.06,0.60,-0.34
9.57,0.78,-2.67,-0.24,0.28,-0.26
9.41,2.82,-3.49,0.13,0.25,-0.02
8.94,3.22,-3.30,-0.34,0.17,-0.35
8.04,2.16,-3.69,-0.53,0.16,-0.35
7.34,0.00,-3.37,-0.05,-0.02,0.04
7.69,1.53,-3.22,0.43,-0.27,0.16
10.04,4.67,-2.39,0.08,-0.59,0.26
10.71,5.14,-3.80,-0.75,-0.22,0.08
9.38,1.96,-4.82,-0.46,-0.30,-0.17
8.51,-0.12,-4.51,0.12,-0.48,-0.05
7.26,-0.39,-4.67,0.58,-0.37,-0.29
7.92,1.53,-5.22,0.52,-0.35,-0.20
8.32,3.14,-4.24,0.59,-0.33,-0.13
10.24,2.12,-3.84,0.55,-0.42,-0.13
10.98,1.53,-2.20,0.58,-0.33,-0.11
9.38,1.84,-2.00,0.16,-0.14,-0.28
8.43,-0.24,-2.12,-0.63,0.14,0.15
8.79,1.84,-3.41,-0.35,0.41,0.14
8.98,3.41,-4.67,-0.28,0.37,0.16
8.83,2.39,-4.98,-0.17,0.31,0.12
9.53,2.51,-4.90,0.15,0.22,-0.14
8.87,2.20,-2.82,0.01,0.35,-0.09
8.16,1.53,-1.96,-0.24,0.58,-0.10
8.28,2.51,-2.24,-0.03,0.52,-0.04
9.14,1.80,-3.14,-0.31,0.51,0.25
9.69,2.43,-4.00,-0.33,0.46,-0.02
9.49,1.73,-4.04,-0.70,0.52,0.09
9.30,0.82,-3.57,-0.51,0.71,0.12
9.14,2.71,-3.69,-0.19,0.70,-0.20
10.75,1.65,-3.80,-0.38,0.54,-0.19
8.43,1.53,-3.33,-0.04,0.67,-0.11
7.88,1.92,-2.75,0.21,0.45,-0.14
6.55,3.41,-2.12,0.24,0.21,-0.07
8.47,1.14,-0.20,-0.14,-0.15,0.26
9.38,3.57,-0.98,0.11,-0.30,0.39
10.67,4.20,-3.57,-0.40,-0.26,0.40
9.14,1.41,-4.67,-0.73,0.06,0.21
9.02,-0.31,-4.04,-0.53,0.06,0.07
8.75,0.90,-2.90,-0.07,0.11,-0.08
8.98,3.18,-1.84,0.23,-0.05,0.04
9.89,3.22,-2.20,0.17,-0.01,-0.10
9.06,3.26,-1.41,-0.05,0.14,-0.21
8.94,1.02,-2.00,-0.47,0.11,-0.07
9.49,0.39,-3.45,-0.12,0.12,-0.01
9.14,3.65,-2.94,0.31,0.15,-0.19
9.06,2.63,-2.63,-0.11,0.12,-0.11
8.63,0.16,-2.47,-0.17,0.10,-0.02
9.18,4.04,-2.31,0.42,0.08,-0.08
8.67,3.69,-2.31,-0.45,0.21,0.13
8.98,0.59,-3.41,-0.40,0.23,-0.09
8.63,1.33,-3.84,0.39,0.25,-0.11
9.85,4.43,-3.14,0.55,0.09,-0.05
8.71,3.77,-2.59,-0.01,0.18,0.05
8.55,-0.08,-1.41,-0.24,0.15,0.04
8.36,-0.20,-0.86,0.73,-0.01,0.07
8.43,1.49,0.12,1.33,-0.13,0.23
10.08,4.75,-1.06,1.36,-0.55,0.27
11.57,3.65,-2.79,0.37,-0.50,0.06
9.96,2.82,-3.57,-0.33,-0.06,0.02
10.08,1.49,-4.24,-0.57,-0.05,-0.20
8.90,0.31,-3.53,-0.55,-0.04,-0.17
8.00,-0.78,-3.45,-0.10,0.05,-0.08
9.85,1.02,-2.82,0.25,0.04,-0.04
9.49,3.73,-2.04,-0.58,0.47,0.12
9.57,-0.08,-2.59,-0.88,0.49,0.03
9.06,2.55,-3.14,-0.34,0.46,-0.09
8.47,2.35,-2.16,-0.52,0.31,0.07
9.89,1.18,-1.80,0.24,-0.06,0.36
8.51,1.88,-1.06,0.38,-0.12,0.37
8.43,1.96,-1.45,-0.21,-0.12,0.36
9.38,2.08,-4.00,-0.07,-0.07,0.38
11.30,3.33,-4.08,-0.00,0.10,0.26
8.87,-0.67,-3.73,-0.50,0.26,-0.18
7.61,-1.02,-3.61,0.05,0.25,-0.04
9.02,1.45,-2.86,0.76,0.07,0.10
9.53,3.30,-1.65,0.52,0.02,0.12
9.65,1.65,-1.73,0.08,-0.01,0.14
9.18,2.08,-2.86,0.17,0.06,0.09
9.06,2.08,-3.10,-0.14,0.03,0.13
8.67,-0.20,-3.33,-0.09,0.04,0.11
10.04,1.69,-2.28,0.18,-0.09,0.08
9.73,0.39,-2.39,0.08,-0.05,0.07
8.83,1.57,-2.08,0.13,0.07,0.18
9.38,2.47,-2.08,-0.08,0.01,0.25
10.00,1.69,-1.80,-0.38,0.02,0.38
9.02,1.37,-2.20,-0.86,0.17,0.24
8.67,0.31,-2.59,-0.75,0.12,0.23
10.20,0.82,-3.10,-0.31,0.05,0.16
9.41,0.55,-3.26,-0.44,0.15,0.03
9.53,0.90,-3.30,0.00,0.05,-0.11
8.79,1.41,-3.06,-0.00,-0.01,-0.07
9.65,0.35,-2.71,0.06,-0.09,-0.16
9.38,1.10,-3.02,0.23,-0.08,-0.35
8.12,1.53,-2.75,0.26,-0.13,-0.26
8.39,0.67,-3.26,0.64,-0.32,-0.32
8.75,-0.27,-1.96,1.45,-0.36,-0.28
12.08,2.35,-0.75,2.24,-0.45,-0.35
10.51,4.86,-2.35,-0.07,-0.13,-0.74
8.20,-0.27,-4.43,-1.54,0.26,-0.50
8.63,-0.82,-5.73,-1.32,0.23,-0.34
8.90,-0.12,-4.75,-0.64,0.25,-0.07
9.22,1.02,-3.33,0.18,0.01,-0.00
9.89,1.77,-2.24,0.22,-0.02,0.03
9.57,0.67,-1.26,0.14,0.20,0.22
9.14,2.20,-0.55,0.02,0.46,0.32
9.73,3.45,-0.08,-0.14,0.46,0.53
10.00,3.18,-4.20,-0.66,0.54,0.27
9.26,-0.08,-1.06,-0.26,0.39,0.28
10.08,4.12,-3.53,-0.51,0.34,0.11
9.34,-0.35,-5.49,-0.52,0.34,0.09
8.63,3.37,-2.86,0.02,0.03,0.10
10.51,3.14,-6.08,-0.24,0.01,-0.30
8.75,-0.43,-6.98,0.07,0.28,-0.72
12.51,6.08,-3.80,0.83,-0.15,-0.82
10.75,6.47,-1.65,0.87,-0.55,-0.95
12.51,6.86,-4.90,0.78,-0.43,-0.96
8.43,-0.94,-4.51,0.34,-0.12,-1.19
9.10,-8.36,5.06,1.18,-0.09,-0.74
6.94,-6.90,0.90,1.60,0.18,0.03
8.04,9.57,-11.69,0.35,-0.02,0.02
3.41,-9.45,-2.04,1.89,0.14,0.01
8.59,7.49,3.41,1.18,0.22,0.22
7.26,1.49,-10.32,-1.20,0.65,0.06
7.22,0.78,-2.12,1.03,0.28,-0.12
10.24,8.67,2.04,0.11,0.47,-0.03
8.83,1.18,-9.57,-1.14,0.31,-0.25
11.18,1.61,-2.86,0.88,-0.20,-0.30
9.65,4.67,-1.96,0.20,0.06,-0.09
9.38,4.31,0.47,0.39,0.02,0.25
9.57,0.16,-3.49,-0.62,0.34,0.05
7.73,-2.43,0.63,0.06,0.36,0.12
8.36,10.36,-7.30,0.46,0.26,0.09
9.22,-4.20,-3.10,-0.19,0.17,-0.04
7.30,0.90,-0.55,1.20,0.16,-0.09
9.34,9.61,-1.88,-0.28,0.32,-0.05
7.22,-2.79,-2.16,-0.34,0.25,-0.06
11.10,1.57,0.12,0.68,0.14,-0.16
7.02,1.73,-4.86,-1.20,0.32,0.06
9.96,-0.51,-0.39,0.89,0.11,0.13
9.61,8.79,-3.65,0.52,0.19,-0.06
9.06,-2.86,1.06,-0.64,0.23,-0.02
11.45,6.94,-6.08,0.39,0.28,-0.15
8.32,-2.39,-1.37,-0.56,0.23,-0.21
11.14,2.39,-0.90,1.27,0.04,-0.05
6.94,4.08,-6.35,-0.38,0.14,0.06
10.04,0.31,1.02,0.16,-0.09,0.01
8.71,5.88,-1.84,0.34,0.03,-0.07
8.87,-0.75,0.47,-0.54,0.24,-0.15
9.73,2.98,-2.35,-0.05,0.34,-0.05
9.41,-1.65,-2.86,-0.74,0.35,0.10
10.55,3.49,0.04,0.43,0.35,0.22
8.16,7.49,-5.26,-0.42,0.37,-0.19
10.24,-3.61,-0.20,-0.46,0.14,-0.21
10.12,2.75,-5.65,1.12,0.26,-0.10
8.08,4.71,-1.61,0.47,-0.10,-0.11
9.14,1.41,0.78,0.48,-0.01,-0.13
9.73,1.41,-2.04,-0.40,0.20,-0.03
7.85,4.24,-2.75,-0.32,0.16,-0.09
9.18,-1.18,-1.18,-0.15,0.02,-0.18
8.55,0.43,-3.33,0.79,-0.10,-0.03
9.92,3.26,-7.88,1.61,-0.55,0.09
11.38,4.00,-0.08,2.06,-0.75,0.13
9.45,6.63,5.41,1.48,-0.36,-0.03
9.30,6.39,-3.61,-1.65,0.10,-0.17
10.08,-3.96,-3.53,-1.20,0.05,-0.17
9.45,4.00,-0.43,-0.26,0.11,-0.06
8.51,-0.78,-3.69,-0.82,0.10,-0.02
9.49,1.77,-5.81,0.03,-0.00,0.16
9.02,3.96,-0.16,-0.01,0.02,0.10
8.63,1.06,-1.53,0.07,0.13,0.18
9.06,5.65,-3.80,-0.07,0.21,0.10
8.71,-0.27,-1.73,-0.57,0.30,0.08
9.45,3.30,-4.75,-0.12,0.36,0.12
7.92,1.73,-3.22,-0.23,0.30,0.08
9.38,0.47,-0.55,0.16,0.16,0.12
8.98,3.92,-4.00,-0.18,0.31,0.17
8.12,1.41,-2.98,-0.27,0.20,0.01
9.57,3.57,-2.00,0.18,0.15,0.19
8.87,5.53,-3.73,-0.36,0.15,0.21
9.69,0.75,-2.00,0.34,0.04,-0.03
10.43,4.04,-1.57,0.04,0.13,-0.04
9.26,-1.14,-2.59,-0.29,0.04,0.02
9.92,4.67,-3.33,0.54,0.03,-0.18
8.67,4.63,-0.90,0.01,0.06,-0.27
9.85,-1.57,0.12,-0.13,0.09,-0.38
9.41,0.90,-6.90,-0.12,0.19,-0.08
8.75,7.26,1.88,0.45,-0.06,-0.25
10.40,-3.30,-1.02,-0.21,0.20,-0.21
6.28,9.38,-6.35,0.47,0.25,-0.26
10.32,0.12,0.51,-0.02,-0.09,-0.54
8.24,3.88,-5.02,0.59,0.18,-0.50
8.83,0.67,-1.06,0.35,0.10,-0.31
8.79,1.65,-1.57,0.61,0.20,-0.06
8.75,-3.10,-4.71,0.24,0.14,0.20
9.34,4.08,0.78,0.66,0.23,0.39
8.43,2.63,-3.80,0.08,0.24,0.31
9.34,3.06,-2.47,0.17,0.10,0.30
9.92,6.04,-0.71,0.01,0.05,0.03
10.63,-3.22,-4.39,-0.09,0.08,0.11
9.65,8.75,-0.16,0.38,0.08,0.16
10.20,3.33,0.55,-0.64,0.29,-0.30
9.45,-3.18,-4.55,-0.54,0.48,-0.11
9.14,4.12,-1.88,-0.05,0.26,0.20
8.87,-0.51,-2.00,0.35,0.20,0.01
9.18,1.77,-2.90,0.34,0.27,-0.00
10.24,4.35,-0.35,0.03,0.21,0.05
9.57,-2.28,-3.30,0.50,0.08,0.09
9.45,3.73,-2.55,0.76,-0.01,0.24
8.20,9.38,-2.82,-0.13,-0.23,0.02
10.24,1.06,0.39,-0.04,-0.17,-0.39
8.47,6.75,-1.33,-1.13,0.04,-0.58
9.14,-3.73,-2.31,-1.08,-0.02,-0.55
8.67,0.24,-1.92,-0.08,-0.14,-0.27
7.61,1.29,-2.75,-0.02,-0.15,-0.13
9.34,3.14,-2.31,0.71,-0.26,-0.10
9.65,4.94,-1.29,0.34,-0.13,-0.06
9.38,-1.65,-2.43,-0.31,-0.08,-0.03
7.53,6.51,-4.43,0.36,-0.18,0.08
10.00,1.88,-2.51,0.31,-0.35,0.09
8.32,6.16,-2.16,-0.15,-0.37,-0.11
8.16,1.37,-4.24,-0.33,-0.41,-0.24
9.96,-5.73,-1.18,-0.10,-0.33,-0.20
7.45,3.22,-1.92,0.22,-0.13,0.14
9.73,5.18,-4.16,0.33,-0.23,-0.07
8.04,-1.77,1.29,-0.16,0.00,-0.03
11.81,3.84,-4.20,-0.11,0.44,0.20
9.06,2.75,-3.69,-0.51,0.46,0.04
10.47,-2.71,-3.80,-0.35,0.30,0.45
8.75,8.08,-4.82,0.04,0.28,0.54
9.49,5.06,-1.77,-0.06,0.27,0.30
9.85,-2.51,-0.35,-0.79,0.39,0.29
10.75,10.63,-6.28,-0.19,0.63,0.29
7.73,-4.16,-1.96,-0.99,0.50,-0.12
9.81,-5.57,-1.92,-0.13,0.40,0.21
9.53,12.75,-3.26,0.82,0.40,0.23
7.85,-0.27,-0.24,-0.64,0.11,0.02
10.24,-3.77,-5.06,0.94,0.07,0.20
7.02,10.63,-0.31,0.43,-0.23,0.11
10.28,-1.06,0.04,-0.68,0.06,0.05
10.28,4.47,-3.65,0.22,0.12,-0.06
9.10,4.39,-0.71,-0.38,-0.03,-0.25
10.20,-8.20,0.98,-0.26,0.02,0.10
6.71,10.36,-4.31,0.82,0.31,0.08
8.71,1.02,-1.06,-0.70,0.01,-0.30
9.14,-2.43,-0.27,-0.37,0.19,-0.26
8.55,-0.12,-2.31,0.02,0.26,-0.07
10.12,3.18,-3.73,-0.21,0.21,0.02
8.36,3.06,0.00,0.00,0.08,-0.21
9.92,-1.57,-5.45,-0.50,0.11,-0.07
8.83,7.41,-0.71,0.28,0.00,-0.10
10.94,1.57,1.29,-0.41,-0.09,-0.09
9.02,1.33,-4.31,-0.09,0.14,-0.03
8.47,4.55,-1.57,0.13,-0.05,-0.17
9.69,-3.65,-2.08,0.62,0.06,0.12
9.61,4.90,-1.96,0.30,0.13,0.16
8.98,1.37,-0.04,-0.17,0.16,0.05
8.90,2.16,-2.82,-0.24,0.34,0.17
9.49,3.57,-2.31,-0.38,0.20,0.13
9.53,0.27,-2.98,-0.29,0.18,0.06
10.12,6.20,-0.67,0.17,0.11,0.06
9.41,1.84,-2.39,-0.22,0.24,-0.10
9.38,-1.77,-3.26,0.21,0.19,-0.07
9.49,6.98,-0.39,0.62,0.11,-0.02
9.73,0.31,0.27,-0.24,0.18,-0.03
11.14,-3.65,-1.53,0.49,0.47,0.23
8.36,7.06,-4.28,0.30,0.39,0.23
9.02,1.61,-2.39,0.36,0.11,0.06
8.98,1.37,1.22,0.67,0.16,-0.07
8.67,5.45,-4.08,0.16,0.26,-0.07
9.49,0.47,-3.22,0.23,-0.01,-0.28
9.81,1.10,0.86,0.66,-0.04,-0.20
10.00,0.04,-3.61,0.42,0.04,0.04
8.04,7.53,-2.24,0.83,-0.17,-0.11
9.06,1.02,0.16,0.21,-0.23,-0.19
9.53,-2.12,-2.67,0.48,-0.08,-0.02
8.55,10.51,-1.49,0.63,-0.07,-0.06
9.57,0.12,0.12,-0.63,-0.13,-0.10
9.89,0.20,-2.71,0.65,0.00,0.17
8.79,5.10,-0.71,-0.14,0.04,0.38
9.69,4.71,-1.61,-0.08,0.06,0.26
10.24,-0.04,1.41,-0.58,0.21,0.08
9.57,1.22,-3.18,-0.27,0.33,0.15
9.49,2.71,-3.92,-0.53,0.25,0.13
10.28,-0.67,0.98,0.08,0.10,0.01
9.14,0.27,-0.98,-0.82,0.26,0.20
9.53,4.43,-4.55,-0.65,0.28,0.06
8.20,0.20,-1.57,-0.22,0.10,-0.01
9.85,1.18,-2.00,-0.53,0.08,0.08
9.10,0.94,-3.06,-0.30,0.06,0.09
9.49,2.75,-2.98,0.23,0.02,0.10
8.55,1.84,0.51,-0.41,-0.06,0.06
11.38,-2.04,-4.39,-0.58,0.05,0.11
8.00,4.43,-2.51,0.36,0.14,0.09
8.16,-0.78,-0.94,-0.37,0.11,0.20
10.98,0.78,-1.77,-0.00,0.13,0.18
9.77,0.78,-3.14,-0.03,0.15,0.16
8.59,2.71,-0.12,0.02,0.05,0.04
10.63,-1.22,-0.27,-0.26,0.24,0.02
9.85,2.86,-5.69,0.05,0.27,-0.05
9.30,-0.39,0.51,-0.40,-0.11,-0.02
10.28,2.63,-0.98,-0.17,0.18,-0.13
8.20,1.73,-2.51,-0.16,0.14,-0.20
9.73,-0.20,-0.16,-0.30,-0.05,-0.17
10.63,3.33,-0.82,0.13,0.05,-0.23
7.30,-1.29,-2.75,-0.29,0.10,-0.13
10.43,-3.41,-2.39,-0.06,-0.04,0.06
7.85,8.00,1.53,0.83,0.02,-0.01
9.49,-2.55,-2.75,-0.58,0.10,-0.00
9.77,2.28,-1.92,0.07,0.09,0.02
9.06,3.10,-0.43,-0.37,0.08,-0.16
9.92,-3.65,-2.82,-0.30,0.15,-0.13
9.34,3.92,-1.77,0.25,0.09,0.00
10.43,2.04,-0.63,-0.43,0.11,-0.11
9.45,0.75,-1.80,-0.22,0.25,-0.18
9.34,-0.24,-2.55,-0.41,0.09,0.03
10.87,4.55,-2.16,0.37,0.02,-0.14
9.26,1.26,0.27,-0.02,0.08,-0.25
9.85,-0.27,-2.43,-0.13,0.17,-0.10
8.98,3.06,-1.18,-0.08,0.12,-0.11
10.75,-0.24,-1.61,-0.08,0.10,-0.19
9.34,0.43,-0.55,0.29,0.15,-0.13
9.26,2.63,-2.00,0.15,0.08,0.07
10.04,2.63,-3.22,0.34,0.09,-0.11
9.10,3.33,0.27,0.41,0.03,-0.21
10.51,1.61,-1.65,-0.43,0.06,-0.05
9.96,3.96,-4.16,0.11,0.01,-0.19
9.22,1.29,1.33,-0.04,-0.10,-0.25
9.77,0.24,-1.88,-0.25,0.13,-0.05
9.18,4.16,-1.49,-0.01,0.07,-0.08
9.77,-0.04,0.39,-0.09,0.09,-0.05
9.57,1.33,-2.16,-0.35,0.18,0.11
10.00,5.53,-0.75,-0.20,0.09,-0.04
8.71,-0.08,-0.67,-0.29,0.14,-0.07
11.22,0.82,-2.31,0.01,0.12,-0.00
10.00,3.22,-1.14,0.28,0.09,0.06
9.81,2.47,-2.55,0.24,0.04,0.08
9.22,2.28,0.51,0.77,-0.05,0.03
9.10,1.37,-3.65,-0.31,0.13,0.15
8.67,3.92,-3.77,0.02,0.07,0.00
7.57,2.24,1.10,-0.08,-0.01,-0.17
9.14,-3.22,-2.35,0.12,-0.00,0.10
6.16,9.61,-4.90,0.00,0.02,0.04
8.71,-0.51,1.96,-0.60,-0.32,-0.24
8.75,1.61,-1.22,-0.18,-0.02,-0.08
9.06,6.79,-5.53,0.05,0.01,-0.19
9.02,1.45,2.51,-0.36,-0.21,-0.44
10.00,-3.22,-2.00,-0.25,0.08,-0.07
8.90,6.47,-3.96,0.30,0.13,0.03
8.00,1.18,0.12,-0.12,0.01,-0.12
9.81,-3.37,-1.96,0.03,0.11,0.11
8.20,5.73,-4.12,0.37,0.12,0.30
8.04,6.16,-0.94,0.26,-0.04,0.05
10.08,0.24,0.35,-0.31,0.03,-0.02
10.28,2.12,-5.18,-0.06,0.11,0.03
8.04,7.26,-0.24,-0.02,-0.17,-0.11
10.43,-3.14,-2.31,0.08,-0.01,-0.16
9.45,6.47,-1.37,0.58,0.01,-0.12
8.98,1.77,-2.63,-0.29,0.04,-0.18
10.24,1.06,-2.20,0.21,-0.01,-0.31
8.71,1.06,0.12,-0.14,0.07,-0.03
8.55,5.18,-2.75,-0.47,0.18,0.03
9.77,-1.22,-1.77,-0.02,0.10,-0.10
9.73,2.98,-1.65,0.19,0.12,0.07
9.38,4.20,-1.37,0.09,0.21,0.01
9.02,3.26,-2.86,0.05,0.19,-0.08
9.81,1.57,-1.18,0.01,0.14,-0.04
9.02,3.41,-3.41,-0.20,0.17,0.02
9.85,1.80,-2.51,0.33,0.04,-0.08
8.51,6.63,1.41,-0.13,0.05,-0.21
9.18,-4.04,-0.67,-0.69,0.21,-0.10
8.04,4.00,-5.33,0.14,0.30,0.09
9.22,2.71,1.33,0.27,0.01,-0.09
9.65,0.08,-1.10,0.29,0.23,0.10
8.71,6.83,-3.45,0.30,0.22,0.18
9.38,2.59,0.47,0.35,0.01,-0.03
11.22,-1.77,-3.14,0.07,0.09,0.16
8.71,6.51,-5.14,0.75,0.04,0.27
9.18,3.65,3.22,0.43,-0.21,0.09
8.87,2.35,-4.24,0.06,0.01,0.09
8.43,9.77,-2.28,0.19,-0.03,-0.13
8.24,2.51,2.51,-0.96,-0.07,-0.43
9.85,-4.43,-1.88,-0.53,0.11,-0.26
8.36,7.45,-5.96,0.08,0.19,-0.23
9.18,-3.57,1.65,-0.35,-0.02,-0.10
10.47,3.22,-1.26,0.59,0.25,0.01
7.53,3.61,-4.59,-0.38,0.28,0.10
10.51,1.96,0.63,0.39,0.00,-0.05
8.83,3.65,-2.04,0.41,0.14,0.10
8.94,7.49,-4.12,-0.16,0.09,-0.03
9.45,-0.47,0.71,-0.25,-0.13,-0.24
9.69,1.80,-2.98,-0.14,-0.03,-0.10
9.41,5.02,-1.96,-0.04,-0.01,-0.14
9.34,-2.16,0.86,-0.30,-0.06,-0.07
10.63,-0.04,-2.63,0.08,0.09,0.10
7.34,6.94,-2.82,0.04,0.13,0.05
10.32,-0.63,-0.08,-0.12,0.03,-0.06
10.08,2.79,-3.37,-0.01,0.17,0.09
9.26,4.55,-1.80,-0.28,0.05,-0.01
10.04,1.73,-1.53,0.23,0.03,-0.10
9.57,2.86,-2.08,-0.20,0.08,-0.04
8.43,2.04,-0.94,0.01,0.06,-0.02
8.83,2.51,-2.16,0.13,0.11,0.03
8.71,2.63,-1.65,-0.04,0.12,0.10
9.45,2.16,-1.18,0.10,0.08,0.08
8.87,2.94,-2.24,-0.01,0.18,0.16
8.79,1.53,-1.49,-0.12,0.15,0.18
9.38,0.27,-1.73,0.22,0.08,0.24
8.59,8.04,-2.12,0.29,0.07,0.03
9.73,-1.96,0.31,-0.51,0.01,-0.18
10.12,-1.10,-3.77,-0.25,0.15,0.03
7.85,5.14,-2.51,0.40,0.06,-0.03
9.69,0.16,0.51,-0.24,0.11,0.04
9.30,3.33,-3.37,0.13,0.21,0.09
9.22,2.86,-0.67,0.01,0.10,0.01
10.20,0.71,-1.18,-0.32,0.21,0.02
9.45,2.51,-2.71,0.04,0.20,0.08
9.38,3.30,-0.71,0.08,0.08,-0.07
9.18,0.12,-0.75,0.08,0.09,-0.03
8.79,3.10,-2.55,0.19,0.12,0.01
9.02,4.12,-0.31,0.07,0.04,-0.18
9.61,-0.90,-1.57,-0.20,0.06,-0.12
9.96,5.96,-3.57,0.11,0.03,-0.01
8.32,6.04,-0.04,-0.06,-0.09,-0.18
9.69,-1.02,-0.94,0.18,0.02,-0.06
9.30,3.65,-3.33,0.15,0.03,0.04
9.65,2.24,0.75,-0.13,-0.05,-0.00
9.49,1.84,-1.73,0.05,0.12,0.09
9.02,4.75,-2.63,-0.06,0.05,-0.01
9.38,-0.78,0.00,-0.17,0.05,-0.05
9.22,2.71,-3.73,0.15,0.13,0.14
9.02,6.75,-0.94,0.12,-0.00,-0.13
10.08,-4.31,-0.31,-0.37,0.04,-0.09
9.34,6.47,-3.57,0.11,0.17,0.13
8.67,4.16,-1.02,-0.08,0.04,-0.14
9.30,-0.35,-1.29,-0.04,0.01,-0.20
9.34,1.45,-3.14,0.02,0.10,-0.00
8.83,4.98,-1.41,-0.21,0.05,-0.04
10.04,-0.78,-2.47,-0.10,0.10,-0.01
8.36,5.14,-2.63,0.23,0.15,0.13
9.30,1.69,-1.69,-0.19,0.08,0.04
9.18,1.37,-1.10,0.24,0.09,0.05
9.34,5.02,-2.82,-0.07,0.08,0.03
9.41,2.51,-0.63,-0.32,-0.03,-0.18
10.36,0.90,-1.73,-0.22,0.01,-0.17
8.83,3.88,-2.98,-0.10,0.06,-0.17
9.49,1.92,-0.27,0.04,-0.05,-0.17
9.89,0.31,-1.84,-0.14,0.06,-0.09
9.06,4.82,-1.92,0.28,0.07,-0.02
8.79,2.35,-0.86,0.04,0.10,-0.09
9.06,1.14,-2.43,-0.09,0.11,-0.04
9.02,3.02,-1.10,0.07,0.08,-0.02
9.18,2.75,-1.37,0.00,0.09,-0.03
9.26,3.22,-1.77,-0.11,0.07,-0.10
9.57,0.67,-1.49,0.07,0.07,-0.05
8.63,5.14,-2.98,0.02,0.03,-0.07
10.32,2.79,0.00,0.19,-0.05,-0.15
9.41,2.31,-2.12,0.24,-0.00,-0.09
9.30,2.63,-2.43,0.06,-0.04,0.05
8.55,3.73,-0.27,0.26,-0.05,0.03
8.51,1.77,-1.14,0.05,0.07,0.06
9.30,2.82,-2.39,-0.17,0.15,0.09
9.06,1.22,-0.35,0.04,0.13,-0.01
8.71,3.69,-2.82,-0.03,0.18,-0.02
8.55,1.10,-0.71,-0.25,0.14,-0.03
9.89,2.08,-1.69,0.17,0.08,0.01
8.71,5.69,-2.43,-0.11,0.08,-0.16
9.38,0.00,-1.80,0.04,0.02,-0.16
8.83,4.63,-2.12,0.15,0.02,-0.08
9.10,2.47,-1.02,-0.13,0.00,-0.14
9.85,0.39,-1.33,0.27,0.06,0.00
8.75,4.75,-2.12,-0.11,0.09,0.09
9.34,1.37,-1.84,-0.26,0.10,-0.02
9.77,2.67,-1.57,0.26,0.11,0.01
8.87,3.84,-1.96,-0.41,0.10,0.02
9.34,2.08,-1.96,-0.06,0.08,-0.02
9.41,4.20,-1.02,0.19,0.05,-0.08
9.38,0.90,-2.28,-0.32,0.09,-0.06
8.94,4.04,-1.53,0.19,0.08,-0.06
9.26,1.06,-0.98,-0.08,0.07,-0.10
8.75,3.18,-2.63,0.04,0.11,0.01
8.79,3.65,-1.84,0.18,0.08,-0.04
8.67,1.88,-0.59,-0.03,0.10,-0.00
9.22,2.90,-2.86,-0.01,0.09,0.00
9.49,1.65,-0.59,-0.01,0.07,0.00
9.18,3.73,-1.61,-0.03,0.14,0.03
9.02,1.92,-2.20,-0.11,0.09,0.01
9.73,3.30,-1.06,0.11,0.05,-0.04
9.57,3.57,-0.90,-0.00,0.10,-0.04
8.94,2.39,-2.31,-0.17,0.10,-0.10
8.90,1.96,-1.26,0.07,0.08,-0.04
8.71,5.06,-1.22,0.02,0.12,-0.03
9.49,-0.24,-1.29,-0.06,0.11,-0.05
8.63,4.67,-2.79,0.16,0.14,0.03
9.22,1.69,-1.96,0.02,0.04,-0.00
9.10,3.45,0.12,0.40,0.07,0.04
9.22,2.16,-2.47,-0.19,0.14,0.10
8.98,5.30,-1.92,0.36,0.04,-0.03
9.14,1.33,-0.43,-0.28,0.03,-0.08
8.71,-1.49,-3.18,0.46,0.00,0.22
7.81,-1.49,-3.33,1.06,-0.23,0.50
7.06,0.51,-3.33,0.46,-0.38,1.12
7.06,4.86,1.26,1.73,-0.31,0.66
9.38,-5.02,-7.53,0.27,-0.03,1.15
5.81,9.45,-0.82,1.37,-0.42,0.40
9.10,-8.79,-3.22,-0.67,-0.37,0.72
8.04,10.24,0.82,1.02,-0.25,0.74
5.26,0.12,0.00,-1.50,0.08,0.72
8.87,5.61,-1.80,0.41,0.24,0.23
9.69,0.08,-0.71,-1.05,0.33,0.16
9.57,-0.78,-3.88,-0.04,0.46,0.10
10.55,0.47,-4.47,-0.51,0.31,0.25
11.53,-1.26,-5.26,0.07,0.23,0.16
8.79,2.51,-2.04,0.43,-0.07,0.34
9.81,1.73,-2.59,0.55,0.00,-0.03
9.26,1.61,-2.31,0.68,-0.01,-0.20
10.12,-2.31,-1.69,0.31,-0.11,-0.11
8.94,1.26,-2.90,0.81,-0.14,0.21
11.02,1.10,-1.84,0.60,-0.07,0.07
8.51,3.10,-1.96,0.36,-0.03,-0.17
9.92,0.08,-2.47,0.20,-0.05,-0.22
11.06,0.31,-2.43,0.09,0.01,-0.31
7.73,-0.86,-0.98,0.44,0.10,-0.26
11.30,-0.43,-3.88,0.62,0.10,-0.26
8.08,2.98,-2.47,0.52,-0.07,-0.37
12.28,0.27,-0.35,0.02,0.10,-0.44
8.20,0.08,-5.02,0.38,0.20,-0.43
9.81,1.96,0.04,0.10,0.12,-0.55
11.14,-0.82,-4.82,0.01,0.21,-0.51
8.16,0.67,-4.16,0.40,-0.10,-0.51
10.94,3.84,0.78,0.30,0.09,-0.51
9.92,0.24,-0.94,-0.02,0.38,-0.70
10.63,2.31,-3.65,0.14,0.64,-0.35
16.99,1.33,-1.84,-0.34,0.59,-0.34
6.24,1.80,-7.96,-0.09,0.33,-0.16
14.04,0.75,-6.16,0.27,-0.51,0.18
10.36,3.41,-2.00,0.35,-0.94,0.40
12.63,5.26,6.83,-0.34,-0.42,0.34
9.89,0.31,-3.57,-0.44,0.83,-0.03
9.53,1.06,-3.10,-0.09,0.76,0.09
9.41,-1.02,-7.65,-0.51,0.58,0.14
8.00,0.59,-3.92,0.39,-0.39,0.27
10.24,1.33,-0.78,0.07,-0.58,0.54
10.08,1.53,-0.27,-0.14,-0.28,0.51
8.55,0.35,-4.75,0.04,-0.04,0.44
9.10,3.92,-0.35,0.22,-0.33,0.44
9.22,0.51,0.51,-0.73,-0.10,0.39
10.90,0.12,-0.94,-0.09,0.34,0.10
8.59,2.28,-1.37,-0.29,0.64,0.12
8.12,-3.10,-9.89,-0.30,0.38,-0.03
9.38,5.18,3.14,0.37,-0.37,0.26
10.36,0.35,-1.18,-1.10,-0.02,0.09
8.83,-1.02,-5.77,-0.21,0.26,-0.12
7.65,2.16,-3.92,0.31,-0.11,-0.03
9.85,2.90,1.73,-1.29,-0.26,0.21
10.28,-1.77,0.47,-1.46,0.26,0.11
10.83,-1.02,-3.30,-0.45,0.79,-0.05
7.26,-1.14,-7.45,-0.18,0.33,0.25
9.22,-0.08,-4.24,-0.20,-0.56,0.47
10.51,3.33,3.57,-0.07,-0.51,0.37
9.89,0.31,-1.53,-0.46,0.34,0.08
8.55,1.37,-3.65,-0.02,0.37,-0.04
10.16,0.47,-4.39,-0.55,0.05,0.03
9.73,-1.65,-3.02,-0.25,-0.05,0.09
9.53,0.98,-2.04,0.10,-0.09,0.09
9.81,2.00,-0.71,-0.17,-0.11,0.01
10.04,0.63,-1.10,-0.79,0.14,0.02
9.89,-3.10,-7.30,-0.38,0.11,0.04
10.47,2.86,-0.08,0.22,-0.29,0.19
9.57,0.63,-0.04,-0.55,-0.09,0.32
9.69,-0.63,-3.26,0.11,0.27,0.02
10.00,0.94,-3.57,0.44,0.15,0.00
9.06,0.86,-1.10,-0.30,-0.14,0.10
10.47,-0.86,-2.20,-0.15,0.14,-0.03
9.61,0.51,-3.77,0.35,0.13,-0.21
9.81,3.57,-1.53,0.02,0.09,-0.27
8.75,-0.71,0.31,-0.49,0.15,-0.26
10.90,-0.12,-2.90,-0.38,0.36,-0.39
8.16,2.00,-3.57,0.27,0.39,-0.66
11.38,0.55,-2.08,-0.51,0.07,-0.52
10.32,0.00,-3.30,-0.38,0.19,-0.65
9.57,4.39,-0.08,0.24,0.04,-0.64
10.79,2.79,-4.16,0.03,0.09,-0.83
9.85,2.00,-3.73,0.26,-0.02,-0.99
7.65,5.81,2.31,0.31,-0.03,-1.10
10.87,-1.92,-7.92,0.46,0.31,-0.84
7.88,-3.06,-5.53,1.80,-0.02,-0.85
5.84,2.35,6.63,0.72,-0.21,-0.11
4.67,2.59,-4.00,1.45,0.33,-0.25
7.30,0.86,-3.10,-0.31,0.20,-0.19
8.43,3.53,-0.24,-0.57,0.04,-0.35
6.51,-1.41,-3.06,0.75,0.09,-0.09
8.55,3.88,-3.53,-0.14,0.13,0.31
10.36,1.22,0.86,-0.62,0.03,0.08
8.98,3.18,-6.43,0.29,0.19,0.17
9.81,9.89,-2.86,-0.77,0.02,0.19
9.85,1.14,-0.82,-0.94,0.02,-0.20
11.14,-1.33,-4.28,0.12,0.23,-0.40
8.98,2.63,-3.61,-0.81,0.28,-0.03
10.63,3.53,-0.82,-0.26,-0.06,-0.26
10.71,-2.31,-5.22,0.63,0.31,-0.10
6.51,7.02,-1.65,0.15,0.08,-0.03
10.59,-4.55,-0.86,0.40,-0.06,0.16
8.90,14.63,-6.79,0.65,0.19,-0.06
10.40,-8.16,3.26,-0.30,-0.11,-0.04
9.41,4.16,-7.18,0.85,0.22,0.25
7.02,9.49,-0.43,-0.49,-0.06,-0.07
8.83,-6.90,0.98,0.48,0.01,0.02
8.79,9.81,-7.92,0.49,0.18,0.10
9.30,1.06,1.45,-0.77,-0.11,-0.31
9.57,-1.10,-0.75,0.94,0.15,0.01
9.96,9.41,-8.20,0.02,0.28,0.27
8.79,5.45,1.22,-0.16,-0.09,-0.26
9.34,-2.20,-2.31,0.58,0.19,-0.10
9.73,3.57,-5.37,-0.37,0.14,0.20
6.63,5.65,0.43,0.02,0.00,-0.15
9.30,-0.75,-4.04,0.27,0.07,-0.06
10.08,4.00,-2.16,-0.52,0.08,0.20
9.81,4.47,-1.06,0.12,0.06,-0.06
9.14,2.16,-3.14,-0.21,0.07,-0.03
9.77,3.73,-1.37,-0.31,0.05,-0.07
9.26,2.55,-1.96,-0.16,0.09,-0.19
8.67,-1.10,-4.08,-0.44,0.08,0.00
10.24,7.34,-0.51,0.26,0.02,-0.03
8.90,0.00,-3.41,-0.40,0.11,-0.04
9.85,1.53,-3.65,0.30,0.05,-0.01
9.26,3.73,0.24,-0.06,0.00,-0.03
8.71,0.90,-4.16,-0.03,0.12,0.06
9.26,5.92,-1.80,0.19,0.04,-0.01
8.59,-0.43,-2.08,-0.22,0.06,0.06
10.12,3.14,-3.30,0.19,0.07,0.11
8.55,4.55,-1.77,-0.12,0.07,-0.00
9.41,0.86,-2.24,0.02,0.08,0.02
8.16,0.78,-3.18,0.09,0.09,0.11
6.04,-5.14,-2.12,0.06,-0.09,0.65
5.06,-5.14,-1.84,0.81,-0.12,1.89
7.65,14.16,-1.22,2.42,-0.04,1.07
5.10,-10.24,-4.24,-0.89,0.19,1.26
8.59,5.69,-2.94,0.23,0.22,0.62
10.28,-0.59,-4.39,-0.61,0.13,0.89
7.14,1.29,-1.57,-0.68,0.27,0.62
13.38,3.10,-1.45,-0.47,0.50,0.51
7.77,0.59,-3.77,-0.93,0.49,0.46
12.63,-0.16,-3.41,-0.21,0.47,0.27
8.12,2.35,-1.06,0.04,0.30,0.10
11.96,-1.41,-1.80,-0.21,0.19,0.45
8.12,2.86,-1.96,0.35,0.49,-0.01
10.43,-2.75,-7.10,0.31,0.25,0.11
7.37,5.22,0.24,0.99,-0.34,-0.05
11.34,0.16,-0.98,0.25,-0.29,-0.10
8.90,1.33,0.43,0.71,-0.23,-0.18
12.51,1.06,-2.24,0.25,0.19,-0.32
6.55,1.18,-3.53,0.30,0.08,-0.36
13.02,1.29,-1.65,0.70,0.00,-0.31
6.63,2.08,1.80,0.40,0.14,-0.55
11.96,-2.24,-2.20,0.31,0.14,-0.22
6.71,4.86,-3.49,0.60,0.09,-0.56
10.08,-1.06,-3.73,0.28,-0.32,-0.61
9.45,2.12,-0.39,0.61,-0.37,-0.72
10.16,1.53,-1.41,0.37,-0.24,-0.81
10.75,1.53,-0.55,0.12,0.01,-0.83
13.45,1.69,0.31,-0.11,0.19,-0.85
9.41,0.75,-2.90,0.11,0.64,-0.41
18.67,5.84,-2.28,0.02,0.67,-0.53
11.41,-2.16,-7.61,-0.34,0.18,-0.30
12.67,3.22,-4.12,0.30,-0.43,0.16
12.04,3.02,1.02,0.25,-0.55,0.43
10.59,2.79,-1.22,0.25,-0.32,0.52
7.96,4.39,0.98,-0.38,-0.02,0.41
11.69,0.12,-1.57,-0.31,0.42,0.30
5.92,2.82,-2.98,-0.10,0.50,0.32
10.20,3.33,-1.37,-0.57,0.33,0.23
8.71,1.61,-2.08,-0.63,0.26,0.19
7.57,-0.59,-4.86,-0.16,0.09,0.14
9.53,2.43,-1.84,0.06,-0.31,0.45
8.36,1.69,-1.06,0.02,-0.46,0.32
9.53,2.55,0.16,0.10,-0.28,0.12
10.16,1.96,0.08,-0.34,-0.11,0.27
9.77,0.04,-1.92,-0.63,0.24,0.20
9.02,1.33,-2.55,-0.33,0.25,0.32
9.57,-0.63,-5.77,-0.40,0.15,0.27
8.51,1.10,-3.33,0.47,-0.44,0.26
10.59,3.26,3.18,-0.17,-0.36,0.38
10.36,4.16,2.39,-0.64,0.25,0.18
9.38,0.55,-0.86,-1.00,0.98,-0.14
9.18,-2.79,-9.26,-0.39,0.73,-0.10
7.57,3.53,-3.22,-0.11,-0.19,0.02
11.81,-0.35,0.90,-1.08,-0.23,0.23
9.57,-0.98,-5.02,0.14,0.17,-0.17
7.06,3.53,-0.39,0.56,-0.09,-0.12
10.83,0.39,-0.78,-1.32,-0.26,0.41
8.94,-4.47,-6.86,-0.02,0.04,-0.12
10.12,6.75,4.12,0.79,-0.23,0.15
9.92,0.20,-3.10,-1.51,0.46,0.20
8.08,-2.98,-7.41,-0.23,0.36,0.04
9.26,3.45,-2.16,0.74,-0.01,-0.07
8.59,2.47,1.45,-0.77,-0.23,0.35
11.26,-0.82,-3.26,-0.42,0.32,-0.00
7.69,3.77,0.55,0.66,0.27,-0.19
10.47,0.82,-4.16,-0.77,0.21,0.18
8.75,-4.24,-8.47,-0.29,0.09,-0.06
9.49,2.28,-1.02,1.04,-0.33,-0.12
10.71,4.98,2.28,-0.52,0.00,0.11
9.18,-2.00,-0.08,-0.92,0.54,-0.13
10.36,-0.47,-6.28,-0.06,0.62,-0.27
8.83,3.65,-3.06,-0.20,0.17,0.05
9.92,-5.10,-5.26,-0.14,-0.11,0.13
10.20,5.37,2.71,1.04,-0.24,-0.05
9.81,2.00,-2.98,-0.04,0.04,-0.11
11.30,0.43,-1.65,0.10,0.06,-0.28
9.18,3.06,-1.37,0.21,0.10,-0.44
10.12,0.94,-3.33,0.20,0.05,-0.50
11.89,3.84,-1.80,0.48,0.15,-0.74
8.20,4.63,-0.39,0.14,0.10,-0.78
11.02,1.80,-1.49,-0.28,0.16,-0.90
10.59,2.71,-3.53,0.48,0.35,-1.18
9.34,5.26,-4.35,0.58,0.16,-1.25
6.86,-2.12,-4.94,1.13,-0.11,-1.15
9.38,-5.41,1.18,2.34,-0.34,-0.81
6.00,0.31,-0.43,0.94,0.16,0.02
5.61,4.94,-2.71,1.34,0.18,-0.14
6.86,1.14,1.26,0.59,-0.06,-0.30
9.34,-7.45,-2.20,-1.36,0.18,0.32
7.41,16.36,-3.33,0.40,0.16,0.20
10.00,-9.69,-1.53,-1.01,0.01,0.10
11.57,3.92,-3.61,0.18,0.17,0.77
8.75,12.08,-1.92,0.33,0.17,0.31
9.65,-3.84,2.59,-0.12,0.02,0.08
8.04,5.10,-8.98,-0.63,0.29,0.37
8.71,8.04,-0.20,-0.46,-0.16,-0.27
8.36,1.14,-0.35,0.36,-0.12,-0.38
9.02,2.00,-5.92,-0.86,0.03,-0.05
8.24,0.63,-2.00,-0.44,-0.14,-0.10
9.30,4.86,0.67,0.40,-0.11,-0.00
8.47,2.75,-4.55,-1.02,0.05,0.09
9.92,3.53,-1.88,-0.31,0.00,-0.05
9.45,1.02,-1.69,-0.37,0.02,-0.13
9.18,0.78,-4.31,-0.31,0.07,0.10
8.63,8.39,0.39,0.67,-0.08,-0.14
9.85,-5.10,-2.47,-0.46,0.01,-0.00
9.45,6.86,-6.20,0.15,0.10,0.34
10.24,4.67,0.51,-0.13,-0.21,-0.08
9.34,-2.04,-1.29,-0.23,-0.02,-0.04
9.22,0.63,-5.81,-0.02,0.11,0.17
7.69,8.71,-1.69,0.27,-0.09,-0.19
10.90,-3.69,-0.63,-0.74,-0.09,-0.02
9.22,7.14,-7.45,0.22,0.07,0.10
10.08,4.90,1.10,-0.24,-0.15,-0.31
10.12,-0.75,-3.33,-0.10,0.16,-0.23
8.98,5.14,-5.06,-0.19,0.12,0.02
9.49,2.20,-0.16,-0.03,0.06,-0.10
9.49,2.55,-4.63,0.18,0.19,-0.09
9.69,4.12,-0.71,-0.07,0.11,0.08
7.96,3.02,-2.71,-0.02,0.14,-0.11
8.98,-0.20,-2.86,-0.04,0.15,0.04
8.12,6.28,-1.41,0.27,0.14,0.17
8.24,7.02,-3.14,-0.51,0.07,-0.05
9.73,-3.22,-2.82,-0.44,0.11,-0.02
8.12,7.81,-2.55,0.14,0.16,0.04
10.16,0.78,-3.53,-0.26,0.10,-0.11
9.57,3.73,-0.94,0.15,0.08,-0.01
9.57,1.33,-2.82,-0.38,0.19,0.07
8.59,4.98,-2.94,0.14,0.16,-0.05
9.38,0.43,-1.92,-0.10,0.11,-0.04
9.34,5.53,-2.94,0.09,0.15,-0.03
9.14,0.59,-3.02,0.05,0.07,-0.07
8.94,4.43,0.27,0.35,0.10,-0.02
9.61,1.73,-3.65,-0.49,0.19,0.14
8.79,3.65,-2.98,0.11,0.09,0.03
9.06,2.39,-0.31,-0.25,0.05,0.13
8.55,5.26,-2.16,0.05,0.20,0.01
9.14,0.51,-2.00,-0.41,0.21,-0.12
9.10,-1.18,-2.59,0.14,0.16,0.13
7.96,3.69,-1.84,0.42,0.16,0.21
6.28,-6.86,-3.69,0.25,-0.01,0.75
1.61,-17.65,-9.53,1.32,-0.29,2.72
13.69,20.01,-5.96,5.00,-0.66,2.18
-0.27,-1.41,6.75,-3.47,-0.46,0.77
10.75,-6.00,-7.18,-0.14,0.92,0.17
0.67,2.98,-5.37,-0.04,0.03,0.28
13.49,-1.77,-0.94,-0.77,-0.05,1.14
6.12,3.02,-3.41,0.19,0.16,0.50
12.40,1.33,-2.00,-0.18,-0.06,0.51
8.83,0.94,0.35,-0.31,0.21,-0.04
11.69,0.16,-2.28,-0.10,0.29,0.11
8.12,2.39,0.35,0.50,0.53,-0.38
9.34,1.29,-1.02,-0.48,0.39,-0.59
10.47,-2.90,-6.08,0.75,0.54,-0.85
11.06,1.80,1.06,0.72,0.08,-0.55
10.90,-2.04,-2.98,0.27,0.26,-0.83
10.90,1.65,0.00,0.35,0.41,-0.55
9.02,3.33,-0.98,0.28,0.45,-0.73
10.00,-0.27,-2.75,0.26,0.35,-1.06
10.12,1.26,-1.49,0.54,-0.08,-0.66
10.67,1.37,-3.10,0.43,-0.09,-0.56
9.96,3.92,0.90,0.28,-0.16,-0.42
8.24,2.43,-2.71,0.26,-0.10,-0.46
9.61,1.37,-2.79,0.36,-0.19,-0.48
14.47,3.06,3.45,0.16,-0.19,-0.33
10.36,7.61,2.43,-0.14,0.61,-0.50
12.12,-0.47,-9.53,-0.76,0.53,-0.38
14.63,0.63,-6.83,-0.34,0.04,-0.07
10.71,4.82,-2.47,0.16,-0.89,0.34
14.83,3.02,3.69,0.02,-0.29,0.32
9.10,5.30,-0.24,-0.38,0.25,0.30
9.30,0.55,-4.04,-0.57,0.36,0.18
11.14,1.26,-2.00,-0.48,0.20,0.45
7.92,2.31,-1.77,-0.50,0.32,0.51
9.92,1.10,-3.18,-0.19,0.24,0.48
7.06,1.77,-4.63,-0.03,-0.18,0.39
10.08,1.92,-2.00,0.11,-0.36,0.32
8.55,2.51,0.31,0.08,-0.39,0.29
9.81,1.53,-1.37,-0.42,-0.18,0.18
9.69,1.88,-1.06,-0.24,0.02,0.22
8.16,1.10,-2.55,-0.30,0.15,0.08
10.20,1.53,-0.16,-0.10,0.18,0.08
8.87,1.10,-1.10,-0.53,0.25,0.08
10.59,0.00,-3.92,-0.24,0.35,0.12
7.69,1.84,-3.77,-0.18,0.06,0.25
9.61,0.31,-4.75,-0.19,-0.14,0.17
9.14,2.51,-0.35,0.03,-0.32,0.19
9.45,2.28,-0.63,-0.25,-0.01,0.01
9.10,1.41,-1.92,-0.12,0.01,-0.15
8.51,1.26,-1.33,-0.22,-0.00,-0.13
10.63,1.57,-2.08,-0.68,0.06,-0.06
8.59,-0.04,-1.88,-0.38,0.16,-0.13
10.47,2.63,-0.55,-0.18,0.24,-0.06
9.18,-0.43,-4.28,-0.61,0.31,0.07
9.73,2.31,-1.18,-0.21,0.08,0.14
9.89,0.51,-2.71,-0.47,0.19,0.22
8.90,1.33,-2.86,-0.15,0.13,0.12
9.61,1.18,-2.90,0.08,-0.10,0.05
10.90,2.55,-2.35,0.16,-0.04,0.07
7.88,1.41,-2.00,-0.08,-0.12,0.05
10.20,2.79,-1.02,-0.01,-0.09,-0.07
9.38,1.02,-2.20,-0.44,-0.01,0.00
9.14,1.33,-0.51,-0.12,0.07,-0.03
10.20,1.49,-0.35,-0.32,0.22,0.04
9.34,0.43,-3.88,-0.33,0.30,-0.02
8.94,-0.04,-4.47,0.05,0.04,0.03
10.20,2.71,-0.35,0.15,-0.19,0.09
9.18,1.45,-0.39,-0.25,-0.10,0.15
9.89,1.45,-2.31,-0.02,0.21,-0.09
9.22,2.51,-0.90,-0.23,0.09,-0.10
10.08,-2.00,-5.73,-0.47,0.13,-0.01
8.98,1.69,-0.51,0.39,-0.05,-0.07
9.96,3.73,0.35,-0.56,0.20,-0.01
10.36,-0.78,-4.98,-0.48,0.30,-0.09
8.55,2.24,-1.29,0.27,-0.01,-0.15
10.28,2.39,-0.31,-0.35,-0.05,-0.02
10.08,0.67,-2.51,-0.24,0.11,-0.15
9.18,2.31,-3.10,0.25,0.01,-0.24
9.30,0.51,-4.82,0.26,-0.21,-0.14
10.36,4.47,2.98,1.05,-0.32,-0.25
10.08,5.57,-1.14,0.44,0.22,-0.62
9.81,1.77,-4.75,-0.40,0.07,-0.78
10.16,1.41,-5.45,0.08,0.07,-0.86
7.10,6.32,1.45,0.93,0.09,-1.15
9.45,1.14,-2.20,0.02,0.02,-1.06
8.39,-4.00,-5.22,1.48,0.18,-0.91
8.00,-6.71,4.39,1.92,0.18,-0.51
6.98,1.88,-1.10,1.83,0.73,0.35
5.65,7.65,-2.59,0.35,0.38,-0.15
9.10,-7.49,1.88,0.00,0.25,-0.01
5.73,7.77,-7.57,-0.50,0.24,0.15
9.30,5.77,-0.86,0.37,-0.09,-0.32
11.69,-2.71,-1.06,-0.23,-0.08,-0.28
10.59,-2.71,-8.39,0.25,0.06,0.62
10.24,12.47,2.04,0.18,-0.22,0.04
7.81,-1.84,-0.90,0.24,0.07,0.17
8.08,5.61,-6.39,-0.69,0.17,0.27
8.16,1.92,3.65,0.04,-0.15,-0.04
9.45,0.27,-4.28,0.08,0.03,0.03
7.61,2.08,-2.90,-0.42,0.03,-0.05
9.53,-0.86,1.02,0.24,-0.07,0.02
9.96,5.26,-2.86,-0.05,0.06,-0.02
9.02,2.67,-3.84,-0.21,-0.05,-0.10
8.83,5.41,0.43,-0.57,-0.08,-0.03
9.96,-2.16,-4.86,0.09,0.08,-0.02
8.08,8.55,-1.80,0.17,0.02,-0.18
9.92,-5.92,-2.20,-0.60,-0.01,0.09
9.41,7.53,-3.45,0.66,0.09,0.01
5.57,6.32,-0.51,-0.36,0.05,-0.23
10.40,-8.32,-2.31,-0.35,0.02,0.03
7.85,10.47,-6.39,0.28,0.11,0.33
10.75,0.78,0.67,-0.35,-0.18,-0.17
10.00,1.26,-3.33,0.30,0.08,-0.09
8.71,7.69,-4.82,-0.20,0.06,0.09
9.92,0.00,-0.04,0.00,-0.17,-0.17
9.38,2.82,-3.49,0.08,0.04,0.03
8.94,1.77,-4.04,0.08,0.02,0.07
8.51,3.41,-0.27,0.44,-0.03,-0.06
9.53,-0.86,-2.86,-0.35,0.07,0.16
8.00,8.55,-4.31,0.48,0.03,-0.07
8.87,0.86,0.51,-0.33,-0.12,-0.19
10.12,-1.37,-4.55,0.16,0.11,0.16
6.32,12.98,-1.96,0.29,-0.00,-0.07
10.08,-5.45,0.00,-0.66,-0.06,-0.16
9.96,4.16,-7.41,0.05,0.22,0.08
8.43,5.81,2.00,0.03,-0.05,-0.21
9.26,-1.96,-4.98,-0.21,0.10,-0.06
8.51,6.51,-3.77,-0.09,0.14,0.04
10.28,0.08,0.20,-0.07,-0.02,-0.03
9.22,0.67,-5.37,-0.03,0.23,0.08
7.81,4.47,-3.65,0.10,0.07,0.03
10.00,3.02,0.47,-0.09,0.06,-0.04
9.02,0.43,-5.02,-0.24,0.16,0.01
8.32,6.51,-2.39,0.32,0.05,-0.12
9.65,-0.43,-0.47,-0.43,0.07,-0.08
9.49,3.18,-5.84,-0.05,0.21,-0.02
9.14,5.10,-0.78,0.15,0.06,-0.13
10.04,-0.51,-1.92,-0.31,0.19,-0.07
8.55,1.06,-5.88,0.15,0.25,0.09
6.94,-5.26,-3.53,0.49,-0.07,0.45
3.45,-9.89,-4.98,1.54,-0.25,1.90
10.24,20.01,2.16,4.27,-0.15,1.32
5.84,-8.08,0.82,-1.33,-0.31,0.74
7.22,-14.40,-9.57,0.11,0.62,1.10
5.18,6.90,-1.37,-0.53,-0.02,0.79
8.59,-2.35,-1.96,-1.72,0.17,1.12
12.40,9.57,0.47,0.17,0.48,0.37
7.53,-2.98,-7.02,-1.35,0.28,0.36
12.75,2.86,-4.16,0.15,0.24,0.27
6.94,0.27,-3.49,-0.46,0.08,0.01
11.53,-0.35,-0.35,0.55,0.10,-0.21
8.83,1.41,-1.92,0.29,0.26,-0.33
10.94,-1.10,-3.26,-0.05,0.21,-0.46
8.75,0.12,-3.69,0.56,0.08,-0.44
10.16,0.67,-3.14,0.42,-0.07,-0.49
9.18,2.04,-0.59,0.70,-0.19,-0.50
11.57,0.94,-2.08,0.26,0.01,-0.53
8.47,1.45,-5.10,0.25,-0.11,-0.38
11.38,1.33,-4.98,0.48,-0.23,-0.22
8.39,4.63,1.53,0.46,-0.13,-0.50
10.32,0.90,0.78,-0.09,0.10,-0.46
9.85,1.77,-4.71,0.12,0.41,-0.49
6.35,1.61,-3.53,-0.04,0.03,-0.44
12.04,-0.35,-7.06,0.39,-0.11,-0.26
7.49,5.18,1.61,0.38,-0.37,-0.30
10.47,3.14,0.35,-0.17,0.25,-0.54
10.51,1.41,-4.20,-0.50,0.37,-0.73
12.08,-0.55,-6.83,-0.10,0.22,-0.45
14.08,3.22,-1.49,0.24,-0.30,-0.13
11.10,3.18,-0.59,-0.10,-0.23,0.05
13.69,2.16,-3.22,-0.04,0.02,0.08
11.14,2.82,-2.67,-0.11,0.00,0.12
10.98,3.02,-2.35,-0.25,0.00,0.28
9.22,2.28,-0.82,-0.21,0.27,0.27
11.89,1.45,-2.08,-0.75,0.59,0.19
7.34,-0.35,-6.71,-0.37,0.51,0.22
10.20,1.33,-6.63,0.10,0.12,0.21
7.96,2.47,-1.26,-0.17,-0.37,0.39
9.10,2.47,-0.43,-0.15,-0.15,0.24
9.61,3.61,0.39,-0.08,0.00,0.17
8.12,0.59,-4.39,-0.58,0.23,0.15
9.22,0.78,-3.18,-0.36,-0.06,0.33
10.08,0.78,-1.92,-0.26,-0.03,0.41
8.00,3.30,-1.49,-0.20,0.15,0.34
9.96,1.10,-2.98,-0.30,0.21,0.25
7.81,3.02,-0.78,-0.30,0.26,0.08
9.49,1.53,-1.80,-0.92,0.51,0.07
8.36,-0.51,-6.59,-0.46,0.49,0.08
9.02,-0.08,-5.30,-0.06,0.15,0.11
8.32,2.59,-0.27,0.12,-0.42,0.25
10.79,1.73,1.69,-0.53,0.01,0.11
10.32,1.29,-1.22,-0.40,0.39,-0.06
8.28,0.27,-4.04,-0.32,0.50,-0.03
9.14,0.94,-2.00,-0.47,0.14,0.11
10.28,0.35,-2.12,-0.52,0.14,0.16
8.47,-2.24,-7.06,0.20,0.03,0.03
8.79,5.88,1.49,0.47,-0.49,0.12
9.81,0.04,-2.24,-0.72,-0.14,0.08
8.59,-0.31,-1.02,0.13,0.07,-0.14
9.38,2.67,-2.63,0.04,0.01,-0.03
9.38,-0.04,-3.37,-0.55,-0.03,0.08
8.51,2.39,1.22,0.04,-0.06,-0.02
10.16,0.94,-2.31,-0.51,0.23,0.09
8.47,0.43,-3.65,-0.30,0.25,0.00
9.81,1.14,-1.77,-0.01,0.02,0.09
9.10,1.53,-1.14,-0.11,-0.15,0.10
10.55,1.18,-2.31,-0.11,0.13,-0.05
8.67,2.35,-2.39,0.14,0.11,-0.10
10.00,2.55,-0.86,-0.46,0.11,-0.09
9.89,0.27,-2.90,-0.48,0.32,-0.22
8.47,1.06,-2.08,-0.28,0.19,-0.15
9.18,0.24,-3.77,-0.45,0.11,0.03
8.83,-0.43,-4.00,0.03,-0.05,0.11
9.85,3.88,0.75,0.04,-0.24,0.17
8.39,1.37,-1.45,-0.54,0.11,0.20
10.83,2.55,-3.57,0.36,0.33,-0.19
7.53,2.28,-1.02,0.03,0.16,-0.31
11.10,0.20,-2.31,-0.47,0.12,0.00
8.00,0.04,-3.10,0.03,0.09,-0.14
10.63,0.47,-4.08,0.01,-0.03,0.01
9.77,2.31,-2.82,0.21,-0.19,0.09
9.18,1.14,-0.12,-0.00,-0.11,0.04
10.43,2.35,-0.12,-0.03,0.10,-0.01
8.98,-0.31,-6.47,-0.05,0.23,-0.05
9.06,3.02,-1.69,0.45,-0.20,0.03
10.47,1.96,-0.04,-0.15,-0.13,0.09
9.61,2.67,-2.67,0.04,0.17,-0.14
9.49,1.80,-2.04,-0.01,0.14,-0.12
10.16,2.28,-3.22,-0.22,0.17,-0.24
9.61,0.43,-3.53,-0.19,0.07,-0.14
10.04,3.73,1.29,0.13,0.00,-0.17
10.12,1.06,-0.63,-0.64,0.15,-0.01
9.38,-1.53,-7.49,0.31,0.14,-0.02
9.38,6.51,-2.24,0.83,-0.29,-0.19
10.12,3.41,1.88,-0.20,-0.11,-0.26
9.14,2.31,-5.18,0.56,0.23,-0.58
10.08,7.69,-1.37,0.46,-0.14,-0.96
9.61,-0.35,-3.65,0.07,-0.06,-0.94
9.06,2.47,-2.79,1.01,0.00,-1.06
8.94,0.47,-2.98,0.59,0.06,-0.88
6.86,2.79,-1.29,0.32,0.00,-0.75
7.73,0.39,-0.16,0.41,-0.03,-0.45
5.41,2.08,-5.30,-0.27,0.24,-0.41
7.92,-0.08,-3.06,0.43,-0.04,-0.19
7.53,-2.67,0.94,0.22,-0.04,0.23
6.35,11.06,-2.28,0.42,0.20,0.35
9.77,-5.88,-4.35,-0.75,0.16,0.17
9.85,-0.27,-3.33,0.13,0.10,0.45
8.24,8.75,-2.51,-0.51,0.08,0.43
10.04,4.31,-0.31,-0.51,0.10,-0.12
11.26,0.00,-5.49,-0.82,0.18,-0.11
8.39,9.10,-3.77,-0.16,0.10,-0.24
11.10,-1.61,-0.63,-0.46,0.08,-0.43
10.04,-0.16,-4.79,-0.02,0.22,-0.17
6.90,7.10,-2.71,0.16,0.12,-0.11
9.02,-3.37,0.94,0.44,0.08,-0.01
8.79,6.71,-3.96,0.15,0.24,0.08
7.37,3.65,-2.04,-0.21,0.15,-0.04
10.63,-0.08,-0.27,0.02,0.07,-0.11
9.45,6.59,-4.79,-0.08,0.26,0.11
8.43,10.83,-4.04,0.31,0.11,-0.19
10.16,-5.37,-2.08,1.13,0.06,-0.03
10.51,6.90,-0.08,0.69,0.17,0.17
8.32,3.84,-4.12,-0.24,0.21,0.15
8.90,2.39,-1.65,-0.01,0.10,0.06
8.63,3.61,-1.53,-0.40,0.11,0.09
8.83,4.00,-2.79,-0.26,0.07,-0.04
9.30,1.57,-1.22,-0.14,0.03,-0.13
8.28,4.94,-2.20,-0.24,0.07,-0.05
9.26,2.82,-3.22,-0.52,0.00,-0.08
9.22,3.26,-0.75,0.01,-0.02,-0.13
9.77,3.33,-2.67,-0.36,0.12,-0.07
9.41,1.92,-2.39,0.04,0.15,-0.02
8.87,3.37,-2.47,0.11,0.16,0.11
8.12,5.37,-1.45,-0.09,0.13,0.12
8.90,2.20,-2.86,-0.16,0.09,-0.01
8.90,1.80,-4.31,0.04,0.06,-0.05
8.24,6.08,-0.51,0.23,-0.07,-0.14
9.89,-0.51,-1.14,-0.60,0.00,-0.05
8.63,3.84,-4.12,-0.25,0.16,0.04
8.79,4.98,-1.14,-0.14,-0.01,-0.09
9.34,0.98,-2.63,-0.29,0.07,-0.05
9.85,3.92,-2.31,-0.09,0.12,-0.03
8.98,2.16,-0.43,-0.04,0.15,0.02
9.41,2.67,-4.04,-0.25,0.23,0.13
8.55,3.65,-1.69,-0.03,0.14,0.03
9.22,1.49,-0.59,-0.09,0.15,0.04
8.79,3.26,-3.30,-0.22,0.28,0.14
8.71,3.10,-1.45,0.01,0.15,0.04
10.24,1.65,-1.80,0.36,0.16,-0.02
8.67,6.28,-2.47,0.21,0.13,-0.06
10.04,1.53,-1.96,-0.21,-0.02,-0.14
8.90,6.08,-1.61,0.04,0.04,-0.27
8.83,2.94,-1.33,-0.18,-0.01,-0.32
8.94,2.35,-2.00,-0.13,0.02,-0.29
8.32,0.90,-1.26,0.08,0.05,-0.11
8.55,4.59,-1.57,0.13,0.11,0.03
9.22,1.49,-1.65,-0.07,0.12,0.02
9.26,3.18,-1.65,0.15,0.15,0.16
9.02,6.43,-2.47,-0.11,0.14,0.06
9.45,1.92,-1.53,-0.07,0.04,-0.07
9.92,1.61,-3.10,0.08,0.09,0.11
8.47,6.51,-2.00,0.33,0.03,0.07
9.41,3.22,-0.90,0.03,-0.00,-0.05
9.14,2.67,-2.08,-0.10,0.07,-0.03
8.83,3.73,-2.86,-0.29,0.09,-0.06
8.79,3.96,-1.33,0.05,0.07,-0.15
10.16,1.61,-2.24,-0.32,0.14,-0.10
8.43,1.80,-1.96,0.05,0.15,0.09
8.94,4.47,-1.77,0.38,0.20,0.13
8.16,-2.08,-3.10,0.28,0.21,0.31
6.90,-4.28,-2.79,0.98,0.04,1.17
6.16,-3.77,-5.22,0.53,-0.03,2.27
9.38,20.01,2.90,3.91,0.07,0.73
3.77,-12.79,-1.41,-3.87,0.36,0.93
12.67,5.02,-6.83,-0.51,0.29,-0.09
2.82,-1.61,-2.28,-0.60,0.08,0.41
14.36,0.90,-2.35,0.72,-0.03,0.76
6.39,5.02,1.18,0.78,0.05,0.24
12.47,0.75,-2.67,0.05,0.19,0.42
8.28,2.04,-0.31,-0.38,0.35,0.09
11.26,-2.00,-3.41,-0.10,0.30,0.35
9.53,3.65,-0.12,0.41,0.19,0.09
8.83,-0.75,-2.39,0.08,0.18,0.39
10.36,2.55,-0.63,0.40,0.25,-0.03
7.65,2.12,-0.67,0.34,0.17,-0.09
11.18,0.39,-1.29,0.16,0.19,-0.20
8.32,0.78,-0.35,0.38,0.03,-0.11
10.75,2.71,-0.98,0.63,0.11,-0.30
7.45,-0.98,-7.37,0.37,-0.24,-0.43
10.79,0.12,-1.26,1.02,-0.79,-0.15
9.96,3.30,0.24,1.11,-0.71,-0.30
10.40,1.69,0.20,0.76,-0.62,-0.17
9.38,2.71,-3.02,0.64,-0.46,-0.39
9.57,2.47,4.08,0.25,-0.42,-0.36
10.47,2.43,-0.63,-0.02,0.25,-0.47
9.18,1.18,-4.82,-0.13,0.44,-0.84
9.81,-0.63,-5.88,0.03,0.24,-0.79
9.10,0.71,-4.82,0.78,-0.33,-0.44
10.98,3.57,0.35,0.19,-0.42,-0.52
12.08,2.71,-2.51,0.04,-0.16,-0.51
11.02,2.55,-4.86,-0.05,0.08,-0.33
16.32,3.30,-3.77,-0.23,-0.11,-0.11
11.26,2.08,-4.63,-0.43,-0.20,0.10
11.85,3.61,-1.06,-0.20,-0.14,0.34
10.94,3.88,0.39,-0.08,0.21,0.26
8.98,2.12,-1.53,-0.61,0.70,0.11
11.10,-0.51,-6.67,-0.43,0.78,0.20
7.26,1.26,-5.65,0.03,0.24,0.33
10.63,1.77,-2.16,-0.24,0.01,0.63
8.75,2.63,-1.61,0.10,0.02,0.36
8.16,1.06,-3.65,0.11,-0.11,0.35
9.53,3.45,0.08,0.07,-0.16,0.32
9.38,1.06,-1.84,-0.60,0.06,0.39
7.73,0.16,-3.65,0.29,0.07,0.20
8.90,4.90,1.53,-0.38,-0.05,0.20
10.16,-2.71,-4.86,-0.93,0.14,0.20
8.67,3.57,-0.16,0.32,0.27,0.14
9.41,0.63,-5.02,-0.63,0.26,0.22
8.83,-0.04,-3.73,-0.27,0.12,0.16
9.06,1.88,-1.49,-0.05,0.00,0.32
8.98,1.22,-0.35,-0.31,0.04,0.30
8.47,1.33,-1.92,-0.33,0.26,0.19
9.22,0.98,-4.04,-0.13,0.17,0.15
8.79,1.26,-3.18,-0.14,-0.06,0.11
9.73,0.27,0.08,-0.36,-0.10,0.21
9.22,-0.31,-2.82,-0.13,0.03,0.15
8.83,2.35,-1.49,-0.18,0.06,0.04
10.55,1.84,0.98,-0.67,0.22,0.11
8.43,-2.59,-4.55,-0.92,0.60,-0.01
9.65,-0.39,-4.63,0.26,0.26,0.13
8.55,1.65,-3.41,-0.14,-0.07,0.22
9.96,0.24,-0.12,-0.39,-0.20,0.28
9.41,0.39,-2.98,0.05,0.12,0.01
9.02,1.77,-1.77,-0.16,-0.02,0.04
9.69,0.63,-0.59,-0.60,0.05,0.10
8.94,-2.12,-6.04,-0.24,0.23,-0.15
8.00,0.59,-4.35,0.34,-0.01,-0.01
9.65,1.65,-0.20,-0.36,-0.27,0.15
9.41,-1.06,-2.35,-0.21,-0.01,-0.11
8.98,1.33,-1.26,0.22,0.03,-0.14
10.28,1.73,-1.45,-0.59,0.07,0.00
9.26,-1.96,-2.20,-0.85,0.23,0.05
10.75,0.00,-4.59,-0.41,0.17,0.14
8.00,2.67,-0.63,-0.16,0.13,0.13
9.49,1.57,0.55,-0.35,0.26,0.13
10.28,0.31,-3.80,-0.56,0.42,-0.10
8.47,-0.27,-5.22,0.01,0.30,-0.18
9.89,1.45,-1.33,0.09,-0.17,-0.03
10.08,0.55,-0.24,-0.34,-0.12,-0.01
10.04,0.12,-1.45,-0.23,0.14,-0.02
8.63,0.08,-3.45,-0.05,0.17,-0.12
9.02,0.86,-2.75,0.07,-0.14,0.11
9.96,-0.63,-1.96,0.21,-0.13,0.02
8.90,3.80,-0.59,0.35,-0.03,0.02
10.16,-0.20,-3.02,-0.50,-0.02,0.03
9.14,0.90,-1.57,0.03,0.11,0.00
9.30,0.90,-2.47,-0.18,0.13,-0.04
9.69,0.78,-2.47,-0.16,0.02,0.13
9.81,0.82,-0.71,-0.26,0.04,0.02
9.45,0.27,-3.65,-0.24,0.19,-0.00
9.89,1.57,-3.84,0.01,-0.04,-0.00
9.89,0.27,-1.73,-0.05,-0.09,-0.04
10.40,0.00,-2.24,0.11,-0.04,-0.03
10.71,2.98,-0.78,-0.08,-0.01,-0.08
9.65,0.78,-1.88,-0.39,0.22,-0.27
9.89,0.47,-2.04,-0.25,0.22,-0.24
9.89,1.92,-1.29,-0.46,0.27,-0.25
10.20,-0.12,-3.84,-0.76,0.29,-0.10
9.26,2.55,-1.41,-0.08,0.27,-0.29
9.41,1.57,-2.39,-0.64,0.23,-0.26
10.75,1.14,-2.00,-0.35,0.22,-0.27
9.38,1.65,-1.45,-0.28,0.24,-0.29
10.04,2.12,-1.69,-0.50,0.21,-0.25
9.77,-0.43,-5.30,-0.26,0.19,-0.26
9.45,-0.51,-6.71,0.62,-0.05,-0.20
9.73,6.79,2.67,1.09,-0.60,-0.12
10.24,2.75,-0.12,-0.19,-0.12,-0.43
8.83,3.30,-3.61,0.28,-0.02,-0.45
9.22,5.22,0.27,-0.32,-0.16,-0.58
9.26,1.57,-2.31,-0.63,0.09,-0.77
8.75,1.10,-2.08,0.10,0.11,-0.64
8.32,4.63,0.08,-0.20,0.01,-0.68
8.20,-1.14,-4.12,-0.64,0.24,-0.46
7.77,5.41,-4.98,0.66,0.12,-0.58
8.36,1.77,3.37,-0.34,-0.25,-0.67
10.43,-5.22,-4.04,-0.18,0.24,-0.08
7.96,0.43,-6.83,1.20,0.47,0.37
7.61,16.44,5.18,1.75,-0.22,0.06
9.73,-5.02,-2.67,-0.97,0.33,0.05
9.18,3.84,-3.77,-0.25,0.21,0.28
7.81,7.92,-2.94,-0.47,0.01,0.28
10.40,-0.63,-2.51,-0.63,-0.05,-0.04
14.44,-2.94,-6.08,-0.99,0.25,0.14
5.53,5.41,-3.61,-0.18,0.28,0.16
14.08,0.90,2.79,-0.37,-0.04,0.11
8.87,3.06,0.63,-0.32,0.15,-0.06
10.94,4.20,-7.14,-0.43,0.07,-0.19
8.55,1.80,1.10,-0.20,-0.29,-0.47
9.18,0.24,-2.63,0.12,-0.13,-0.25
9.26,3.41,-0.63,0.45,-0.20,-0.25
8.71,2.51,0.78,0.48,-0.07,-0.13
8.71,-0.94,-1.45,0.03,0.13,0.12
7.92,4.98,-2.08,0.48,0.23,0.24
7.61,4.86,-4.04,-0.09,-0.01,0.30
9.10,0.71,0.12,0.18,-0.07,0.03
9.96,2.90,-4.16,0.00,0.03,0.26
9.49,7.41,-3.84,0.26,-0.06,0.20
14.28,3.73,-0.51,0.41,0.17,-0.17
-1.37,-0.35,8.83,0.06,-0.20,-0.25
13.45,-3.77,-1.84,0.58,1.10,-0.32
16.59,-2.63,-2.24,0.19,-0.24,0.00
-2.67,7.06,2.98,0.57,0.44,0.04
12.91,1.45,-11.57,-0.21,0.35,-0.33
6.47,-0.82,1.77,0.10,-0.56,-0.07
5.96,1.45,-1.61,0.30,0.53,-0.13
12.04,3.06,-4.24,-0.53,-0.16,0.22
8.28,0.82,-0.78,-0.27,-0.08,0.34
6.20,3.14,-1.65,0.79,-0.07,0.27
11.45,3.26,-1.22,-0.09,-0.23,0.14
7.92,0.98,-3.02,-0.07,-0.27,0.17
5.49,5.45,0.24,0.17,-0.25,0.13
10.87,3.41,-2.71,-0.40,-0.26,-0.07
7.65,0.04,-3.49,0.09,-0.33,-0.03
8.75,2.94,-1.41,-0.02,-0.19,0.00
7.53,3.45,-0.20,-0.52,-0.28,0.17
6.94,0.04,-4.08,-0.26,-0.15,0.25
11.10,2.63,-3.22,-0.27,-0.25,0.31
5.88,3.45,-2.55,-0.60,-0.19,0.24
9.89,-0.12,-2.79,-0.81,-0.29,0.21
8.71,1.88,-5.10,-0.47,-0.07,0.19
20.01,10.90,-18.36,-0.10,0.14,0.03
2.75,1.88,-7.49,-0.73,-0.43,0.11
6.75,-0.31,4.47,0.37,0.68,-0.38
8.28,3.14,5.92,0.23,-0.57,0.02
12.83,1.88,-0.63,0.66,0.39,-0.01
11.45,2.71,-5.69,-0.04,0.40,0.04
10.20,0.75,-5.18,-0.24,0.10,0.19
10.71,2.59,-3.61,0.71,0.21,0.26
7.41,0.94,-2.90,0.37,0.07,0.27
10.08,0.00,-3.49,0.66,-0.01,0.62
8.20,0.78,-2.28,0.90,0.06,0.60
9.89,2.31,-2.90,0.62,0.05,0.76
8.32,2.20,-2.98,0.45,0.22,0.69
9.38,3.41,-2.63,-0.07,0.20,0.60
9.34,1.61,-3.49,-0.42,0.18,0.42
9.41,0.55,-4.24,-0.44,0.28,0.22
8.94,0.82,-4.39,-0.39,0.14,0.09
8.51,-0.16,-3.84,-0.20,0.06,0.42
10.51,1.57,-3.77,0.22,-0.04,0.09
9.65,-0.51,-4.20,0.14,-0.11,0.09
9.10,-1.37,-4.55,0.39,-0.18,0.02
9.02,-1.57,-5.37,0.68,-0.24,0.16
9.61,-1.45,-4.24,0.67,-0.32,0.45
9.73,0.55,-5.45,0.44,-0.45,0.50
9.85,-2.16,-8.39,0.39,-0.53,0.71
7.53,0.00,-9.49,0.19,-0.41,0.63
1.49,-3.37,-8.39,-0.10,-0.66,0.52
3.80,-0.82,-8.12,0.73,-1.06,-0.03
6.39,0.47,-11.89,0.92,-0.95,-0.47
1.33,-1.26,-18.36,1.08,-0.14,-1.30
-5.45,-2.55,-19.85,1.86,1.45,-3.02
-0.90,1.26,-15.10,3.69,3.16,-4.69
4.47,5.73,-10.51,4.99,4.58,-5.00
4.04,7.92,-4.59,5.00,4.99,-5.00
4.28,18.99,-2.39,5.00,4.75,-5.00
0.59,20.01,-1.49,3.65,4.09,-5.00
-2.35,20.01,3.33,0.97,4.15,-5.00
-4.47,20.01,4.75,-0.34,4.22,-5.00
-6.00,14.95,3.49,-2.58,3.21,-4.19
-4.47,8.08,6.00,-2.46,2.54,-1.54
-4.82,8.79,8.59,-1.58,2.23,-0.33
-4.08,8.71,9.61,-1.36,1.82,0.79
-3.26,7.18,7.69,-1.87,1.57,1.35
-3.10,6.20,6.04,-2.03,1.25,1.44
-2.55,4.20,4.90,-2.07,1.08,1.51
-2.51,3.26,4.63,-1.45,0.84,1.40
-2.08,3.37,3.53,-0.99,0.75,1.07
-1.73,4.59,2.98,-0.36,0.65,0.26
-1.53,6.16,2.79,-0.05,0.66,-0.59
-1.18,4.94,2.67,-0.01,0.68,-1.14
-0.55,5.96,3.22,0.75,0.54,-1.81
-0.51,8.90,3.10,0.97,0.37,-2.25
-1.96,12.04,3.57,0.65,0.43,-2.24
-2.24,9.89,3.06,-0.09,0.33,-1.77
-0.82,10.00,2.98,0.45,0.42,-1.60
-1.26,12.87,2.59,0.37,0.52,-1.33
-1.61,11.65,2.63,-0.14,0.83,-1.12
-2.39,9.73,2.12,-0.37,0.83,-0.99
-3.69,8.08,-0.24,-0.29,0.93,-1.22
-6.32,3.80,-0.75,0.21,0.73,-1.19
-4.75,6.98,0.55,2.23,0.10,-1.67
-3.77,11.49,1.84,2.52,0.42,-1.77
-5.41,10.47,-0.59,1.94,0.88,-1.74
-5.88,10.98,-1.53,1.86,1.08,-1.71
-5.57,17.02,3.61,1.12,0.89,-1.33
-7.88,10.04,3.37,0.90,0.29,0.13
-3.22,9.92,3.84,1.97,-0.59,0.24
-2.79,10.94,4.71,1.26,-0.33,-1.05
-6.55,11.85,1.69,0.17,0.13,-1.50
-9.18,4.98,-1.92,-0.36,0.18,-1.27
-7.45,7.88,-1.92,0.99,0.01,-1.69
-8.36,12.20,-1.41,0.77,0.16,-1.64
-6.35,8.75,-1.65,-0.35,0.35,-1.44
-4.28,9.06,-1.37,0.57,0.13,-1.74
-6.51,9.81,-0.47,0.48,-0.08,-2.01
-8.04,6.98,1.53,-0.22,0.02,-1.97
-7.73,3.77,-0.35,-0.46,0.30,-1.86
-6.83,5.02,-2.12,0.47,0.33,-1.62
-8.20,7.88,-0.43,0.51,0.22,-1.36
-9.53,4.35,-0.24,-0.58,0.10,-1.01
-8.79,2.51,-0.63,-0.57,0.41,-0.83
-9.14,4.79,-0.94,0.14,0.55,-0.71
-9.22,5.22,-0.86,-0.04,0.70,-0.48
-9.45,5.33,-0.71,-0.58,0.79,-0.49
-9.49,4.51,-1.33,-0.69,0.83,-0.56
-10.75,3.73,-1.29,-0.56,0.88,-0.75
-10.28,5.69,-0.75,-0.84,0.97,-0.93
-11.34,4.94,-1.45,-1.42,1.10,-1.13
-13.06,3.84,-2.86,-1.70,1.05,-1.50
-15.89,2.47,-2.67,-1.62,0.67,-1.15
-12.63,2.31,-2.79,-1.66,0.36,-0.75
-10.55,2.59,-2.75,-1.90,0.46,-0.09
-10.63,1.80,-2.67,-2.23,0.36,0.44
-10.16,2.31,-3.06,-2.32,0.03,0.75
-10.87,0.04,-3.61,-2.25,-0.20,0.99
-8.71,-0.24,-3.18,-1.32,-0.67,1.30
-7.53,1.57,-2.16,-0.25,-0.79,1.40
-7.41,2.94,-1.77,-0.08,-0.76,1.28
-7.81,3.37,-1.41,-0.32,-0.63,1.02
-7.34,3.37,-1.29,-0.44,-0.65,0.72
-6.90,3.33,-1.18,-0.27,-0.62,0.50
-6.35,3.88,-0.78,-0.03,-0.47,0.18
-6.16,4.43,-0.39,-0.06,-0.36,-0.07
-6.00,4.31,-0.39,-0.28,-0.26,-0.44
-7.53,5.14,-0.63,-0.44,-0.28,-0.81
-8.43,4.43,-1.22,-0.58,-0.45,-0.89
-10.47,3.45,-1.22,-0.29,-0.54,-0.86
-10.32,3.41,-0.71,0.49,-0.62,-0.72
-10.87,5.61,0.16,1.07,-0.53,-0.87
-10.67,5.45,0.78,0.91,-0.47,-1.01
-9.02,5.30,1.57,0.46,-0.19,-1.00
-7.81,5.37,1.73,-0.31,0.16,-0.77
-7.61,4.31,1.10,-1.00,0.31,-0.53
-9.81,2.20,0.75,-1.30,0.51,-0.10
-10.24,1.49,0.98,-0.78,0.32,0.29
-8.83,2.55,1.84,-0.14,0.22,0.54
-7.53,4.51,2.63,-0.24,0.36,0.69
-7.61,3.77,2.35,-1.17,0.50,1.05
-8.36,2.94,1.45,-1.26,0.61,1.09
-8.67,5.65,1.61,-1.08,0.53,0.95
-8.55,4.63,0.82,-1.22,0.53,0.67
-8.94,4.16,1.37,-1.15,0.53,0.28
-8.39,3.14,1.69,-1.07,0.47,-0.01
-8.16,2.63,1.18,-0.90,0.56,-0.02
-8.71,2.94,1.06,-0.78,0.64,0.08
-9.73,3.33,0.90,-0.76,0.61,0.11
-9.53,3.53,0.82,-0.66,0.57,0.11
-9.30,4.00,0.67,-0.52,0.65,0.16
-11.34,5.06,0.16,-0.43,0.79,0.10
-11.38,6.71,-0.16,-0.61,0.81,0.10
-11.61,7.22,-1.10,-0.98,0.99,0.09
-12.36,5.26,-1.57,-1.32,0.88,0.18
-8.79,3.14,-1.06,-1.26,0.71,0.54
-7.96,3.73,-0.75,-0.93,0.80,0.78
-7.96,3.53,-1.18,-1.05,0.68,0.90
-7.77,3.77,-1.73,-1.01,0.46,0.89
-7.65,3.96,-2.12,-0.72,0.41,0.83
-8.08,7.85,-2.04,-0.44,0.48,0.78
-8.12,9.18,-2.04,-0.97,0.63,0.56
-7.30,8.90,-1.73,-1.49,0.89,0.51
-6.71,10.16,-1.37,-1.68,1.14,0.62
-7.10,9.57,-1.33,-2.20,1.38,0.95
-7.34,9.41,-1.88,-2.55,1.37,1.22
-7.37,7.77,-1.53,-2.37,1.19,1.51
-5.77,11.02,-0.51,-2.00,1.25,1.47
-5.65,14.08,2.00,-2.86,1.39,1.22
-5.18,17.81,3.77,-4.63,1.35,1.13
-8.16,14.55,1.22,-5.00,1.02,1.06
-10.67,5.41,-0.82,-5.00,0.19,1.38
-10.32,1.61,-0.78,-4.67,-0.56,1.75
-8.51,1.96,0.35,-2.10,-0.94,1.86
-6.63,2.43,1.10,-0.33,-1.32,1.74
-4.75,5.22,2.24,0.52,-1.45,1.55
-4.04,6.67,3.10,0.85,-1.40,1.59
-3.18,5.45,3.77,1.02,-1.26,1.61
-2.55,8.04,3.18,1.80,-1.06,1.36
-2.43,10.83,2.55,1.71,-0.75,1.10
-3.33,8.94,1.84,0.92,-0.34,0.65
-5.33,7.10,1.06,1.32,-0.20,0.20
-5.84,7.41,1.49,1.57,-0.13,0.01
-4.39,5.57,1.96,1.56,0.01,-0.02
-3.18,5.49,2.00,1.89,0.14,-0.22
-4.75,7.14,3.37,2.10,0.28,-0.34
-2.79,7.77,0.71,2.36,0.25,-0.11
-2.39,13.65,2.51,0.98,0.45,-0.34
-3.49,8.04,1.10,-0.93,0.79,-0.55
-3.37,4.82,-0.16,-0.68,1.07,-0.64
-4.28,10.63,0.86,0.33,1.14,-0.65
-2.71,9.41,-0.43,-0.64,1.23,-0.68
-4.59,6.75,-1.41,-0.74,1.60,-0.89
-5.73,8.59,0.20,0.65,1.47,-0.94
-7.02,7.53,-0.31,1.06,1.14,-0.95
-7.02,8.83,-0.51,1.90,1.00,-0.96
-7.77,10.04,-2.75,1.56,1.18,-1.27
-8.16,9.06,-2.98,1.03,1.06,-1.70
-8.04,7.02,-1.37,1.39,0.68,-1.65
-9.81,7.02,-0.16,2.64,0.33,-1.34
-8.24,11.26,0.51,2.63,0.15,-1.16
-6.55,12.91,0.67,1.13,0.12,-0.99
-6.86,9.02,-1.80,-1.59,0.29,-0.69
-8.47,5.30,-3.53,-1.92,0.24,-0.63
-8.16,5.37,-3.41,-0.89,-0.11,-0.56
-7.45,5.73,-2.71,0.86,-0.37,-0.32
-5.02,9.10,-2.00,1.22,-0.20,-0.30
-6.32,8.83,-2.90,-0.02,-0.12,-0.17
-7.10,5.37,-3.80,-1.12,0.05,0.01
-7.41,5.73,-3.61,-0.55,0.17,0.01
-7.41,6.63,-3.14,-0.17,0.24,0.00
-7.92,7.88,-2.47,-0.31,0.32,0.03
-6.98,4.20,-2.51,-0.40,0.38,-0.06
-8.08,5.96,-2.28,0.17,0.44,-0.01
-7.92,6.67,-2.79,0.60,0.23,0.06
-7.41,8.87,-2.51,0.36,0.21,-0.20
-6.98,7.02,-2.04,-0.21,0.26,-0.33
-7.02,6.12,-1.53,-0.26,0.26,-0.26
-7.81,6.47,-2.28,-0.41,0.20,-0.25
-7.81,6.39,-2.67,-0.34,0.07,-0.33
-7.41,6.63,-2.59,0.12,-0.09,-0.35
-7.30,7.37,-2.08,0.38,0.05,-0.36
-7.85,7.10,-1.61,0.26,0.18,-0.30
-7.69,9.18,-2.04,-0.13,0.14,-0.26
-8.08,7.77,-2.24,-1.06,0.12,-0.33
-7.41,5.53,-2.24,-1.15,-0.04,-0.47
-8.79,5.73,-2.67,-0.67,-0.26,-0.59
-8.83,5.14,-2.39,-0.49,-0.52,-1.04
-8.94,2.82,-1.41,0.41,-0.63,-1.33
-7.88,5.18,-1.26,0.57,-0.46,-2.05
-9.38,7.53,0.59,0.09,-0.11,-1.80
-7.49,4.20,-0.71,-1.40,-0.09,-1.21
-9.26,3.14,-0.75,-1.06,0.09,-0.92
-9.06,3.30,-0.59,-0.36,0.22,-0.47
-9.18,4.63,-1.26,0.27,0.11,0.16
-6.67,2.67,-2.67,0.08,0.04,0.28
-10.59,1.49,-2.86,0.41,0.31,-0.76
-11.61,3.65,-2.43,0.58,0.20,-0.87
-5.73,-0.55,2.82,0.24,0.14,-1.15
-2.16,13.45,1.61,-0.57,0.37,-0.91
1.41,7.30,-5.02,-2.38,0.15,-0.61
-15.34,4.04,-3.45,-2.19,-0.27,0.67
-7.10,1.92,-1.41,-1.97,-0.30,-0.01
-4.86,5.14,-4.47,0.85,1.03,2.24
-6.00,4.43,-4.04,2.75,1.90,3.55
-13.18,12.20,-2.75,4.99,-0.28,5.00
-16.04,8.00,-0.78,4.76,-0.26,2.34
-12.51,11.30,-6.63,2.80,-0.22,3.20
-5.37,11.02,3.14,3.63,-0.03,-0.61
-5.41,7.22,-3.06,-0.60,0.17,-0.20
-7.26,4.16,-6.55,0.37,-0.16,-0.67
-5.30,4.24,-3.37,1.75,-0.26,-0.19
-7.30,7.10,-4.75,1.95,-0.25,0.02
-7.14,7.41,-0.82,1.43,-0.19,-0.23
-7.49,6.47,-3.57,-0.18,0.08,-0.22
-8.79,5.45,-6.55,-0.49,-0.03,0.13
-7.81,6.71,-3.80,-0.92,-0.08,-0.23
-9.02,7.14,-4.51,-1.59,0.16,-0.34
-5.73,2.39,-7.26,-0.29,0.25,-0.53
-6.04,4.75,-4.24,0.79,-0.12,0.26
-8.16,6.20,-3.73,1.46,-0.06,0.31
-6.16,9.38,-4.63,0.79,-0.11,0.44
-6.20,5.41,-4.75,-0.69,0.25,0.80
-8.79,6.20,-2.86,-1.01,0.19,0.40
-8.36,4.35,-5.65,-1.73,0.19,0.13
-6.47,4.47,-6.51,-0.40,-0.05,0.20
-6.39,3.80,-8.16,1.76,0.16,0.34
-6.63,5.22,-7.18,2.56,0.58,0.25
-4.67,4.35,-5.73,1.77,1.40,-0.37
-5.77,-2.24,-8.55,2.80,1.50,-1.63
-3.10,15.22,-1.45,5.00,1.28,-2.34
-16.24,10.16,-10.28,-0.75,1.72,-1.00
-3.96,12.04,-3.80,-1.89,1.09,0.37
-5.96,5.88,-7.61,-2.70,0.95,-0.25
-2.55,4.00,-10.16,-2.93,0.83,-0.08
-6.43,1.80,-11.73,-2.01,1.09,-2.06
-2.43,-0.31,-9.30,-1.42,1.38,-0.88
-5.49,0.63,-5.61,-0.03,1.34,1.75
-6.67,8.36,-6.79,1.82,0.44,2.19
-2.28,7.22,-9.73,3.14,0.28,2.48
-5.14,8.00,-8.79,3.17,1.00,2.34
-2.75,3.88,-9.69,1.30,1.10,1.41
-2.67,2.28,-9.85,1.62,1.11,1.08
-5.53,4.63,-6.67,2.76,0.70,1.22
-2.31,6.28,-5.37,2.37,0.54,1.39
-0.51,5.81,-4.43,0.62,0.62,1.00
-3.14,-2.90,-8.24,-1.04,-0.49,-0.16
-2.79,-2.28,-8.67,1.00,-1.17,-0.17
-2.63,0.78,-9.38,1.61,-1.15,-0.27
-4.86,2.08,-6.47,0.68,-0.62,-0.59
-5.88,-0.55,-7.96,-0.29,-1.02,-0.87
-5.61,-4.35,-13.02,0.38,-1.79,-0.04
-2.86,1.22,-9.41,2.42,-1.54,-1.00
-3.92,0.12,-9.65,-0.52,-1.80,0.44
-7.88,-0.16,-7.10,-0.20,-2.53,-0.01
-14.16,-2.35,-10.79,1.00,-2.11,-0.43
1.02,6.43,-9.61,3.82,-2.04,1.54
-9.81,-0.75,-9.57,0.31,0.09,1.77
-10.16,-1.65,-7.49,1.13,0.15,2.58
-6.32,2.39,-7.22,-0.38,-0.20,-0.01
-8.71,5.61,-6.04,-2.18,-0.13,0.24
-4.82,6.00,-8.16,-2.22,-0.49,1.47
-7.57,5.02,-8.20,-3.13,0.63,0.84
-7.57,-2.28,-11.26,-3.31,0.29,1.77
-5.06,-2.00,-7.69,-3.05,0.68,1.66
-5.65,2.90,-5.14,-0.05,0.24,0.73
-2.12,10.90,-11.10,-0.95,0.03,-0.44
-8.16,6.39,-6.24,-2.48,1.41,1.78
-7.65,0.78,-7.53,-2.13,1.10,1.30
-6.98,7.18,-5.92,-0.09,0.92,-0.35
-5.30,8.39,-8.32,-0.25,0.55,0.06
-7.22,5.22,-6.75,-0.77,1.08,0.53
-6.59,6.75,-6.67,-0.82,0.40,0.54
-5.06,7.06,-7.45,-0.80,0.24,1.17
-4.39,6.35,-6.90,-1.04,0.71,1.42
-2.39,3.69,-5.18,-0.17,1.16,0.68
-4.98,10.20,-5.65,0.65,-0.20,0.02
-3.37,6.20,-9.53,0.16,-0.53,1.14
-4.00,5.14,-6.32,0.41,0.46,1.57
-3.84,6.12,-4.67,0.60,0.24,0.86
-2.67,9.06,-7.53,0.76,-0.17,0.47
-4.90,3.02,-7.53,0.28,0.02,1.21
-1.73,1.10,-6.67,0.73,-0.11,0.46
-1.33,7.61,-3.41,1.39,0.69,-0.18
-4.28,10.16,-4.86,1.17,-0.18,-1.45
-0.24,8.00,-7.49,0.17,-0.19,0.24
-6.83,3.33,-5.10,-1.43,0.49,0.97
-2.43,3.10,-8.24,-0.35,-1.12,-0.42
8.63,8.90,-13.77,-2.52,-2.31,-3.43
0.04,16.32,0.51,-2.15,0.82,0.41
-6.20,1.84,-7.18,-3.48,0.11,3.51
-5.88,0.55,-7.02,0.93,-0.79,0.28
-0.47,10.87,-6.39,1.76,-0.45,-2.76
-2.82,13.10,-5.18,-0.28,0.81,-2.66
-4.75,7.81,-5.10,-1.08,0.54,-2.19
-4.00,5.84,-6.67,-0.94,0.79,-2.76
-6.04,8.94,-4.94,-1.73,1.36,-3.34
-8.71,14.83,-5.41,-3.81,-0.32,-0.78
-7.45,6.47,-7.10,-5.00,-0.57,0.27
-5.77,4.75,-7.69,-4.60,0.05,-0.02
-7.26,7.77,0.78,-3.21,2.25,-1.64
-8.12,15.77,0.24,-3.16,-1.27,-0.46
-9.10,9.57,-3.49,-4.64,-1.87,0.21
-2.47,5.92,-5.65,-2.79,-2.18,1.60
-2.04,4.43,-0.20,-1.31,-0.65,1.86
-2.00,7.77,1.06,-0.92,0.38,1.42
0.90,8.04,-0.43,-1.04,0.96,2.08
-2.67,12.24,-3.10,1.12,1.97,4.00
-5.88,11.34,-2.20,1.62,3.55,3.64
-7.61,9.45,-0.59,0.16,4.99,-0.21
-8.12,11.10,2.67,-0.23,3.61,-1.35
-3.14,10.75,1.61,-2.18,2.79,-0.25
-5.14,9.92,0.39,-1.88,1.60,2.36
-4.94,10.51,3.37,-2.22,0.45,2.89
-0.39,11.02,3.37,-3.23,0.05,2.32
-1.06,3.69,1.53,-3.21,0.46,2.42
-5.26,7.22,2.35,-1.01,0.02,1.77
2.51,9.41,5.92,-1.27,-0.73,0.89
3.18,5.96,5.61,-1.97,0.34,0.71
-3.45,5.26,5.73,0.78,1.13,1.35
1.92,12.43,4.55,1.57,0.95,-0.32
1.84,9.53,2.12,0.24,0.86,-0.53
2.63,9.81,3.77,-1.95,2.11,-0.62
-3.14,6.24,4.00,-3.00,1.88,0.11
-3.30,6.39,8.20,-1.67,0.46,0.14
-1.45,6.71,5.02,-2.08,-0.71,-0.26
1.10,5.57,6.79,-1.60,-0.65,0.42
-0.31,7.10,5.69,-1.37,-0.08,1.23
-0.35,4.43,6.75,-0.57,0.27,1.15
0.12,6.08,6.83,-0.15,0.28,0.91
-0.31,6.24,6.59,0.37,0.65,0.78
-3.41,0.55,7.37,0.23,0.73,0.67
2.20,7.73,7.49,0.59,0.00,-0.11
1.29,7.14,6.47,0.14,-0.00,0.10
-0.35,6.35,7.14,0.36,0.27,-0.13
-1.14,8.16,6.94,0.22,0.34,-0.74
1.02,8.36,7.92,-0.20,-0.03,-0.61
0.47,7.49,7.81,-0.76,-0.07,-0.55
2.16,7.41,8.04,-1.02,-0.06,-0.67
2.63,5.84,8.39,-1.03,0.31,-1.07
-0.47,5.88,7.73,-1.13,0.53,-0.77
0.20,6.04,8.39,-0.83,0.34,0.04
-1.53,5.14,7.88,-0.99,0.56,0.58
-2.39,5.61,8.39,-0.67,0.99,0.31
-1.53,5.41,6.94,-1.02,0.31,0.64
-1.29,4.28,8.24,-0.99,0.10,0.62
-1.77,2.98,8.36,-0.67,0.24,0.40
-3.61,4.75,7.85,-0.13,0.47,0.08
-3.73,5.96,7.96,-0.26,0.09,0.01
-1.18,4.28,8.36,-0.70,-0.76,-0.30
-1.14,3.33,8.55,-0.58,-0.46,-0.34
-1.92,4.24,8.36,-0.48,-0.20,-0.07
-1.84,5.02,8.32,-0.49,-0.38,-0.53
-0.35,4.24,8.71,-0.59,-0.70,-0.48
0.31,3.22,8.90,-0.60,-0.63,-0.30
-0.78,3.18,8.55,-0.41,-0.30,-0.51
-0.75,3.37,8.32,-0.29,-0.48,-0.75
1.22,2.20,9.14,-0.17,-0.15,-0.73
-0.35,2.94,8.55,0.11,0.05,-0.60
0.00,5.65,9.85,-0.29,-0.36,-0.86
-1.29,2.59,8.79,-0.47,-0.32,-1.15
-0.51,3.22,9.18,-0.18,-0.12,-0.71
-1.18,2.43,7.96,-0.30,-0.30,-0.48
-1.02,5.10,9.53,-0.22,0.08,-0.81
-0.63,2.98,8.51,-0.39,-0.09,-1.23
-0.39,2.75,8.83,-0.15,-0.21,-0.61
-0.71,2.71,8.90,-0.02,0.00,-0.49
-1.22,3.45,8.98,-0.27,-0.09,-0.57
-1.49,2.51,8.24,-0.12,0.27,-0.74
-1.73,1.22,9.53,0.20,0.76,-0.78
-2.20,2.79,9.22,0.24,0.96,-0.84
-1.02,2.55,8.83,-0.09,1.04,-0.81
-2.39,2.55,8.47,-0.39,0.60,-0.67
-1.57,3.30,9.81,0.19,0.57,-0.06
-2.24,3.26,9.89,0.34,-0.23,0.09
-1.65,2.71,9.22,-0.24,-0.37,-0.25
-2.59,1.49,9.77,-0.58,-0.04,-0.71
-2.51,1.49,10.24,-0.59,-0.15,-0.87
-2.59,-0.20,9.22,-0.43,-0.57,-0.97
-1.10,0.90,7.69,-0.17,-0.71,-1.24
-1.02,0.94,6.79,-0.11,-0.33,-1.18
-1.29,1.53,7.22,-0.02,0.56,-1.14
-0.39,2.71,7.49,0.28,0.70,-0.80
-2.12,2.63,7.57,0.69,0.61,-0.08
-2.28,3.88,9.69,0.24,0.68,-0.45
-2.79,3.84,9.38,-0.26,0.83,-0.67
-3.92,3.22,12.00,-0.06,0.42,-0.17
-2.35,2.04,9.06,0.17,-0.52,0.00
-2.31,2.63,8.87,-0.41,0.13,-0.64
-1.92,1.45,8.71,-0.65,0.39,-0.74
-1.49,0.43,8.47,-0.21,0.11,-0.37
-2.35,1.49,8.32,0.15,-0.17,-0.34
-5.96,3.73,12.79,-0.10,-0.18,-0.60
-2.55,2.00,8.98,-0.41,-1.07,-0.55
-2.12,0.39,9.92,-0.10,-0.89,-0.17
-1.88,1.10,10.98,0.03,-1.58,-0.34
0.00,1.69,7.26,-0.12,-1.70,-0.50
-0.78,1.41,9.89,0.35,-0.42,-0.13
-0.51,1.61,9.10,0.23,-0.47,-0.28
0.39,1.02,9.14,-0.07,0.21,-0.60
-1.37,1.02,9.96,0.03,-0.06,-0.75
0.12,1.37,8.55,0.27,-0.13,-0.66
0.24,1.88,9.02,0.09,0.04,-0.62
-1.22,1.26,10.04,-0.28,0.18,-0.83
-0.31,0.47,10.04,0.02,0.11,-0.82
1.10,1.57,8.75,1.14,0.61,-1.00
0.98,2.12,9.38,1.31,1.17,-1.30
-1.45,4.16,10.40,0.73,0.49,-1.33
0.16,2.35,9.53,-0.23,0.09,-1.66
-0.04,3.02,7.85,-0.26,0.17,-1.79
-0.08,2.67,7.30,-0.23,0.75,-1.91
-3.18,3.30,7.41,-0.97,0.49,-2.28
-1.65,1.10,7.22,-1.44,-0.74,-2.10
-1.61,2.90,9.10,-1.50,-1.00,-2.04
-3.06,-0.39,9.26,-2.49,-0.19,-2.57
-1.96,-3.45,11.06,-1.20,-1.04,-2.40
-0.67,-1.61,12.43,0.15,-0.09,-1.64
-3.65,-2.47,10.36,-0.04,1.81,-1.67
-6.59,-1.37,9.41,0.42,1.35,-1.43
-4.82,-0.20,8.75,-0.59,-0.77,-1.52
-2.86,-4.86,10.83,-1.45,-1.13,-1.20
-2.55,-2.98,12.32,0.21,-0.56,-0.13
-0.71,-1.29,9.22,1.23,1.15,-0.83
-2.08,-1.02,8.36,1.72,1.28,-0.94
-3.33,-1.49,9.18,1.31,0.51,-0.57
-2.39,-0.55,9.77,0.35,-1.28,0.35
-3.06,-0.43,10.32,-0.27,-2.54,1.12
-2.55,-1.26,10.20,-1.38,-3.20,0.81
-0.20,-2.59,9.53,-1.14,-2.61,-0.03
2.16,-3.22,11.34,-0.57,-0.97,-0.75
1.53,-2.79,11.53,0.14,2.15,-0.73
0.20,-1.61,12.20,-1.41,2.24,-0.29
0.04,-3.88,8.32,-2.35,1.80,0.07
-0.86,-5.02,5.37,-1.93,1.81,0.48
-2.90,-3.65,6.16,-0.66,1.42,0.62
-2.67,-3.02,7.65,-0.76,0.09,0.54
-0.71,-4.47,7.41,-1.20,-0.81,0.45
-0.90,-4.39,6.94,-0.74,0.15,0.62
-2.12,-4.47,7.53,-0.45,0.04,0.63
-2.31,-0.67,11.26,-0.52,-0.53,0.60
-1.88,-2.63,8.39,-1.63,-1.01,0.36
-1.26,-4.20,8.12,-0.86,-0.16,-0.25
0.04,-5.22,8.00,-0.88,0.24,-0.08
-1.33,-5.61,7.61,-0.93,0.58,0.27
-2.59,-4.67,7.34,-0.77,0.20,0.24
-2.94,-4.55,7.18,-0.63,-0.18,0.00
-2.75,-6.90,7.14,-0.40,-0.75,-0.25
-0.86,-7.85,8.36,-0.52,-0.27,-0.22
-1.69,-7.37,7.61,-0.45,0.12,-0.09
-1.92,-6.63,7.65,-0.13,0.03,-0.18
-1.10,-5.88,7.85,0.03,-0.39,-0.10
-1.69,-6.51,8.08,0.06,-0.25,0.09
-3.49,-4.59,7.57,0.07,-0.00,-0.24
-3.06,-4.31,7.30,-0.03,-0.58,-0.66
0.20,-7.41,7.49,0.24,-0.69,-0.77
-0.20,-7.22,8.36,0.34,-0.63,0.75
-0.90,-6.75,8.90,-0.06,-0.87,1.00
-0.16,-9.06,8.63,0.03,-0.33,-0.00
-1.22,-8.16,8.12,0.43,-0.64,-0.17
0.90,-4.98,8.28,0.26,-1.09,0.04
1.29,-5.88,7.73,-0.00,-0.90,-0.24
1.29,-6.24,6.47,0.16,-0.75,-0.63
1.65,-5.14,8.00,0.70,-0.92,-0.92
2.08,-3.77,8.32,0.65,-1.05,-0.83
1.65,-4.59,7.45,0.14,-1.21,-0.84
4.39,-6.59,7.22,0.53,-1.25,-1.24
4.94,-4.71,8.08,0.87,-0.75,-1.33
4.12,-4.08,7.85,0.71,-0.32,-1.02
2.51,-3.84,7.30,0.60,-0.20,-0.53
4.31,-3.84,8.32,0.96,-0.45,-0.44
4.63,-2.59,8.59,0.89,-0.10,-0.56
4.67,-2.82,8.32,0.63,0.38,-0.31
2.90,-3.14,8.71,0.53,0.72,-0.04
2.47,-3.84,8.43,0.63,0.58,-0.17
4.16,-3.30,8.90,0.69,0.64,-0.27
2.31,-2.59,8.87,0.52,1.11,-0.07
2.31,-2.79,8.51,0.41,1.01,0.12
3.26,-2.79,8.39,0.45,1.01,0.18
2.16,-2.24,8.51,0.37,1.40,0.24
0.90,-2.28,8.63,0.31,1.53,0.49
1.22,-2.08,8.28,0.24,1.52,0.93
1.18,-1.49,9.06,0.20,1.70,0.81
-0.43,-2.04,9.02,-0.08,1.94,0.99
-1.06,-2.24,8.90,-0.50,2.53,0.87
-0.35,-1.53,9.06,-0.81,2.55,0.83
-2.31,-2.47,8.47,-0.95,2.19,1.27
-2.75,-3.06,8.55,-1.03,1.85,1.59
-2.98,-3.30,8.16,-1.19,2.98,1.06
-5.18,-2.67,7.14,-1.09,2.82,1.07
-6.32,-3.88,6.59,-0.88,2.08,1.26
-7.81,-3.92,5.92,-0.35,1.26,0.90
-7.57,-2.63,5.88,0.04,0.40,0.18
-6.16,-3.02,6.86,0.06,-0.08,0.32
-5.84,-3.06,6.90,0.14,0.01,0.56
-6.98,-2.63,7.14,0.18,0.07,0.24
-6.98,-2.31,7.14,0.13,-0.13,0.03
-5.69,-3.02,6.86,0.13,-0.43,0.13
-5.02,-2.51,8.04,0.26,-0.14,0.44
-6.32,-1.33,8.04,0.02,0.39,0.41
-6.24,-3.10,7.22,-0.36,0.59,0.39
-6.20,-4.04,6.83,0.04,0.38,0.11
-6.20,-2.59,7.49,0.28,0.15,-0.11
-4.86,-1.77,7.73,-0.02,0.10,0.59
-6.86,-3.26,7.53,-0.23,0.33,0.59
-5.41,-2.51,6.83,-0.09,0.38,0.17
-5.81,-2.55,7.37,-0.13,0.63,0.42
-7.37,-3.30,6.75,-0.06,0.27,0.66
-7.77,-2.71,7.14,0.13,0.28,-0.07
-7.18,-1.37,6.79,-0.01,0.43,-0.17
-6.90,-2.28,6.59,-0.08,0.16,-0.15
-6.12,-2.90,6.98,0.13,0.10,-0.17
-6.75,-2.04,7.14,0.26,0.27,-0.12
-7.61,-1.29,6.55,0.01,0.24,0.23
-7.14,-1.73,6.32,-0.01,0.06,0.04
-6.32,-2.47,6.98,0.14,-0.16,-0.23
-6.71,-2.08,7.14,0.06,0.04,0.01
-6.83,-2.04,6.98,-0.06,0.04,0.27
-6.51,-2.20,7.02,0.01,0.07,0.19
-6.94,-1.57,6.90,0.03,0.26,-0.10
-7.10,-1.49,6.71,-0.17,0.20,0.02
-6.28,-2.47,6.28,-0.11,0.07,-0.02
-6.24,-2.31,7.22,0.10,0.13,0.12
-7.73,-1.61,6.67,0.03,0.45,0.03
-7.45,-1.69,6.39,-0.17,0.39,-0.06
-6.63,-2.79,6.79,-0.07,0.11,-0.12
-7.18,-2.00,6.79,0.06,0.20,0.03
-7.85,-2.12,6.43,-0.04,0.30,0.07
-7.10,-2.39,6.51,-0.07,0.20,-0.10
-6.51,-2.12,6.98,-0.04,0.13,-0.02
-7.18,-2.59,6.12,-0.10,0.30,0.06
-8.04,-2.04,6.16,-0.02,0.31,-0.02
-6.83,-2.43,6.39,-0.02,0.06,-0.00
-6.94,-2.67,6.67,0.03,0.18,0.05
-8.12,-1.96,6.16,-0.03,0.33,0.12
-7.85,-1.73,6.00,-0.11,0.03,-0.05
-6.94,-2.39,6.08,-0.10,-0.02,-0.14
-6.98,-2.67,6.16,-0.09,0.13,-0.08
-8.04,-2.08,6.00,-0.13,0.13,0.13
-7.22,-2.16,6.39,-0.13,-0.05,-0.05
-7.14,-2.75,6.32,-0.15,0.00,-0.14
-7.06,-1.88,6.63,-0.14,0.09,-0.04
-7.37,-2.55,6.55,-0.21,0.14,-0.30
-7.18,-3.14,5.57,-0.35,0.18,-0.40
-7.53,-3.26,5.77,-0.14,-0.11,-0.23
-7.37,-2.67,6.35,-0.01,-0.26,-0.33
-7.34,-2.55,6.51,-0.12,-0.26,-0.41
-6.75,-2.90,6.63,-0.16,-0.26,-0.49
-6.59,-3.37,6.43,-0.08,-0.22,-0.30
-7.14,-2.94,6.55,-0.01,-0.17,-0.32
-7.41,-2.59,6.83,-0.09,-0.26,-0.59
-5.88,-3.84,6.24,-0.08,-0.21,-0.87
-6.59,-3.69,6.51,0.01,-0.28,-0.71
-6.35,-2.90,6.63,0.03,-0.42,-0.82
-6.04,-4.12,6.79,0.04,-0.58,-0.92
-5.88,-4.31,7.02,0.15,-0.52,-1.00
-5.65,-3.96,6.94,0.15,-0.50,-1.00
-4.98,-4.59,7.34,0.18,-0.56,-0.92
-5.18,-4.59,7.49,0.21,-0.47,-0.93
-5.41,-3.88,6.90,0.16,-0.18,-0.85
-4.86,-4.08,7.41,0.08,-0.28,-0.72
-4.67,-5.22,7.61,0.02,-0.34,-0.73
-4.04,-5.22,7.88,0.00,-0.14,-0.73
-4.55,-4.86,7.06,0.02,-0.08,-0.71
-4.67,-4.00,7.10,0.04,-0.16,-0.77
-4.00,-5.65,7.65,-0.06,-0.25,-0.92
-3.30,-5.96,7.53,-0.06,-0.14,-0.64
-3.69,-4.98,7.57,-0.05,-0.11,-0.47
-3.69,-5.26,7.77,-0.10,-0.14,-0.38
-3.33,-5.88,7.37,-0.21,-0.01,-0.28
-3.73,-5.77,7.34,-0.13,0.04,-0.27
-3.18,-5.77,7.61,-0.09,0.03,-0.15
-3.69,-5.57,7.45,-0.19,0.08,0.16
-3.18,-5.88,7.45,-0.19,0.09,0.03
-3.41,-5.65,7.53,-0.10,0.18,-0.01
-3.37,-4.79,7.92,-0.28,0.25,0.18
-4.28,-5.84,7.14,-0.46,0.34,0.23
-3.69,-6.35,7.45,-0.30,0.20,0.05
-3.53,-6.39,7.14,-0.22,0.27,0.17
-3.77,-5.53,7.10,-0.18,0.21,0.31
-3.18,-6.20,7.22,-0.25,0.28,0.25
-3.88,-6.24,6.94,-0.21,0.45,0.22
-4.59,-5.92,6.59,-0.19,0.36,0.25
-4.28,-5.61,6.86,-0.26,0.27,0.41
-4.75,-4.94,6.86,-0.36,0.35,0.38
-4.75,-7.73,6.94,-0.50,0.41,0.43
-4.39,-6.71,6.35,-0.30,0.49,0.47
-5.14,-5.41,6.28,-0.34,0.49,0.62
-5.02,-5.18,5.65,-0.43,0.44,0.55
-5.77,-6.47,6.00,-0.44,0.49,0.46
-5.45,-5.69,6.20,-0.22,0.37,0.33
-5.06,-5.84,5.69,-0.32,0.42,0.45
-6.20,-5.69,5.45,-0.33,0.41,0.60
-5.02,-6.00,5.96,-0.27,0.26,0.30
-5.33,-5.69,5.73,-0.40,0.42,0.47
-6.35,-6.16,4.82,-0.37,0.41,0.52
-6.20,-6.24,5.84,-0.12,0.25,0.31
-6.63,-6.32,5.37,0.02,0.33,0.16
-6.32,-5.26,5.81,0.01,0.31,0.36
-5.53,-5.45,5.30,-0.04,0.31,0.19
-7.06,-6.00,5.10,0.05,0.20,0.16
-6.35,-4.63,5.84,0.09,0.05,0.17
-5.02,-4.94,5.41,-0.04,0.22,0.21
-6.86,-6.43,5.45,0.18,0.31,-0.15
-7.53,-5.73,5.22,0.36,0.21,-0.34
-5.69,-4.75,6.32,0.19,0.11,-0.32
-6.86,-6.39,5.02,-0.09,0.12,-0.21
-6.59,-4.94,5.65,-0.06,0.24,0.10
-6.16,-4.90,5.81,-0.26,0.19,0.14
-7.92,-5.81,4.00,-0.33,0.17,0.10
-6.39,-6.08,5.41,-0.03,0.24,-0.19
-6.32,-5.30,5.41,-0.14,0.29,-0.21
-6.55,-5.84,4.82,-0.39,0.62,0.18
-6.51,-5.33,5.26,-0.03,0.46,-0.18
-5.41,-6.55,5.37,0.26,0.25,-0.82
-5.41,-7.30,5.22,0.28,0.23,-0.76
-5.65,-5.69,5.53,0.38,0.32,-0.56
-5.37,-4.59,5.84,0.55,0.19,-0.78
-5.41,-4.75,5.22,0.54,0.11,-0.96
-4.71,-4.71,6.59,0.57,0.15,-1.71
-5.81,-7.45,5.10,0.07,-0.07,-0.90
-5.22,-8.79,4.94,-0.55,0.65,0.07
-4.67,-6.75,5.30,-0.37,1.02,0.73
-7.61,-5.61,5.37,-0.04,0.88,0.46
-7.65,-5.45,5.22,-0.21,0.47,0.68
-4.35,-7.69,6.28,-0.68,-0.02,1.11
-6.32,-5.45,5.18,-0.77,0.43,1.70
-8.36,-5.92,4.39,-0.72,0.54,0.64
-7.41,-6.12,3.88,-0.65,-0.12,0.51
-5.26,-6.28,4.86,-0.60,-0.73,0.34
-4.90,-6.16,5.18,-0.55,-0.53,-0.10
-5.45,-6.75,4.31,-0.49,-0.02,-0.60
-6.32,-8.08,4.04,-0.45,-0.21,-0.03
-6.32,-7.34,4.08,-0.40,-0.46,-0.07
-5.88,-7.22,4.71,-0.55,-0.40,-0.46
-7.14,-8.00,3.41,-0.80,-0.14,0.12
-7.53,-6.94,2.75,-0.73,-0.41,0.08
-6.71,-7.45,3.33,-0.67,-0.61,-0.62
-7.34,-7.49,2.86,-0.81,-0.62,-0.45
-7.02,-7.06,3.14,-0.85,-0.88,-0.60
-7.10,-7.85,2.86,-0.92,-0.62,-1.16
-5.84,-9.02,2.28,-1.19,-0.63,-1.05
-5.37,-9.41,2.31,-1.14,-0.62,-0.71
-4.98,-9.61,2.55,-0.84,-0.25,-0.66
-5.77,-9.30,2.35,-0.59,0.30,-0.39
-6.12,-7.81,2.39,-0.53,0.36,0.03
-6.32,-7.45,2.59,-0.54,0.40,0.12
-6.98,-8.28,2.12,-0.68,0.50,-0.02
-6.35,-9.57,1.88,-0.62,0.13,0.11
-5.69,-9.49,1.88,-0.50,0.06,0.09
-5.57,-8.71,1.29,-0.35,0.34,0.09
-5.65,-7.53,1.45,-0.35,0.32,0.23
-5.92,-8.00,1.26,-0.46,0.27,0.15
-5.96,-9.45,1.06,-0.43,0.14,0.08
-5.45,-8.39,1.22,-0.27,0.12,0.04
-5.73,-7.81,1.37,-0.30,0.11,0.07
-5.88,-9.10,1.33,-0.36,-0.01,-0.14
-4.98,-9.73,1.29,-0.19,0.09,-0.35
-5.26,-9.18,0.94,-0.09,0.29,-0.14
-6.12,-7.73,0.82,-0.09,0.32,0.30
-6.12,-7.77,0.86,-0.13,0.17,0.06
-5.69,-8.67,0.82,-0.08,0.15,-0.11
-5.69,-8.47,0.78,-0.04,0.09,-0.02
-5.65,-8.51,0.94,-0.10,0.05,0.02
-5.73,-8.90,0.75,-0.12,0.03,-0.02
-5.26,-9.49,0.82,-0.07,0.00,-0.11
-5.22,-8.94,1.02,-0.03,0.10,-0.04
-5.69,-9.22,0.86,-0.08,0.05,0.09
-5.49,-9.81,0.82,-0.06,0.08,0.10
-5.73,-9.18,0.82,0.04,0.16,0.10
-6.08,-8.55,0.90,0.02,0.12,0.07
-5.69,-8.94,0.63,-0.03,0.01,0.03
-5.41,-8.98,0.71,0.07,0.01,0.03
-5.45,-8.28,0.86,0.09,0.03,0.04
-5.41,-7.96,0.90,0.03,-0.01,0.06
-5.26,-8.63,0.94,0.01,-0.09,-0.02
-5.10,-8.67,1.37,0.05,-0.08,-0.09
-5.06,-8.43,1.37,0.02,0.01,-0.10
-5.37,-9.02,1.18,-0.01,0.07,-0.01
-5.49,-9.06,1.14,0.07,0.08,0.01
-5.37,-8.90,1.14,0.09,0.07,-0.07
-5.26,-8.90,1.06,0.03,0.12,-0.04
-5.41,-9.06,0.94,0.07,0.12,-0.04
-5.37,-8.79,0.98,0.07,0.13,-0.03
-5.65,-8.75,0.90,0.03,0.17,-0.01
-5.81,-8.87,0.82,0.01,0.13,0.02
-5.65,-8.94,0.82,0.05,0.04,-0.02
-5.41,-8.98,1.10,0.04,0.01,-0.05
-5.02,-8.87,1.29,0.05,0.04,-0.07
-5.14,-8.98,1.02,0.03,0.15,-0.05
-5.45,-8.71,1.02,0.01,0.12,0.06
-5.33,-8.71,1.22,0.07,0.10,-0.10
-5.41,-8.98,1.18,0.08,0.12,-0.09
-5.61,-8.83,0.94,0.07,0.12,0.04
-5.81,-8.55,1.06,0.09,0.04,-0.04
-5.37,-8.90,1.29,0.09,-0.01,-0.07
-5.30,-9.22,1.37,0.14,0.03,-0.09
-5.45,-8.87,1.14,0.13,0.11,0.01
-5.61,-8.67,0.90,0.13,0.03,0.06
-5.37,-8.90,1.26,0.17,-0.06,-0.14
-5.10,-8.94,1.37,0.22,-0.02,-0.18
